course_id,course_name,skill,difficulty,rating,duration_hours
0,PyTorch for Deep Learning,Deep Learning,Intermediate,3.5,10
1,Data Visualization with Python,Statistics,Intermediate,4.28,28
2,Deep Learning Fundamentals,PyTorch,Intermediate,3.08,16
3,Deep Learning Fundamentals,PyTorch,Beginner,3.52,19
4,Statistics for Data Science,SQL,Advanced,3.98,15
5,Statistics for Data Science,Statistics,Intermediate,4.09,16
6,TensorFlow Crash Course,PyTorch,Intermediate,3.99,9
7,Statistics for Data Science,SQL,Intermediate,4.23,34
8,Machine Learning Intro,Linear Algebra,Intermediate,3.34,18
9,Natural Language Processing,PyTorch,Beginner,3.49,10
10,Data Visualization with Python,SQL,Intermediate,4.1,7
11,Neural Networks,Numpy,Beginner,4.42,33
12,SQL for Data Science,Data Visualization,Intermediate,4.43,35
13,Python Basics,Data Analysis,Advanced,3.91,27
14,Natural Language Processing,SQL,Intermediate,3.0,16
15,Deep Learning Fundamentals,Pandas,Intermediate,3.14,19
16,TensorFlow Crash Course,Machine Learning,Beginner,3.31,30
17,Data Visualization with Python,Data Visualization,Intermediate,3.56,6
18,Pandas for Data Analysis,PyTorch,Advanced,4.12,25
19,Pandas for Data Analysis,SQL,Beginner,3.29,34
20,Natural Language Processing,TensorFlow,Advanced,4.63,30
21,Pandas for Data Analysis,Data Analysis,Intermediate,4.82,28
22,Machine Learning Intro,Python,Advanced,3.54,15
23,Data Visualization with Python,Data Analysis,Beginner,4.7,19
24,Computer Vision Basics,Python,Advanced,4.42,13
25,Data Visualization with Python,Machine Learning,Beginner,4.92,37
26,Python Basics,Machine Learning,Advanced,4.57,35
27,Natural Language Processing,Deep Learning,Advanced,3.13,31
28,Pandas for Data Analysis,Deep Learning,Beginner,3.48,21
29,Natural Language Processing,Statistics,Beginner,3.73,17
30,Statistics for Data Science,Data Visualization,Advanced,3.08,34
31,Python Basics,SQL,Beginner,3.78,38
32,SQL for Data Science,Data Analysis,Intermediate,3.68,34
33,PyTorch for Deep Learning,Data Analysis,Beginner,3.91,34
34,Statistics for Data Science,Statistics,Advanced,3.9,39
35,Data Visualization with Python,SQL,Advanced,3.73,28
36,SQL for Data Science,Numpy,Advanced,3.97,14
37,Statistics for Data Science,PyTorch,Intermediate,4.14,13
38,TensorFlow Crash Course,Data Visualization,Advanced,3.82,32
39,Statistics for Data Science,Deep Learning,Beginner,4.42,29
40,Statistics for Data Science,PyTorch,Intermediate,4.5,2
41,Statistics for Data Science,Numpy,Advanced,3.26,10
42,Data Visualization with Python,NLP,Intermediate,4.73,17
43,Natural Language Processing,PyTorch,Intermediate,3.4,22
44,TensorFlow Crash Course,Data Analysis,Intermediate,3.07,22
45,Numpy Fundamentals,Deep Learning,Intermediate,4.7,21
46,Machine Learning Intro,Python,Intermediate,4.56,31
47,Machine Learning Intro,Statistics,Intermediate,4.77,12
48,Statistics for Data Science,SQL,Intermediate,4.85,39
49,Pandas for Data Analysis,Pandas,Beginner,3.59,21
50,Advanced Python,NLP,Intermediate,4.3,7
51,PyTorch for Deep Learning,TensorFlow,Intermediate,3.83,28
52,Computer Vision Basics,TensorFlow,Beginner,4.33,24
53,PyTorch for Deep Learning,Linear Algebra,Beginner,3.6,19
54,TensorFlow Crash Course,Numpy,Intermediate,4.1,39
55,PyTorch for Deep Learning,PyTorch,Beginner,3.89,26
56,Deep Learning Fundamentals,Machine Learning,Beginner,4.95,29
57,Python Basics,Machine Learning,Advanced,3.06,37
58,PyTorch for Deep Learning,SQL,Beginner,4.59,7
59,Statistics for Data Science,Data Analysis,Intermediate,4.66,11
60,Natural Language Processing,Numpy,Intermediate,4.21,39
61,Pandas for Data Analysis,Data Analysis,Intermediate,3.5,24
62,Deep Learning Fundamentals,PyTorch,Advanced,3.0,9
63,Statistics for Data Science,Numpy,Advanced,3.54,34
64,Machine Learning Intro,Statistics,Intermediate,4.04,39
65,TensorFlow Crash Course,Computer Vision,Intermediate,3.59,12
66,Natural Language Processing,Deep Learning,Beginner,3.19,9
67,Numpy Fundamentals,Python,Advanced,4.6,2
68,Python Basics,Linear Algebra,Advanced,3.65,11
69,Machine Learning Intro,NLP,Intermediate,3.56,12
70,Data Visualization with Python,Linear Algebra,Intermediate,3.91,29
71,Pandas for Data Analysis,Data Visualization,Advanced,3.72,12
72,TensorFlow Crash Course,Linear Algebra,Intermediate,4.8,29
73,Neural Networks,Data Analysis,Beginner,4.77,9
74,Computer Vision Basics,TensorFlow,Intermediate,4.35,17
75,Advanced Python,Numpy,Intermediate,3.32,25
76,TensorFlow Crash Course,TensorFlow,Beginner,3.29,23
77,Deep Learning Fundamentals,Numpy,Advanced,4.62,32
78,Neural Networks,Data Analysis,Beginner,3.53,28
79,Natural Language Processing,Machine Learning,Intermediate,3.43,25
80,Deep Learning Fundamentals,Statistics,Advanced,3.38,9
81,Computer Vision Basics,Statistics,Advanced,4.39,39
82,Machine Learning Intro,Machine Learning,Beginner,4.58,14
83,TensorFlow Crash Course,NLP,Intermediate,4.49,27
84,Machine Learning Intro,Computer Vision,Beginner,4.66,13
85,Deep Learning Fundamentals,Python,Beginner,4.32,2
86,Natural Language Processing,NLP,Advanced,3.24,7
87,Natural Language Processing,Pandas,Beginner,3.71,33
88,Data Visualization with Python,Pandas,Beginner,3.76,23
89,Advanced Python,Numpy,Beginner,3.44,39
90,Deep Learning Fundamentals,Linear Algebra,Advanced,3.05,15
91,Data Visualization with Python,Deep Learning,Intermediate,4.17,20
92,SQL for Data Science,TensorFlow,Intermediate,3.82,39
93,Python Basics,Data Visualization,Beginner,3.47,38
94,Machine Learning Intro,Pandas,Advanced,3.58,32
95,Statistics for Data Science,TensorFlow,Advanced,3.55,36
96,Natural Language Processing,Deep Learning,Beginner,4.77,18
97,PyTorch for Deep Learning,Data Analysis,Advanced,3.32,15
98,Statistics for Data Science,Statistics,Beginner,3.15,34
99,Machine Learning Intro,Statistics,Beginner,4.21,22
100,Python Basics,Linear Algebra,Advanced,4.09,33
101,Computer Vision Basics,Data Analysis,Beginner,3.95,40
102,Pandas for Data Analysis,SQL,Beginner,3.13,37
103,PyTorch for Deep Learning,Data Analysis,Intermediate,3.38,31
104,SQL for Data Science,TensorFlow,Beginner,4.13,35
105,Natural Language Processing,Data Analysis,Advanced,3.21,22
106,Advanced Python,Data Analysis,Beginner,3.93,30
107,Machine Learning Intro,Numpy,Advanced,4.63,35
108,Numpy Fundamentals,Linear Algebra,Advanced,3.88,12
109,Statistics for Data Science,Machine Learning,Intermediate,4.78,17
110,Machine Learning Intro,SQL,Beginner,4.21,24
111,Data Visualization with Python,Pandas,Intermediate,4.14,37
112,Neural Networks,Pandas,Beginner,4.44,12
113,Data Visualization with Python,Linear Algebra,Intermediate,4.31,23
114,Pandas for Data Analysis,NLP,Intermediate,3.68,33
115,TensorFlow Crash Course,Pandas,Advanced,4.86,17
116,PyTorch for Deep Learning,Numpy,Intermediate,4.94,16
117,Advanced Python,NLP,Intermediate,3.05,21
118,PyTorch for Deep Learning,Computer Vision,Advanced,4.01,2
119,Natural Language Processing,SQL,Advanced,3.92,16
120,Numpy Fundamentals,Python,Beginner,3.47,14
121,SQL for Data Science,Linear Algebra,Beginner,4.27,34
122,Neural Networks,Pandas,Advanced,4.88,34
123,Natural Language Processing,Computer Vision,Beginner,4.74,24
124,SQL for Data Science,SQL,Advanced,4.24,28
125,Machine Learning Intro,Computer Vision,Advanced,3.64,36
126,PyTorch for Deep Learning,Pandas,Intermediate,3.04,14
127,Computer Vision Basics,Statistics,Intermediate,3.81,19
128,Python Basics,Linear Algebra,Beginner,3.76,5
129,Advanced Python,Deep Learning,Advanced,3.69,4
130,Python Basics,NLP,Beginner,4.2,21
131,Machine Learning Intro,Data Visualization,Beginner,3.48,4
132,Statistics for Data Science,Statistics,Intermediate,4.6,38
133,Neural Networks,SQL,Intermediate,3.41,37
134,Machine Learning Intro,Deep Learning,Intermediate,3.1,18
135,Data Visualization with Python,Data Visualization,Beginner,4.93,19
136,PyTorch for Deep Learning,Linear Algebra,Intermediate,3.98,23
137,Statistics for Data Science,Data Visualization,Beginner,3.8,18
138,Natural Language Processing,Deep Learning,Advanced,4.68,11
139,Numpy Fundamentals,Deep Learning,Beginner,4.44,8
140,Statistics for Data Science,Python,Advanced,3.21,19
141,Deep Learning Fundamentals,Statistics,Intermediate,3.37,24
142,Numpy Fundamentals,PyTorch,Beginner,3.51,3
143,Numpy Fundamentals,Data Visualization,Beginner,3.62,19
144,Deep Learning Fundamentals,PyTorch,Intermediate,3.28,19
145,TensorFlow Crash Course,Python,Beginner,3.16,25
146,Deep Learning Fundamentals,PyTorch,Advanced,4.0,2
147,Deep Learning Fundamentals,TensorFlow,Intermediate,3.05,19
148,Python Basics,PyTorch,Advanced,3.16,17
149,Pandas for Data Analysis,Python,Advanced,4.52,8
150,SQL for Data Science,Numpy,Beginner,3.63,12
151,Neural Networks,NLP,Beginner,3.07,12
152,Natural Language Processing,Deep Learning,Intermediate,3.14,21
153,Machine Learning Intro,Deep Learning,Beginner,4.06,37
154,Neural Networks,Python,Advanced,4.1,28
155,Statistics for Data Science,Machine Learning,Beginner,4.82,23
156,Neural Networks,Numpy,Advanced,4.88,38
157,Deep Learning Fundamentals,Computer Vision,Beginner,3.89,27
158,Data Visualization with Python,Data Analysis,Advanced,3.02,11
159,TensorFlow Crash Course,TensorFlow,Advanced,3.75,35
160,PyTorch for Deep Learning,Numpy,Advanced,4.87,31
161,Python Basics,Deep Learning,Beginner,3.84,35
162,TensorFlow Crash Course,Machine Learning,Advanced,3.62,5
163,Numpy Fundamentals,Numpy,Advanced,4.31,34
164,SQL for Data Science,Deep Learning,Intermediate,4.05,7
165,Pandas for Data Analysis,Data Analysis,Beginner,3.65,24
166,Computer Vision Basics,Statistics,Advanced,3.48,10
167,Advanced Python,Machine Learning,Intermediate,4.52,7
168,TensorFlow Crash Course,Statistics,Advanced,4.03,13
169,Pandas for Data Analysis,Computer Vision,Intermediate,4.6,21
170,Computer Vision Basics,Numpy,Intermediate,4.37,36
171,Computer Vision Basics,Data Analysis,Intermediate,3.67,12
172,PyTorch for Deep Learning,PyTorch,Intermediate,4.86,24
173,Numpy Fundamentals,Machine Learning,Intermediate,4.6,27
174,Natural Language Processing,Pandas,Beginner,3.24,22
175,Natural Language Processing,Machine Learning,Beginner,4.07,4
176,Pandas for Data Analysis,Numpy,Beginner,4.67,10
177,Deep Learning Fundamentals,PyTorch,Intermediate,3.27,6
178,PyTorch for Deep Learning,NLP,Advanced,4.49,3
179,SQL for Data Science,Numpy,Advanced,4.35,18
180,Deep Learning Fundamentals,PyTorch,Intermediate,4.87,32
181,Deep Learning Fundamentals,Linear Algebra,Intermediate,3.03,39
182,Neural Networks,Deep Learning,Beginner,4.61,35
183,PyTorch for Deep Learning,Numpy,Intermediate,3.62,9
184,TensorFlow Crash Course,Numpy,Intermediate,3.45,4
185,Python Basics,Machine Learning,Intermediate,3.1,36
186,Statistics for Data Science,Data Analysis,Beginner,4.21,14
187,Computer Vision Basics,TensorFlow,Beginner,3.13,35
188,Advanced Python,Data Analysis,Beginner,4.59,29
189,Deep Learning Fundamentals,Machine Learning,Advanced,3.8,4
190,Advanced Python,Statistics,Beginner,4.59,19
191,Machine Learning Intro,Data Analysis,Intermediate,3.92,4
192,Statistics for Data Science,NLP,Beginner,3.27,31
193,PyTorch for Deep Learning,Deep Learning,Intermediate,4.05,21
194,Python Basics,Data Analysis,Intermediate,3.08,15
195,Python Basics,Linear Algebra,Intermediate,4.67,36
196,Numpy Fundamentals,NLP,Beginner,4.45,5
197,Machine Learning Intro,Deep Learning,Beginner,4.93,17
198,Neural Networks,Deep Learning,Intermediate,3.06,38
199,Numpy Fundamentals,NLP,Advanced,3.83,16
200,Natural Language Processing,TensorFlow,Intermediate,4.06,40
201,Computer Vision Basics,PyTorch,Beginner,3.59,3
202,Machine Learning Intro,Python,Beginner,4.14,40
203,SQL for Data Science,SQL,Intermediate,3.29,32
204,PyTorch for Deep Learning,Data Visualization,Beginner,4.79,8
205,Advanced Python,Python,Intermediate,4.57,30
206,TensorFlow Crash Course,Computer Vision,Intermediate,3.89,28
207,Python Basics,TensorFlow,Beginner,3.36,24
208,Computer Vision Basics,PyTorch,Advanced,3.54,5
209,Neural Networks,Deep Learning,Intermediate,4.28,20
210,Computer Vision Basics,Computer Vision,Intermediate,4.83,38
211,Machine Learning Intro,Deep Learning,Intermediate,4.95,15
212,TensorFlow Crash Course,PyTorch,Intermediate,3.26,8
213,TensorFlow Crash Course,Linear Algebra,Intermediate,3.27,3
214,Pandas for Data Analysis,Statistics,Beginner,3.24,10
215,Pandas for Data Analysis,Computer Vision,Intermediate,4.73,27
216,Data Visualization with Python,Computer Vision,Intermediate,4.47,18
217,TensorFlow Crash Course,NLP,Beginner,4.57,39
218,Computer Vision Basics,Data Visualization,Intermediate,3.61,30
219,Machine Learning Intro,PyTorch,Intermediate,4.52,12
220,Pandas for Data Analysis,NLP,Advanced,3.78,36
221,Deep Learning Fundamentals,PyTorch,Beginner,4.32,25
222,PyTorch for Deep Learning,PyTorch,Advanced,4.36,33
223,Deep Learning Fundamentals,Numpy,Beginner,3.03,19
224,Natural Language Processing,Python,Beginner,4.41,23
225,Data Visualization with Python,PyTorch,Advanced,3.43,20
226,Natural Language Processing,TensorFlow,Advanced,4.7,14
227,Machine Learning Intro,SQL,Beginner,3.4,33
228,PyTorch for Deep Learning,Numpy,Intermediate,4.72,4
229,Computer Vision Basics,Statistics,Advanced,4.95,3
230,Natural Language Processing,Python,Advanced,3.89,39
231,Machine Learning Intro,Machine Learning,Intermediate,4.03,31
232,Python Basics,Machine Learning,Beginner,4.09,40
233,Advanced Python,PyTorch,Advanced,3.98,32
234,Python Basics,TensorFlow,Beginner,4.04,28
235,Statistics for Data Science,PyTorch,Advanced,4.03,26
236,Advanced Python,Deep Learning,Beginner,3.14,12
237,Pandas for Data Analysis,Data Visualization,Advanced,4.0,33
238,Data Visualization with Python,Machine Learning,Intermediate,3.25,38
239,Natural Language Processing,Computer Vision,Advanced,3.88,15
240,Pandas for Data Analysis,TensorFlow,Intermediate,4.44,11
241,SQL for Data Science,NLP,Advanced,4.65,8
242,Pandas for Data Analysis,SQL,Beginner,4.64,17
243,PyTorch for Deep Learning,Pandas,Advanced,3.3,36
244,PyTorch for Deep Learning,NLP,Advanced,4.52,40
245,Numpy Fundamentals,Deep Learning,Beginner,4.97,31
246,Natural Language Processing,Data Analysis,Beginner,4.67,10
247,Data Visualization with Python,NLP,Advanced,3.62,12
248,PyTorch for Deep Learning,Linear Algebra,Intermediate,3.45,27
249,SQL for Data Science,Data Analysis,Intermediate,4.07,13
250,Python Basics,Statistics,Beginner,3.82,17
251,Advanced Python,Machine Learning,Beginner,4.08,13
252,Deep Learning Fundamentals,Data Analysis,Advanced,3.38,25
253,Deep Learning Fundamentals,Computer Vision,Intermediate,4.63,29
254,Deep Learning Fundamentals,Data Visualization,Beginner,4.95,31
255,SQL for Data Science,SQL,Beginner,4.02,12
256,Neural Networks,TensorFlow,Advanced,3.33,29
257,Pandas for Data Analysis,Python,Beginner,4.06,17
258,Numpy Fundamentals,Linear Algebra,Advanced,3.13,11
259,PyTorch for Deep Learning,Data Analysis,Beginner,3.06,15
260,Deep Learning Fundamentals,NLP,Intermediate,4.21,2
261,Data Visualization with Python,TensorFlow,Advanced,4.67,19
262,Natural Language Processing,Pandas,Beginner,3.59,16
263,Deep Learning Fundamentals,TensorFlow,Intermediate,4.78,9
264,TensorFlow Crash Course,Data Analysis,Beginner,4.42,16
265,Computer Vision Basics,Data Visualization,Advanced,4.99,27
266,Computer Vision Basics,Pandas,Beginner,4.97,3
267,Deep Learning Fundamentals,Deep Learning,Intermediate,3.78,24
268,Machine Learning Intro,Deep Learning,Intermediate,4.02,40
269,Numpy Fundamentals,Numpy,Intermediate,3.89,14
270,Pandas for Data Analysis,PyTorch,Intermediate,4.64,35
271,Pandas for Data Analysis,Statistics,Advanced,3.39,33
272,PyTorch for Deep Learning,Linear Algebra,Intermediate,3.21,19
273,PyTorch for Deep Learning,Machine Learning,Beginner,3.2,22
274,PyTorch for Deep Learning,SQL,Advanced,3.02,3
275,Neural Networks,Deep Learning,Intermediate,4.05,4
276,TensorFlow Crash Course,Data Visualization,Beginner,4.32,36
277,Numpy Fundamentals,SQL,Beginner,3.72,38
278,Natural Language Processing,PyTorch,Intermediate,4.98,5
279,SQL for Data Science,Statistics,Beginner,4.55,12
280,PyTorch for Deep Learning,Numpy,Advanced,3.99,19
281,Neural Networks,Statistics,Intermediate,4.57,23
282,Machine Learning Intro,Statistics,Beginner,3.67,32
283,Machine Learning Intro,Pandas,Intermediate,3.13,27
284,Advanced Python,PyTorch,Advanced,4.34,21
285,Statistics for Data Science,PyTorch,Intermediate,3.92,12
286,Deep Learning Fundamentals,Numpy,Advanced,3.37,32
287,Advanced Python,Data Analysis,Intermediate,4.0,26
288,SQL for Data Science,Python,Intermediate,4.0,2
289,Advanced Python,Data Visualization,Intermediate,4.18,26
290,Deep Learning Fundamentals,Machine Learning,Beginner,3.59,25
291,PyTorch for Deep Learning,Numpy,Intermediate,4.65,21
292,Advanced Python,TensorFlow,Advanced,3.53,16
293,PyTorch for Deep Learning,Linear Algebra,Advanced,4.85,18
294,Statistics for Data Science,Python,Beginner,4.96,12
295,TensorFlow Crash Course,Data Analysis,Beginner,3.2,22
296,Deep Learning Fundamentals,Computer Vision,Advanced,3.67,2
297,Statistics for Data Science,Pandas,Advanced,3.95,23
298,Machine Learning Intro,Deep Learning,Intermediate,4.66,37
299,Data Visualization with Python,Statistics,Advanced,3.78,25
300,Natural Language Processing,Statistics,Beginner,4.65,18
301,Neural Networks,Linear Algebra,Advanced,3.3,26
302,Deep Learning Fundamentals,SQL,Beginner,4.35,7
303,Computer Vision Basics,PyTorch,Intermediate,3.01,28
304,Deep Learning Fundamentals,Pandas,Intermediate,4.58,35
305,Neural Networks,Computer Vision,Intermediate,3.55,16
306,Data Visualization with Python,Numpy,Intermediate,4.04,10
307,Computer Vision Basics,Statistics,Advanced,4.05,21
308,Natural Language Processing,Computer Vision,Advanced,3.69,39
309,Deep Learning Fundamentals,Data Analysis,Beginner,4.53,14
310,Machine Learning Intro,Numpy,Advanced,3.34,6
311,Machine Learning Intro,Linear Algebra,Intermediate,4.64,8
312,Data Visualization with Python,NLP,Intermediate,4.36,29
313,Computer Vision Basics,NLP,Beginner,4.8,26
314,Natural Language Processing,Python,Intermediate,4.4,39
315,Advanced Python,SQL,Intermediate,4.71,4
316,Statistics for Data Science,Linear Algebra,Intermediate,4.97,3
317,Deep Learning Fundamentals,Pandas,Beginner,4.67,39
318,Computer Vision Basics,NLP,Advanced,4.09,8
319,Machine Learning Intro,Numpy,Beginner,3.14,25
320,Computer Vision Basics,Linear Algebra,Intermediate,3.22,31
321,Advanced Python,Data Visualization,Intermediate,4.3,2
322,Numpy Fundamentals,Python,Beginner,4.38,32
323,Computer Vision Basics,Data Visualization,Advanced,3.35,14
324,Advanced Python,Deep Learning,Advanced,3.78,12
325,SQL for Data Science,Deep Learning,Intermediate,3.74,10
326,Computer Vision Basics,Statistics,Beginner,3.25,24
327,PyTorch for Deep Learning,TensorFlow,Advanced,4.59,16
328,Pandas for Data Analysis,Data Analysis,Advanced,3.29,31
329,Pandas for Data Analysis,Machine Learning,Advanced,3.58,12
330,PyTorch for Deep Learning,Numpy,Advanced,3.43,3
331,SQL for Data Science,Pandas,Advanced,3.43,7
332,Pandas for Data Analysis,Python,Beginner,3.54,37
333,Python Basics,TensorFlow,Beginner,4.79,6
334,Advanced Python,Pandas,Beginner,4.38,5
335,Computer Vision Basics,Data Analysis,Intermediate,3.48,34
336,Neural Networks,Linear Algebra,Beginner,4.54,39
337,Machine Learning Intro,Linear Algebra,Intermediate,4.42,39
338,Natural Language Processing,Data Visualization,Beginner,3.72,31
339,Neural Networks,Linear Algebra,Beginner,3.13,22
340,Computer Vision Basics,Computer Vision,Advanced,3.24,34
341,Natural Language Processing,Deep Learning,Intermediate,3.66,27
342,Numpy Fundamentals,Pandas,Beginner,3.51,27
343,SQL for Data Science,Deep Learning,Intermediate,3.57,27
344,Statistics for Data Science,Statistics,Beginner,3.04,27
345,Pandas for Data Analysis,Python,Intermediate,3.16,35
346,Python Basics,Data Visualization,Beginner,4.98,13
347,SQL for Data Science,Deep Learning,Intermediate,4.83,23
348,Python Basics,Python,Beginner,3.79,19
349,PyTorch for Deep Learning,Linear Algebra,Intermediate,4.48,7
350,Machine Learning Intro,Statistics,Beginner,4.73,9
351,Advanced Python,Data Analysis,Intermediate,4.52,30
352,Data Visualization with Python,Deep Learning,Beginner,4.13,28
353,Data Visualization with Python,Python,Intermediate,4.91,2
354,Python Basics,TensorFlow,Intermediate,4.8,13
355,Neural Networks,Python,Intermediate,3.95,18
356,Deep Learning Fundamentals,Numpy,Advanced,3.5,17
357,SQL for Data Science,Deep Learning,Intermediate,5.0,34
358,Statistics for Data Science,NLP,Beginner,3.64,35
359,Advanced Python,NLP,Beginner,4.62,12
360,Neural Networks,PyTorch,Intermediate,4.51,9
361,Numpy Fundamentals,Linear Algebra,Intermediate,3.55,39
362,TensorFlow Crash Course,Pandas,Beginner,4.58,37
363,Python Basics,Machine Learning,Advanced,3.75,18
364,Numpy Fundamentals,TensorFlow,Intermediate,4.74,20
365,Python Basics,Computer Vision,Advanced,4.52,25
366,Pandas for Data Analysis,Linear Algebra,Beginner,4.8,27
367,Data Visualization with Python,Computer Vision,Beginner,3.14,40
368,Natural Language Processing,Data Analysis,Beginner,3.11,37
369,Numpy Fundamentals,NLP,Advanced,3.48,28
370,Advanced Python,PyTorch,Intermediate,4.53,34
371,Python Basics,Data Analysis,Intermediate,4.6,7
372,Statistics for Data Science,Pandas,Advanced,4.93,37
373,Data Visualization with Python,Pandas,Beginner,3.22,12
374,Python Basics,Linear Algebra,Intermediate,4.74,27
375,Statistics for Data Science,Computer Vision,Intermediate,3.96,15
376,Statistics for Data Science,Numpy,Intermediate,4.24,24
377,Computer Vision Basics,Data Analysis,Advanced,3.04,22
378,Neural Networks,Linear Algebra,Intermediate,4.05,12
379,PyTorch for Deep Learning,PyTorch,Intermediate,3.05,31
380,Pandas for Data Analysis,TensorFlow,Intermediate,3.32,22
381,PyTorch for Deep Learning,PyTorch,Advanced,3.15,38
382,Pandas for Data Analysis,Machine Learning,Intermediate,4.93,23
383,Deep Learning Fundamentals,Python,Advanced,3.13,7
384,Statistics for Data Science,Python,Advanced,3.95,14
385,Machine Learning Intro,SQL,Advanced,4.56,6
386,Neural Networks,Linear Algebra,Advanced,3.12,31
387,Statistics for Data Science,Machine Learning,Beginner,4.33,20
388,Python Basics,NLP,Advanced,4.38,8
389,PyTorch for Deep Learning,NLP,Intermediate,4.57,2
390,Deep Learning Fundamentals,PyTorch,Intermediate,3.71,20
391,Data Visualization with Python,PyTorch,Advanced,4.75,8
392,Data Visualization with Python,Statistics,Intermediate,4.02,14
393,Pandas for Data Analysis,Statistics,Advanced,3.71,15
394,Machine Learning Intro,Data Visualization,Advanced,3.43,35
395,PyTorch for Deep Learning,SQL,Beginner,4.5,21
396,SQL for Data Science,Python,Intermediate,3.17,35
397,Pandas for Data Analysis,Statistics,Advanced,4.91,27
398,SQL for Data Science,Data Visualization,Intermediate,3.66,33
399,Pandas for Data Analysis,Numpy,Beginner,4.11,32
400,Neural Networks,Linear Algebra,Advanced,3.45,40
401,Pandas for Data Analysis,NLP,Beginner,3.65,23
402,Computer Vision Basics,Python,Advanced,3.79,21
403,SQL for Data Science,Data Analysis,Beginner,3.67,35
404,Pandas for Data Analysis,Pandas,Beginner,4.91,20
405,Numpy Fundamentals,Numpy,Beginner,3.56,16
406,Machine Learning Intro,Python,Advanced,4.32,29
407,Machine Learning Intro,Pandas,Intermediate,4.05,18
408,PyTorch for Deep Learning,Deep Learning,Advanced,4.9,25
409,Deep Learning Fundamentals,PyTorch,Advanced,4.0,18
410,Neural Networks,Deep Learning,Intermediate,4.04,37
411,Data Visualization with Python,Linear Algebra,Beginner,4.92,12
412,Advanced Python,Machine Learning,Beginner,3.79,32
413,Python Basics,Linear Algebra,Advanced,4.26,17
414,SQL for Data Science,Deep Learning,Advanced,4.06,5
415,PyTorch for Deep Learning,Data Analysis,Advanced,4.51,16
416,Data Visualization with Python,SQL,Advanced,4.22,5
417,Data Visualization with Python,Data Analysis,Advanced,3.23,29
418,PyTorch for Deep Learning,Data Analysis,Intermediate,4.24,10
419,TensorFlow Crash Course,SQL,Intermediate,3.52,17
420,Data Visualization with Python,NLP,Intermediate,3.82,20
421,Deep Learning Fundamentals,Python,Advanced,4.01,29
422,Advanced Python,TensorFlow,Advanced,3.58,27
423,Data Visualization with Python,Python,Beginner,3.02,39
424,SQL for Data Science,Data Analysis,Intermediate,3.38,22
425,Machine Learning Intro,TensorFlow,Intermediate,3.89,23
426,PyTorch for Deep Learning,TensorFlow,Intermediate,4.63,15
427,Statistics for Data Science,Computer Vision,Advanced,4.68,34
428,Deep Learning Fundamentals,Computer Vision,Beginner,3.25,32
429,Statistics for Data Science,Python,Beginner,4.91,26
430,Pandas for Data Analysis,PyTorch,Beginner,3.14,36
431,Deep Learning Fundamentals,NLP,Intermediate,4.98,25
432,Computer Vision Basics,Machine Learning,Beginner,3.58,30
433,Computer Vision Basics,Data Analysis,Beginner,3.02,39
434,PyTorch for Deep Learning,Deep Learning,Beginner,4.47,7
435,Advanced Python,TensorFlow,Advanced,4.97,10
436,Statistics for Data Science,TensorFlow,Advanced,3.51,17
437,Pandas for Data Analysis,Data Analysis,Beginner,3.69,26
438,Machine Learning Intro,Linear Algebra,Advanced,3.07,18
439,Data Visualization with Python,Data Analysis,Intermediate,3.1,22
440,Machine Learning Intro,Statistics,Beginner,4.27,37
441,Natural Language Processing,TensorFlow,Advanced,3.34,31
442,Data Visualization with Python,Python,Beginner,3.7,2
443,Natural Language Processing,Linear Algebra,Intermediate,3.37,7
444,Pandas for Data Analysis,Statistics,Advanced,3.17,23
445,Numpy Fundamentals,Computer Vision,Advanced,3.54,2
446,Data Visualization with Python,Data Visualization,Advanced,3.19,36
447,PyTorch for Deep Learning,SQL,Beginner,4.89,9
448,Computer Vision Basics,Statistics,Intermediate,3.17,20
449,Statistics for Data Science,Statistics,Beginner,3.15,14
450,Statistics for Data Science,Numpy,Intermediate,4.19,4
451,PyTorch for Deep Learning,Machine Learning,Intermediate,4.54,14
452,PyTorch for Deep Learning,Deep Learning,Beginner,4.35,19
453,TensorFlow Crash Course,Data Analysis,Beginner,3.83,16
454,Computer Vision Basics,NLP,Advanced,3.65,22
455,Machine Learning Intro,SQL,Intermediate,4.84,26
456,Neural Networks,Python,Intermediate,4.38,20
457,Neural Networks,Python,Beginner,3.55,7
458,Numpy Fundamentals,Python,Intermediate,4.66,6
459,Statistics for Data Science,Linear Algebra,Advanced,4.56,17
460,Data Visualization with Python,Pandas,Advanced,4.92,4
461,Deep Learning Fundamentals,Machine Learning,Beginner,4.37,24
462,Statistics for Data Science,Machine Learning,Advanced,3.39,38
463,Computer Vision Basics,TensorFlow,Beginner,4.44,22
464,Python Basics,Python,Advanced,3.64,33
465,Data Visualization with Python,Data Analysis,Advanced,4.52,27
466,Natural Language Processing,Statistics,Advanced,3.61,16
467,TensorFlow Crash Course,Data Analysis,Beginner,3.57,35
468,PyTorch for Deep Learning,Machine Learning,Advanced,3.05,35
469,Numpy Fundamentals,Linear Algebra,Intermediate,4.3,34
470,Data Visualization with Python,Machine Learning,Intermediate,4.88,29
471,Statistics for Data Science,TensorFlow,Advanced,4.12,12
472,Machine Learning Intro,Linear Algebra,Beginner,4.52,4
473,Neural Networks,Pandas,Beginner,3.62,28
474,Deep Learning Fundamentals,Computer Vision,Intermediate,4.32,32
475,Advanced Python,Data Visualization,Beginner,4.24,12
476,Pandas for Data Analysis,Deep Learning,Advanced,3.12,4
477,Pandas for Data Analysis,Machine Learning,Advanced,3.52,17
478,Numpy Fundamentals,SQL,Intermediate,3.42,5
479,Natural Language Processing,NLP,Beginner,4.83,25
480,Natural Language Processing,NLP,Beginner,3.19,35
481,Neural Networks,Numpy,Beginner,3.92,40
482,Advanced Python,Machine Learning,Advanced,3.66,28
483,SQL for Data Science,Numpy,Advanced,4.79,31
484,Machine Learning Intro,Deep Learning,Intermediate,4.59,22
485,Machine Learning Intro,Data Analysis,Beginner,4.41,35
486,Deep Learning Fundamentals,NLP,Advanced,4.03,9
487,Data Visualization with Python,Deep Learning,Intermediate,4.09,34
488,Deep Learning Fundamentals,Python,Advanced,4.96,12
489,TensorFlow Crash Course,Computer Vision,Intermediate,4.71,33
490,TensorFlow Crash Course,TensorFlow,Intermediate,3.33,40
491,Advanced Python,Data Visualization,Advanced,3.58,39
492,Data Visualization with Python,Python,Advanced,3.06,2
493,Data Visualization with Python,Numpy,Advanced,4.5,4
494,PyTorch for Deep Learning,Statistics,Beginner,3.82,19
495,Data Visualization with Python,Pandas,Intermediate,4.77,10
496,SQL for Data Science,Deep Learning,Intermediate,4.21,27
497,Data Visualization with Python,NLP,Beginner,3.13,9
498,Data Visualization with Python,PyTorch,Advanced,3.98,21
499,Pandas for Data Analysis,Pandas,Intermediate,4.11,26
500,Computer Vision Basics,Machine Learning,Advanced,4.73,33
501,Statistics for Data Science,Deep Learning,Intermediate,4.49,31
502,Numpy Fundamentals,Python,Intermediate,4.43,10
503,Data Visualization with Python,Computer Vision,Advanced,4.18,4
504,Pandas for Data Analysis,SQL,Intermediate,3.35,10
505,Computer Vision Basics,PyTorch,Intermediate,4.56,2
506,Computer Vision Basics,Data Visualization,Intermediate,4.8,2
507,SQL for Data Science,Statistics,Advanced,4.77,11
508,Numpy Fundamentals,SQL,Beginner,4.24,20
509,Deep Learning Fundamentals,Data Analysis,Advanced,4.25,3
510,Statistics for Data Science,Pandas,Intermediate,4.23,23
511,Advanced Python,Pandas,Advanced,4.16,24
512,Natural Language Processing,TensorFlow,Advanced,4.58,19
513,Data Visualization with Python,Pandas,Beginner,3.45,28
514,SQL for Data Science,NLP,Intermediate,4.08,30
515,Neural Networks,SQL,Beginner,4.13,40
516,Deep Learning Fundamentals,Data Visualization,Advanced,3.93,36
517,SQL for Data Science,Numpy,Advanced,3.41,11
518,Natural Language Processing,Linear Algebra,Advanced,4.71,11
519,Statistics for Data Science,Data Visualization,Advanced,4.49,31
520,Data Visualization with Python,TensorFlow,Intermediate,4.44,7
521,Computer Vision Basics,PyTorch,Intermediate,4.98,27
522,TensorFlow Crash Course,Data Visualization,Beginner,3.36,37
523,Machine Learning Intro,Computer Vision,Advanced,3.25,8
524,Data Visualization with Python,Python,Beginner,3.22,23
525,Computer Vision Basics,NLP,Intermediate,4.03,25
526,SQL for Data Science,Data Visualization,Intermediate,4.94,26
527,Data Visualization with Python,Computer Vision,Beginner,4.68,26
528,Natural Language Processing,NLP,Beginner,4.65,28
529,Python Basics,Pandas,Beginner,4.57,10
530,SQL for Data Science,Data Analysis,Advanced,3.5,13
531,TensorFlow Crash Course,Numpy,Advanced,4.26,31
532,Natural Language Processing,Python,Beginner,4.33,38
533,Natural Language Processing,Linear Algebra,Intermediate,3.68,9
534,Pandas for Data Analysis,SQL,Beginner,4.46,10
535,Computer Vision Basics,Statistics,Beginner,4.82,24
536,Deep Learning Fundamentals,Machine Learning,Intermediate,3.27,18
537,Python Basics,Data Visualization,Beginner,3.27,7
538,TensorFlow Crash Course,NLP,Intermediate,4.69,11
539,Numpy Fundamentals,TensorFlow,Beginner,4.05,21
540,Computer Vision Basics,Computer Vision,Beginner,3.18,18
541,Machine Learning Intro,Pandas,Advanced,4.68,16
542,SQL for Data Science,Data Analysis,Intermediate,4.06,5
543,Statistics for Data Science,Machine Learning,Advanced,4.37,25
544,Advanced Python,TensorFlow,Advanced,3.47,5
545,Deep Learning Fundamentals,Data Analysis,Intermediate,3.87,15
546,Machine Learning Intro,Data Visualization,Beginner,4.32,2
547,Data Visualization with Python,Computer Vision,Intermediate,4.23,26
548,Natural Language Processing,TensorFlow,Intermediate,4.41,20
549,Data Visualization with Python,Numpy,Advanced,4.78,23
550,Statistics for Data Science,Data Visualization,Advanced,4.5,12
551,Advanced Python,Machine Learning,Advanced,3.6,31
552,PyTorch for Deep Learning,PyTorch,Intermediate,3.39,10
553,Numpy Fundamentals,Data Visualization,Intermediate,3.17,36
554,Python Basics,SQL,Intermediate,4.86,15
555,Data Visualization with Python,NLP,Advanced,4.63,38
556,Machine Learning Intro,Python,Intermediate,4.14,24
557,Advanced Python,Linear Algebra,Intermediate,4.06,33
558,Numpy Fundamentals,Machine Learning,Beginner,4.09,16
559,Data Visualization with Python,Data Analysis,Advanced,3.2,6
560,TensorFlow Crash Course,NLP,Advanced,3.3,8
561,SQL for Data Science,Python,Advanced,4.07,23
562,Neural Networks,Statistics,Advanced,3.17,10
563,Advanced Python,Linear Algebra,Beginner,3.81,14
564,Statistics for Data Science,TensorFlow,Beginner,3.1,23
565,Deep Learning Fundamentals,Linear Algebra,Intermediate,4.69,10
566,Pandas for Data Analysis,TensorFlow,Advanced,3.24,29
567,TensorFlow Crash Course,Pandas,Advanced,3.42,14
568,Numpy Fundamentals,Numpy,Intermediate,4.46,33
569,SQL for Data Science,Machine Learning,Advanced,3.99,28
570,Python Basics,Statistics,Advanced,3.95,11
571,Computer Vision Basics,Statistics,Intermediate,3.06,18
572,Python Basics,Numpy,Intermediate,4.17,2
573,PyTorch for Deep Learning,Numpy,Advanced,4.98,27
574,TensorFlow Crash Course,Python,Advanced,3.78,22
575,TensorFlow Crash Course,Data Visualization,Intermediate,4.13,40
576,Neural Networks,Machine Learning,Advanced,3.02,27
577,Numpy Fundamentals,NLP,Intermediate,3.09,27
578,Neural Networks,Pandas,Intermediate,3.01,25
579,TensorFlow Crash Course,Machine Learning,Beginner,3.82,4
580,Advanced Python,NLP,Advanced,3.81,8
581,Python Basics,Pandas,Beginner,3.11,37
582,Python Basics,SQL,Beginner,3.87,28
583,Python Basics,Linear Algebra,Intermediate,4.06,19
584,Advanced Python,Computer Vision,Intermediate,3.43,28
585,PyTorch for Deep Learning,Data Analysis,Advanced,3.48,2
586,PyTorch for Deep Learning,NLP,Advanced,3.04,32
587,Numpy Fundamentals,Data Analysis,Beginner,4.67,9
588,Pandas for Data Analysis,Data Analysis,Intermediate,3.98,24
589,Data Visualization with Python,Python,Beginner,3.44,7
590,TensorFlow Crash Course,PyTorch,Intermediate,4.9,24
591,Data Visualization with Python,Data Analysis,Advanced,4.08,18
592,Neural Networks,SQL,Advanced,3.33,20
593,Computer Vision Basics,Data Analysis,Advanced,3.87,16
594,Computer Vision Basics,SQL,Advanced,4.91,21
595,Neural Networks,PyTorch,Beginner,4.72,27
596,Neural Networks,Statistics,Intermediate,4.83,27
597,Computer Vision Basics,SQL,Beginner,4.92,19
598,Pandas for Data Analysis,Computer Vision,Advanced,3.71,2
599,PyTorch for Deep Learning,TensorFlow,Intermediate,3.32,23
600,TensorFlow Crash Course,Data Analysis,Advanced,3.18,36
601,Neural Networks,Data Analysis,Beginner,4.94,40
602,Computer Vision Basics,Pandas,Beginner,4.51,9
603,Statistics for Data Science,Numpy,Advanced,4.46,37
604,SQL for Data Science,Machine Learning,Intermediate,3.18,14
605,Numpy Fundamentals,Data Visualization,Advanced,4.95,20
606,SQL for Data Science,Machine Learning,Advanced,4.92,3
607,Statistics for Data Science,Numpy,Advanced,3.45,29
608,TensorFlow Crash Course,TensorFlow,Beginner,4.72,35
609,Natural Language Processing,Linear Algebra,Advanced,3.38,18
610,TensorFlow Crash Course,Pandas,Beginner,3.5,4
611,Natural Language Processing,Data Analysis,Advanced,4.04,13
612,PyTorch for Deep Learning,NLP,Intermediate,4.01,22
613,Neural Networks,Deep Learning,Beginner,3.53,2
614,Neural Networks,SQL,Advanced,3.29,40
615,Natural Language Processing,PyTorch,Advanced,4.1,5
616,TensorFlow Crash Course,NLP,Advanced,3.31,8
617,Neural Networks,Deep Learning,Intermediate,4.66,4
618,Advanced Python,Python,Advanced,4.6,7
619,Data Visualization with Python,Deep Learning,Beginner,4.71,13
620,TensorFlow Crash Course,TensorFlow,Intermediate,3.67,9
621,SQL for Data Science,Statistics,Beginner,4.18,22
622,Computer Vision Basics,Linear Algebra,Intermediate,3.48,30
623,Pandas for Data Analysis,TensorFlow,Intermediate,3.68,32
624,SQL for Data Science,Data Visualization,Beginner,3.66,36
625,Neural Networks,Statistics,Beginner,4.91,20
626,Advanced Python,Machine Learning,Intermediate,4.92,16
627,PyTorch for Deep Learning,Computer Vision,Beginner,4.6,7
628,SQL for Data Science,Deep Learning,Beginner,3.36,24
629,Pandas for Data Analysis,Deep Learning,Intermediate,3.21,26
630,SQL for Data Science,Statistics,Intermediate,4.61,30
631,Natural Language Processing,PyTorch,Beginner,4.98,40
632,Pandas for Data Analysis,Python,Intermediate,3.4,30
633,Advanced Python,PyTorch,Beginner,3.74,10
634,Machine Learning Intro,Computer Vision,Intermediate,4.77,33
635,Neural Networks,Pandas,Beginner,4.0,37
636,Natural Language Processing,TensorFlow,Intermediate,4.66,36
637,PyTorch for Deep Learning,Computer Vision,Intermediate,3.17,26
638,TensorFlow Crash Course,Machine Learning,Intermediate,4.73,31
639,TensorFlow Crash Course,Machine Learning,Beginner,3.22,33
640,Python Basics,Deep Learning,Intermediate,3.61,5
641,Advanced Python,Deep Learning,Beginner,4.46,26
642,TensorFlow Crash Course,Machine Learning,Advanced,4.05,13
643,PyTorch for Deep Learning,Machine Learning,Advanced,4.05,24
644,PyTorch for Deep Learning,Numpy,Beginner,3.93,23
645,Pandas for Data Analysis,Computer Vision,Beginner,3.63,38
646,SQL for Data Science,SQL,Beginner,3.91,31
647,SQL for Data Science,Data Visualization,Advanced,3.58,3
648,Data Visualization with Python,Computer Vision,Beginner,4.89,37
649,Data Visualization with Python,Data Visualization,Advanced,3.34,9
650,Statistics for Data Science,Data Visualization,Advanced,4.16,24
651,SQL for Data Science,Statistics,Intermediate,4.05,5
652,Data Visualization with Python,Data Visualization,Intermediate,3.54,20
653,Natural Language Processing,Pandas,Intermediate,4.82,39
654,Deep Learning Fundamentals,Python,Intermediate,4.04,15
655,Advanced Python,Statistics,Advanced,4.96,3
656,Statistics for Data Science,TensorFlow,Beginner,3.71,5
657,Computer Vision Basics,Pandas,Beginner,4.78,24
658,TensorFlow Crash Course,Linear Algebra,Intermediate,3.56,25
659,Natural Language Processing,Pandas,Intermediate,3.61,40
660,TensorFlow Crash Course,Numpy,Beginner,3.55,39
661,Numpy Fundamentals,Linear Algebra,Intermediate,3.18,3
662,SQL for Data Science,Statistics,Intermediate,3.0,6
663,PyTorch for Deep Learning,Linear Algebra,Intermediate,3.61,15
664,SQL for Data Science,NLP,Intermediate,4.41,14
665,Machine Learning Intro,TensorFlow,Intermediate,3.91,2
666,Deep Learning Fundamentals,TensorFlow,Intermediate,3.31,24
667,Numpy Fundamentals,Data Analysis,Intermediate,3.27,16
668,TensorFlow Crash Course,Linear Algebra,Beginner,4.01,18
669,Machine Learning Intro,SQL,Advanced,4.25,28
670,SQL for Data Science,Numpy,Intermediate,3.44,27
671,Natural Language Processing,TensorFlow,Intermediate,3.53,22
672,Python Basics,Pandas,Beginner,3.76,40
673,TensorFlow Crash Course,TensorFlow,Beginner,4.01,7
674,SQL for Data Science,Linear Algebra,Intermediate,3.2,36
675,Natural Language Processing,NLP,Beginner,3.27,34
676,SQL for Data Science,Statistics,Beginner,4.16,25
677,PyTorch for Deep Learning,Computer Vision,Advanced,4.8,37
678,Statistics for Data Science,Computer Vision,Beginner,3.55,8
679,Statistics for Data Science,Computer Vision,Intermediate,3.92,5
680,Data Visualization with Python,Deep Learning,Beginner,4.38,26
681,TensorFlow Crash Course,Data Analysis,Intermediate,4.31,9
682,Machine Learning Intro,Statistics,Advanced,3.02,28
683,Python Basics,Data Analysis,Beginner,3.43,18
684,Machine Learning Intro,Numpy,Intermediate,3.61,25
685,Pandas for Data Analysis,Pandas,Beginner,3.52,5
686,Advanced Python,TensorFlow,Advanced,3.63,37
687,TensorFlow Crash Course,Computer Vision,Advanced,4.98,36
688,PyTorch for Deep Learning,Data Visualization,Beginner,3.82,10
689,Natural Language Processing,Linear Algebra,Intermediate,3.42,34
690,Deep Learning Fundamentals,Statistics,Beginner,3.33,2
691,Data Visualization with Python,Data Visualization,Intermediate,4.15,28
692,Advanced Python,Computer Vision,Advanced,4.26,30
693,Neural Networks,Pandas,Beginner,4.65,23
694,Data Visualization with Python,Numpy,Intermediate,3.36,28
695,PyTorch for Deep Learning,Machine Learning,Intermediate,3.38,22
696,Pandas for Data Analysis,Statistics,Beginner,4.59,29
697,Natural Language Processing,Linear Algebra,Advanced,3.27,24
698,Statistics for Data Science,Data Visualization,Beginner,4.73,2
699,SQL for Data Science,Deep Learning,Advanced,3.7,33
700,Statistics for Data Science,Pandas,Advanced,3.83,9
701,Natural Language Processing,Machine Learning,Advanced,4.05,2
702,Numpy Fundamentals,Deep Learning,Intermediate,4.64,34
703,Deep Learning Fundamentals,Linear Algebra,Beginner,3.56,26
704,Computer Vision Basics,Data Visualization,Advanced,3.92,39
705,Statistics for Data Science,Statistics,Intermediate,3.04,32
706,Deep Learning Fundamentals,Numpy,Advanced,4.63,37
707,Advanced Python,Python,Beginner,3.39,12
708,Pandas for Data Analysis,NLP,Advanced,4.9,31
709,Advanced Python,Pandas,Advanced,3.58,7
710,Deep Learning Fundamentals,NLP,Beginner,4.51,37
711,Computer Vision Basics,Numpy,Intermediate,4.01,37
712,Numpy Fundamentals,Data Analysis,Advanced,4.46,25
713,Neural Networks,Numpy,Intermediate,4.47,5
714,Machine Learning Intro,Deep Learning,Beginner,4.12,10
715,Data Visualization with Python,Pandas,Intermediate,3.75,22
716,TensorFlow Crash Course,Linear Algebra,Advanced,3.92,31
717,Computer Vision Basics,Statistics,Beginner,4.06,28
718,Natural Language Processing,Python,Advanced,4.45,12
719,Numpy Fundamentals,SQL,Beginner,4.4,17
720,Advanced Python,NLP,Intermediate,4.49,9
721,TensorFlow Crash Course,Computer Vision,Advanced,4.19,6
722,Computer Vision Basics,PyTorch,Intermediate,3.48,2
723,Machine Learning Intro,Data Visualization,Advanced,3.85,19
724,Computer Vision Basics,Data Analysis,Intermediate,4.6,36
725,Statistics for Data Science,TensorFlow,Advanced,3.29,26
726,Python Basics,SQL,Advanced,4.46,5
727,Numpy Fundamentals,Numpy,Beginner,4.74,31
728,Pandas for Data Analysis,Numpy,Advanced,4.5,32
729,Python Basics,TensorFlow,Intermediate,4.28,12
730,Numpy Fundamentals,PyTorch,Intermediate,3.93,22
731,Data Visualization with Python,Pandas,Advanced,4.34,2
732,TensorFlow Crash Course,NLP,Intermediate,3.89,6
733,Neural Networks,Data Visualization,Advanced,3.42,25
734,Data Visualization with Python,Linear Algebra,Advanced,3.32,7
735,Advanced Python,NLP,Intermediate,4.35,7
736,Deep Learning Fundamentals,Numpy,Beginner,4.01,8
737,Deep Learning Fundamentals,Numpy,Beginner,3.31,16
738,Neural Networks,Statistics,Beginner,3.22,20
739,PyTorch for Deep Learning,Pandas,Beginner,4.47,11
740,PyTorch for Deep Learning,SQL,Beginner,3.94,8
741,Neural Networks,Computer Vision,Intermediate,3.81,14
742,TensorFlow Crash Course,Numpy,Advanced,3.77,12
743,Deep Learning Fundamentals,Statistics,Intermediate,4.89,23
744,Data Visualization with Python,Data Visualization,Beginner,3.65,14
745,Statistics for Data Science,SQL,Beginner,3.74,39
746,Data Visualization with Python,Data Analysis,Advanced,3.06,15
747,Deep Learning Fundamentals,Data Visualization,Beginner,4.87,9
748,Machine Learning Intro,Data Analysis,Beginner,4.08,6
749,SQL for Data Science,Pandas,Beginner,3.62,4
750,Natural Language Processing,Linear Algebra,Intermediate,4.76,34
751,Neural Networks,Computer Vision,Advanced,4.57,32
752,Statistics for Data Science,SQL,Intermediate,3.43,7
753,Deep Learning Fundamentals,Linear Algebra,Intermediate,4.91,19
754,Natural Language Processing,Machine Learning,Beginner,4.97,8
755,PyTorch for Deep Learning,Data Visualization,Beginner,3.88,24
756,Computer Vision Basics,Data Analysis,Intermediate,3.0,20
757,Deep Learning Fundamentals,Numpy,Intermediate,4.9,6
758,Computer Vision Basics,Deep Learning,Beginner,4.48,25
759,Python Basics,SQL,Beginner,3.93,31
760,Neural Networks,PyTorch,Advanced,4.5,3
761,Computer Vision Basics,Computer Vision,Beginner,4.42,28
762,Python Basics,SQL,Advanced,4.82,35
763,Numpy Fundamentals,Numpy,Advanced,4.51,22
764,TensorFlow Crash Course,Computer Vision,Beginner,3.49,7
765,Python Basics,Data Visualization,Intermediate,3.9,18
766,Data Visualization with Python,Data Analysis,Beginner,4.96,9
767,Pandas for Data Analysis,Pandas,Advanced,3.55,35
768,Natural Language Processing,Pandas,Intermediate,3.49,11
769,Python Basics,Statistics,Advanced,4.14,8
770,Natural Language Processing,Computer Vision,Beginner,4.13,28
771,Natural Language Processing,PyTorch,Advanced,3.81,8
772,Natural Language Processing,Linear Algebra,Intermediate,4.23,23
773,Statistics for Data Science,Linear Algebra,Beginner,4.83,32
774,Neural Networks,NLP,Advanced,4.95,26
775,TensorFlow Crash Course,Statistics,Intermediate,4.46,26
776,Neural Networks,Machine Learning,Advanced,3.95,9
777,Statistics for Data Science,Pandas,Beginner,3.11,39
778,Data Visualization with Python,Data Analysis,Intermediate,3.85,3
779,Python Basics,Statistics,Intermediate,3.93,19
780,Deep Learning Fundamentals,Computer Vision,Intermediate,4.5,32
781,Machine Learning Intro,Machine Learning,Beginner,3.5,22
782,SQL for Data Science,SQL,Intermediate,4.49,21
783,Natural Language Processing,Numpy,Intermediate,3.66,13
784,Statistics for Data Science,Deep Learning,Advanced,3.89,22
785,Deep Learning Fundamentals,Pandas,Advanced,3.28,4
786,Python Basics,Pandas,Intermediate,3.78,6
787,Pandas for Data Analysis,Statistics,Intermediate,3.96,9
788,PyTorch for Deep Learning,Linear Algebra,Advanced,4.51,18
789,Machine Learning Intro,Computer Vision,Intermediate,4.68,34
790,Deep Learning Fundamentals,Data Analysis,Beginner,4.35,8
791,Python Basics,Data Visualization,Beginner,4.46,3
792,Data Visualization with Python,Python,Intermediate,3.95,20
793,Natural Language Processing,Linear Algebra,Advanced,4.32,21
794,Numpy Fundamentals,SQL,Advanced,4.37,31
795,Data Visualization with Python,SQL,Intermediate,4.53,29
796,Statistics for Data Science,Numpy,Intermediate,4.5,9
797,Pandas for Data Analysis,Numpy,Intermediate,3.36,19
798,Natural Language Processing,SQL,Advanced,4.1,22
799,Data Visualization with Python,Pandas,Beginner,3.0,32
800,TensorFlow Crash Course,Pandas,Intermediate,3.04,19
801,Statistics for Data Science,PyTorch,Beginner,3.08,20
802,Pandas for Data Analysis,Machine Learning,Beginner,3.37,28
803,PyTorch for Deep Learning,Machine Learning,Beginner,4.78,12
804,Python Basics,SQL,Beginner,3.44,2
805,Computer Vision Basics,TensorFlow,Advanced,4.36,35
806,TensorFlow Crash Course,Linear Algebra,Advanced,3.93,20
807,Numpy Fundamentals,Machine Learning,Intermediate,3.42,15
808,Data Visualization with Python,Deep Learning,Intermediate,3.55,35
809,TensorFlow Crash Course,Linear Algebra,Beginner,3.65,3
810,Neural Networks,Data Analysis,Beginner,4.86,31
811,Natural Language Processing,Deep Learning,Intermediate,3.7,15
812,TensorFlow Crash Course,Deep Learning,Intermediate,3.41,32
813,Computer Vision Basics,Data Analysis,Advanced,3.92,39
814,PyTorch for Deep Learning,Pandas,Advanced,4.67,22
815,Advanced Python,Pandas,Intermediate,4.82,7
816,Computer Vision Basics,TensorFlow,Advanced,5.0,37
817,PyTorch for Deep Learning,PyTorch,Advanced,3.73,31
818,Python Basics,Machine Learning,Beginner,4.21,32
819,TensorFlow Crash Course,Deep Learning,Advanced,3.58,32
820,Advanced Python,Linear Algebra,Beginner,3.33,8
821,Computer Vision Basics,Numpy,Intermediate,4.81,28
822,Python Basics,Statistics,Beginner,3.74,32
823,Natural Language Processing,Pandas,Advanced,4.34,34
824,Data Visualization with Python,TensorFlow,Advanced,3.67,39
825,Statistics for Data Science,SQL,Advanced,4.44,13
826,Advanced Python,Data Visualization,Advanced,3.77,2
827,SQL for Data Science,Linear Algebra,Beginner,4.62,21
828,Python Basics,Python,Intermediate,4.07,9
829,Advanced Python,Linear Algebra,Advanced,4.1,18
830,PyTorch for Deep Learning,Python,Beginner,3.55,15
831,Deep Learning Fundamentals,Python,Beginner,4.67,11
832,SQL for Data Science,Deep Learning,Intermediate,4.73,9
833,SQL for Data Science,PyTorch,Intermediate,3.85,28
834,Python Basics,SQL,Advanced,3.77,34
835,PyTorch for Deep Learning,Machine Learning,Advanced,4.86,12
836,Numpy Fundamentals,Pandas,Advanced,4.61,10
837,Deep Learning Fundamentals,NLP,Advanced,3.66,11
838,TensorFlow Crash Course,Data Analysis,Intermediate,3.23,18
839,Python Basics,PyTorch,Beginner,3.78,23
840,Statistics for Data Science,Linear Algebra,Beginner,4.55,2
841,Statistics for Data Science,Data Analysis,Beginner,3.64,9
842,PyTorch for Deep Learning,NLP,Advanced,4.98,37
843,Pandas for Data Analysis,NLP,Advanced,4.5,2
844,Computer Vision Basics,SQL,Beginner,4.63,2
845,TensorFlow Crash Course,Machine Learning,Advanced,4.95,38
846,Advanced Python,TensorFlow,Intermediate,3.78,7
847,Data Visualization with Python,Deep Learning,Intermediate,4.35,9
848,Machine Learning Intro,NLP,Beginner,4.08,36
849,Natural Language Processing,Machine Learning,Advanced,3.03,36
850,Advanced Python,Python,Intermediate,4.42,19
851,Neural Networks,SQL,Intermediate,4.69,29
852,Statistics for Data Science,Statistics,Beginner,4.42,24
853,Computer Vision Basics,Data Analysis,Beginner,4.28,2
854,Advanced Python,Computer Vision,Intermediate,3.92,23
855,Data Visualization with Python,Numpy,Advanced,4.92,14
856,TensorFlow Crash Course,Pandas,Advanced,3.97,8
857,PyTorch for Deep Learning,Pandas,Intermediate,4.83,31
858,Statistics for Data Science,Pandas,Beginner,3.23,26
859,Machine Learning Intro,TensorFlow,Intermediate,3.69,24
860,Machine Learning Intro,Data Analysis,Advanced,4.91,34
861,Natural Language Processing,Numpy,Beginner,4.33,13
862,PyTorch for Deep Learning,Numpy,Advanced,4.35,7
863,Pandas for Data Analysis,Deep Learning,Intermediate,4.06,28
864,TensorFlow Crash Course,Statistics,Beginner,4.58,12
865,Python Basics,Computer Vision,Beginner,3.81,30
866,PyTorch for Deep Learning,Data Analysis,Beginner,4.34,34
867,Natural Language Processing,Statistics,Beginner,4.3,5
868,PyTorch for Deep Learning,Python,Advanced,3.71,12
869,Advanced Python,PyTorch,Beginner,3.24,28
870,Python Basics,Deep Learning,Beginner,4.14,18
871,Machine Learning Intro,Data Visualization,Intermediate,4.17,25
872,Numpy Fundamentals,Numpy,Intermediate,3.4,11
873,Machine Learning Intro,NLP,Advanced,3.44,33
874,Computer Vision Basics,Computer Vision,Advanced,3.64,33
875,Machine Learning Intro,Statistics,Beginner,4.49,24
876,TensorFlow Crash Course,Numpy,Intermediate,3.16,33
877,Neural Networks,Machine Learning,Beginner,4.32,34
878,Data Visualization with Python,Python,Beginner,4.04,31
879,Neural Networks,Machine Learning,Beginner,4.63,20
880,Deep Learning Fundamentals,PyTorch,Beginner,4.65,16
881,Computer Vision Basics,Statistics,Advanced,3.58,10
882,Numpy Fundamentals,Numpy,Beginner,3.96,8
883,Pandas for Data Analysis,Machine Learning,Intermediate,4.66,30
884,TensorFlow Crash Course,Pandas,Advanced,4.55,15
885,Data Visualization with Python,PyTorch,Intermediate,4.5,21
886,Statistics for Data Science,Data Visualization,Advanced,4.78,26
887,Numpy Fundamentals,Machine Learning,Intermediate,3.2,38
888,PyTorch for Deep Learning,Data Visualization,Intermediate,3.0,23
889,SQL for Data Science,PyTorch,Advanced,4.24,21
890,Computer Vision Basics,Machine Learning,Advanced,4.61,10
891,Advanced Python,Computer Vision,Advanced,3.26,39
892,Python Basics,SQL,Intermediate,3.64,37
893,Machine Learning Intro,Deep Learning,Beginner,4.98,25
894,TensorFlow Crash Course,SQL,Intermediate,3.74,32
895,Statistics for Data Science,Numpy,Advanced,3.18,29
896,Python Basics,TensorFlow,Beginner,3.01,3
897,Machine Learning Intro,Statistics,Beginner,3.47,26
898,Numpy Fundamentals,Deep Learning,Advanced,3.6,38
899,Computer Vision Basics,Pandas,Beginner,3.09,32
900,Deep Learning Fundamentals,Computer Vision,Advanced,3.58,18
901,Natural Language Processing,Linear Algebra,Beginner,4.79,14
902,Numpy Fundamentals,Deep Learning,Beginner,4.75,37
903,Computer Vision Basics,Linear Algebra,Intermediate,3.43,5
904,Python Basics,TensorFlow,Advanced,3.8,40
905,Deep Learning Fundamentals,TensorFlow,Beginner,3.13,38
906,Advanced Python,TensorFlow,Intermediate,4.67,25
907,Neural Networks,NLP,Advanced,4.26,39
908,Statistics for Data Science,Machine Learning,Beginner,3.21,22
909,Computer Vision Basics,Statistics,Intermediate,4.7,22
910,Numpy Fundamentals,Linear Algebra,Intermediate,3.25,35
911,Natural Language Processing,Data Analysis,Advanced,4.44,40
912,Data Visualization with Python,Data Visualization,Intermediate,4.69,4
913,PyTorch for Deep Learning,Data Analysis,Beginner,4.02,13
914,Numpy Fundamentals,Data Analysis,Intermediate,3.72,24
915,Python Basics,PyTorch,Beginner,3.41,16
916,Computer Vision Basics,Data Visualization,Advanced,3.06,2
917,PyTorch for Deep Learning,Computer Vision,Advanced,4.69,2
918,Pandas for Data Analysis,Linear Algebra,Beginner,3.26,34
919,Computer Vision Basics,Machine Learning,Beginner,3.63,17
920,Machine Learning Intro,PyTorch,Intermediate,3.5,10
921,PyTorch for Deep Learning,Statistics,Beginner,4.25,35
922,PyTorch for Deep Learning,NLP,Intermediate,3.63,20
923,Machine Learning Intro,Python,Intermediate,3.76,37
924,Neural Networks,NLP,Advanced,4.35,9
925,Neural Networks,Computer Vision,Beginner,3.12,14
926,Python Basics,PyTorch,Beginner,4.27,7
927,Neural Networks,Machine Learning,Advanced,3.58,16
928,SQL for Data Science,Data Analysis,Intermediate,4.36,21
929,Python Basics,Python,Advanced,3.01,38
930,Computer Vision Basics,Numpy,Intermediate,4.2,17
931,PyTorch for Deep Learning,Statistics,Intermediate,3.18,4
932,Neural Networks,SQL,Beginner,4.57,9
933,Statistics for Data Science,Statistics,Intermediate,4.66,36
934,TensorFlow Crash Course,Computer Vision,Advanced,3.26,25
935,Computer Vision Basics,TensorFlow,Advanced,4.49,8
936,Statistics for Data Science,SQL,Advanced,4.06,9
937,Data Visualization with Python,PyTorch,Advanced,3.57,23
938,Numpy Fundamentals,Computer Vision,Advanced,4.47,27
939,Computer Vision Basics,TensorFlow,Advanced,3.28,14
940,Statistics for Data Science,SQL,Advanced,4.12,12
941,Advanced Python,Numpy,Advanced,4.8,14
942,Neural Networks,Deep Learning,Intermediate,3.44,31
943,Data Visualization with Python,Python,Advanced,3.47,35
944,Pandas for Data Analysis,SQL,Beginner,4.63,37
945,Data Visualization with Python,Numpy,Advanced,3.57,34
946,Python Basics,Data Visualization,Intermediate,4.86,27
947,TensorFlow Crash Course,Computer Vision,Beginner,4.38,3
948,Pandas for Data Analysis,Statistics,Beginner,3.96,22
949,Pandas for Data Analysis,NLP,Beginner,4.1,13
950,Pandas for Data Analysis,Data Analysis,Advanced,3.97,5
951,Numpy Fundamentals,Computer Vision,Beginner,4.39,31
952,Statistics for Data Science,SQL,Intermediate,4.79,13
953,Statistics for Data Science,Python,Advanced,4.04,21
954,Statistics for Data Science,Data Visualization,Advanced,3.93,17
955,SQL for Data Science,Computer Vision,Advanced,3.39,28
956,Data Visualization with Python,Linear Algebra,Advanced,4.62,32
957,Data Visualization with Python,Linear Algebra,Beginner,3.09,7
958,SQL for Data Science,Linear Algebra,Intermediate,4.96,5
959,PyTorch for Deep Learning,Computer Vision,Advanced,3.17,21
960,Statistics for Data Science,Linear Algebra,Intermediate,3.41,34
961,SQL for Data Science,Linear Algebra,Intermediate,4.36,5
962,Data Visualization with Python,PyTorch,Beginner,4.43,14
963,Neural Networks,Linear Algebra,Intermediate,3.93,16
964,Statistics for Data Science,Linear Algebra,Beginner,3.67,5
965,Statistics for Data Science,Numpy,Intermediate,3.58,36
966,Data Visualization with Python,Pandas,Beginner,3.81,35
967,Deep Learning Fundamentals,NLP,Intermediate,3.79,22
968,SQL for Data Science,Deep Learning,Advanced,4.31,30
969,Advanced Python,Pandas,Advanced,3.82,17
970,Deep Learning Fundamentals,Data Analysis,Beginner,4.5,32
971,Advanced Python,Data Analysis,Intermediate,4.45,15
972,Neural Networks,Computer Vision,Advanced,3.04,19
973,Numpy Fundamentals,Pandas,Intermediate,3.71,30
974,SQL for Data Science,Data Analysis,Advanced,4.05,36
975,TensorFlow Crash Course,Deep Learning,Beginner,4.55,38
976,PyTorch for Deep Learning,Python,Advanced,4.7,24
977,Neural Networks,PyTorch,Beginner,4.37,13
978,Advanced Python,Statistics,Advanced,4.81,14
979,Numpy Fundamentals,Pandas,Beginner,3.76,19
980,Neural Networks,PyTorch,Advanced,4.46,30
981,Machine Learning Intro,Data Visualization,Advanced,4.59,11
982,Machine Learning Intro,Python,Beginner,4.15,33
983,Pandas for Data Analysis,Python,Beginner,4.83,13
984,Data Visualization with Python,Statistics,Advanced,3.99,27
985,Deep Learning Fundamentals,Machine Learning,Intermediate,4.0,2
986,Numpy Fundamentals,Statistics,Advanced,4.68,23
987,SQL for Data Science,Computer Vision,Beginner,3.79,4
988,Data Visualization with Python,Machine Learning,Beginner,3.2,38
989,Deep Learning Fundamentals,Pandas,Advanced,4.6,29
990,Machine Learning Intro,TensorFlow,Beginner,3.55,17
991,Pandas for Data Analysis,Data Visualization,Advanced,4.61,2
992,Numpy Fundamentals,Computer Vision,Intermediate,3.52,29
993,Natural Language Processing,Data Visualization,Intermediate,4.63,40
994,Numpy Fundamentals,TensorFlow,Advanced,3.81,31
995,Neural Networks,Pandas,Intermediate,3.99,37
996,Natural Language Processing,Linear Algebra,Intermediate,3.22,6
997,Advanced Python,Pandas,Advanced,4.84,34
998,PyTorch for Deep Learning,PyTorch,Beginner,4.87,2
999,TensorFlow Crash Course,Computer Vision,Beginner,3.42,5
1000,TensorFlow Crash Course,Data Visualization,Intermediate,3.25,13
1001,Statistics for Data Science,Data Analysis,Beginner,3.16,36
1002,PyTorch for Deep Learning,Machine Learning,Beginner,3.7,28
1003,Statistics for Data Science,PyTorch,Advanced,4.34,12
1004,Machine Learning Intro,TensorFlow,Advanced,3.81,25
1005,Neural Networks,Linear Algebra,Advanced,3.34,24
1006,Neural Networks,Data Visualization,Intermediate,4.2,27
1007,SQL for Data Science,Pandas,Advanced,4.04,20
1008,Pandas for Data Analysis,NLP,Advanced,5.0,28
1009,PyTorch for Deep Learning,Pandas,Beginner,3.82,19
1010,Advanced Python,Computer Vision,Beginner,4.7,38
1011,Computer Vision Basics,Machine Learning,Beginner,3.08,40
1012,Python Basics,Data Visualization,Beginner,4.75,19
1013,Natural Language Processing,PyTorch,Beginner,4.75,34
1014,Data Visualization with Python,Python,Intermediate,4.69,33
1015,Deep Learning Fundamentals,TensorFlow,Intermediate,4.79,32
1016,Machine Learning Intro,Python,Beginner,4.84,35
1017,Natural Language Processing,TensorFlow,Advanced,4.65,20
1018,Advanced Python,Machine Learning,Advanced,3.64,6
1019,Deep Learning Fundamentals,Linear Algebra,Beginner,3.58,4
1020,Machine Learning Intro,Numpy,Advanced,4.28,35
1021,Computer Vision Basics,PyTorch,Advanced,4.52,16
1022,Python Basics,TensorFlow,Advanced,3.03,2
1023,Python Basics,SQL,Intermediate,3.64,37
1024,Statistics for Data Science,Deep Learning,Advanced,4.22,7
1025,Natural Language Processing,Computer Vision,Beginner,4.05,5
1026,Advanced Python,Data Analysis,Beginner,4.73,10
1027,Pandas for Data Analysis,PyTorch,Beginner,4.41,37
1028,Python Basics,Data Visualization,Intermediate,4.95,33
1029,Numpy Fundamentals,Data Visualization,Intermediate,4.43,15
1030,Numpy Fundamentals,Python,Intermediate,3.55,27
1031,Natural Language Processing,Numpy,Beginner,3.73,7
1032,Data Visualization with Python,PyTorch,Beginner,4.61,4
1033,SQL for Data Science,NLP,Beginner,4.8,38
1034,Numpy Fundamentals,Data Analysis,Advanced,3.32,28
1035,Pandas for Data Analysis,Python,Beginner,3.97,31
1036,Python Basics,Data Visualization,Advanced,4.09,25
1037,Data Visualization with Python,Statistics,Beginner,3.47,25
1038,Natural Language Processing,Deep Learning,Beginner,4.07,13
1039,Deep Learning Fundamentals,Pandas,Beginner,3.04,24
1040,Python Basics,SQL,Intermediate,4.19,5
1041,Pandas for Data Analysis,Data Visualization,Intermediate,3.9,26
1042,Natural Language Processing,Pandas,Advanced,4.33,30
1043,Data Visualization with Python,NLP,Beginner,3.01,4
1044,Data Visualization with Python,Deep Learning,Beginner,3.38,15
1045,Neural Networks,Machine Learning,Intermediate,3.68,39
1046,Machine Learning Intro,Computer Vision,Intermediate,4.47,34
1047,Pandas for Data Analysis,Deep Learning,Intermediate,3.75,24
1048,Deep Learning Fundamentals,Computer Vision,Intermediate,3.11,13
1049,Pandas for Data Analysis,Data Visualization,Intermediate,3.46,25
1050,Deep Learning Fundamentals,Data Analysis,Beginner,4.36,40
1051,Numpy Fundamentals,Data Visualization,Intermediate,3.34,28
1052,Data Visualization with Python,Linear Algebra,Beginner,3.06,33
1053,SQL for Data Science,Machine Learning,Advanced,4.83,2
1054,Python Basics,Data Visualization,Beginner,4.63,38
1055,Data Visualization with Python,Python,Beginner,4.34,2
1056,Numpy Fundamentals,Computer Vision,Advanced,4.46,11
1057,SQL for Data Science,TensorFlow,Intermediate,4.25,31
1058,Python Basics,Data Analysis,Beginner,4.12,12
1059,Numpy Fundamentals,Python,Intermediate,3.18,38
1060,Machine Learning Intro,Computer Vision,Beginner,3.94,28
1061,Statistics for Data Science,SQL,Advanced,4.09,9
1062,Pandas for Data Analysis,Python,Beginner,3.02,2
1063,Neural Networks,Computer Vision,Beginner,4.81,15
1064,Data Visualization with Python,Pandas,Beginner,3.52,21
1065,Neural Networks,Python,Beginner,4.01,2
1066,Numpy Fundamentals,Machine Learning,Beginner,3.73,12
1067,Advanced Python,NLP,Intermediate,4.47,38
1068,Deep Learning Fundamentals,PyTorch,Advanced,4.21,11
1069,Advanced Python,Data Analysis,Intermediate,3.5,23
1070,Data Visualization with Python,PyTorch,Intermediate,4.86,20
1071,Natural Language Processing,Statistics,Advanced,3.99,23
1072,SQL for Data Science,TensorFlow,Intermediate,4.29,33
1073,Computer Vision Basics,Data Visualization,Advanced,3.81,27
1074,Statistics for Data Science,Data Visualization,Beginner,3.38,8
1075,Pandas for Data Analysis,PyTorch,Beginner,3.04,37
1076,Natural Language Processing,Numpy,Intermediate,3.02,25
1077,Statistics for Data Science,Python,Beginner,3.84,12
1078,Data Visualization with Python,Linear Algebra,Intermediate,4.63,20
1079,Neural Networks,NLP,Beginner,4.45,37
1080,Numpy Fundamentals,PyTorch,Beginner,3.68,24
1081,Machine Learning Intro,Linear Algebra,Intermediate,3.03,10
1082,TensorFlow Crash Course,Linear Algebra,Beginner,3.67,32
1083,PyTorch for Deep Learning,Statistics,Beginner,3.82,26
1084,Data Visualization with Python,Machine Learning,Beginner,4.55,6
1085,Computer Vision Basics,SQL,Advanced,4.93,31
1086,Pandas for Data Analysis,Machine Learning,Advanced,3.26,17
1087,Machine Learning Intro,Statistics,Advanced,4.39,35
1088,TensorFlow Crash Course,TensorFlow,Beginner,4.5,34
1089,Data Visualization with Python,NLP,Advanced,4.45,3
1090,TensorFlow Crash Course,PyTorch,Intermediate,3.75,17
1091,Advanced Python,Data Analysis,Beginner,4.58,12
1092,SQL for Data Science,Pandas,Beginner,3.11,32
1093,Data Visualization with Python,SQL,Advanced,4.46,39
1094,Pandas for Data Analysis,Python,Beginner,4.51,40
1095,PyTorch for Deep Learning,Data Visualization,Advanced,4.04,6
1096,SQL for Data Science,Data Analysis,Beginner,3.58,5
1097,Numpy Fundamentals,Deep Learning,Intermediate,3.32,7
1098,Natural Language Processing,Linear Algebra,Beginner,4.19,40
1099,Pandas for Data Analysis,Data Visualization,Intermediate,4.61,21
1100,Computer Vision Basics,Deep Learning,Beginner,4.79,4
1101,Pandas for Data Analysis,Linear Algebra,Advanced,4.43,2
1102,SQL for Data Science,Numpy,Beginner,4.82,11
1103,Computer Vision Basics,Machine Learning,Intermediate,3.86,20
1104,Data Visualization with Python,Deep Learning,Advanced,3.83,39
1105,Statistics for Data Science,Deep Learning,Beginner,3.56,39
1106,Computer Vision Basics,NLP,Intermediate,4.65,15
1107,Deep Learning Fundamentals,Python,Advanced,3.48,6
1108,Python Basics,SQL,Beginner,4.36,21
1109,PyTorch for Deep Learning,Data Visualization,Advanced,4.73,22
1110,Statistics for Data Science,Python,Beginner,3.21,12
1111,Machine Learning Intro,Data Visualization,Intermediate,4.35,21
1112,Numpy Fundamentals,Data Analysis,Advanced,4.29,10
1113,PyTorch for Deep Learning,NLP,Intermediate,4.11,22
1114,Computer Vision Basics,TensorFlow,Intermediate,4.35,29
1115,Pandas for Data Analysis,Data Analysis,Beginner,4.87,6
1116,Deep Learning Fundamentals,Computer Vision,Advanced,4.48,32
1117,PyTorch for Deep Learning,Pandas,Advanced,4.9,38
1118,PyTorch for Deep Learning,Computer Vision,Beginner,4.23,32
1119,Neural Networks,Python,Intermediate,3.95,7
1120,Python Basics,Pandas,Advanced,4.38,20
1121,TensorFlow Crash Course,PyTorch,Beginner,4.64,25
1122,Numpy Fundamentals,Data Analysis,Beginner,3.39,25
1123,Python Basics,Computer Vision,Beginner,3.88,12
1124,PyTorch for Deep Learning,TensorFlow,Advanced,3.9,39
1125,Neural Networks,Data Visualization,Beginner,4.75,23
1126,TensorFlow Crash Course,TensorFlow,Beginner,4.42,35
1127,Numpy Fundamentals,Pandas,Intermediate,3.7,16
1128,Machine Learning Intro,Machine Learning,Beginner,3.48,34
1129,Computer Vision Basics,Data Analysis,Intermediate,4.08,10
1130,Python Basics,NLP,Advanced,3.39,2
1131,SQL for Data Science,Linear Algebra,Intermediate,3.33,4
1132,Advanced Python,Data Analysis,Intermediate,3.43,38
1133,SQL for Data Science,TensorFlow,Beginner,3.29,20
1134,Numpy Fundamentals,NLP,Advanced,3.97,26
1135,Python Basics,Python,Intermediate,3.76,37
1136,Natural Language Processing,SQL,Advanced,4.33,35
1137,Computer Vision Basics,TensorFlow,Advanced,4.91,39
1138,Pandas for Data Analysis,Python,Intermediate,4.55,37
1139,PyTorch for Deep Learning,Deep Learning,Advanced,4.9,33
1140,Numpy Fundamentals,Data Visualization,Intermediate,3.83,29
1141,SQL for Data Science,TensorFlow,Intermediate,4.88,7
1142,TensorFlow Crash Course,Data Analysis,Advanced,4.02,9
1143,SQL for Data Science,TensorFlow,Beginner,3.41,18
1144,Python Basics,Computer Vision,Advanced,3.3,10
1145,Neural Networks,NLP,Beginner,3.58,4
1146,Statistics for Data Science,Computer Vision,Advanced,4.49,18
1147,Natural Language Processing,Machine Learning,Advanced,4.14,33
1148,PyTorch for Deep Learning,Deep Learning,Beginner,4.83,7
1149,TensorFlow Crash Course,Linear Algebra,Advanced,4.96,13
1150,Numpy Fundamentals,Linear Algebra,Advanced,3.09,28
1151,SQL for Data Science,Linear Algebra,Beginner,3.86,24
1152,SQL for Data Science,Statistics,Advanced,4.68,9
1153,Natural Language Processing,Data Visualization,Advanced,4.51,33
1154,SQL for Data Science,TensorFlow,Beginner,3.23,39
1155,Pandas for Data Analysis,SQL,Advanced,4.69,31
1156,Computer Vision Basics,Data Visualization,Intermediate,4.14,27
1157,Machine Learning Intro,Computer Vision,Intermediate,4.98,7
1158,Pandas for Data Analysis,Deep Learning,Beginner,3.72,37
1159,TensorFlow Crash Course,Statistics,Beginner,3.53,11
1160,Neural Networks,Pandas,Beginner,3.7,13
1161,Numpy Fundamentals,NLP,Beginner,3.73,4
1162,Pandas for Data Analysis,SQL,Intermediate,4.65,32
1163,Pandas for Data Analysis,Python,Intermediate,3.85,13
1164,Computer Vision Basics,Python,Beginner,3.89,31
1165,Natural Language Processing,TensorFlow,Beginner,4.18,26
1166,Natural Language Processing,Data Visualization,Beginner,4.23,29
1167,Computer Vision Basics,Deep Learning,Beginner,4.0,39
1168,SQL for Data Science,Python,Intermediate,4.41,16
1169,Natural Language Processing,NLP,Advanced,4.74,9
1170,Python Basics,Data Analysis,Advanced,3.1,9
1171,Natural Language Processing,PyTorch,Beginner,4.37,34
1172,Python Basics,TensorFlow,Beginner,3.98,16
1173,Computer Vision Basics,Numpy,Intermediate,3.2,9
1174,Numpy Fundamentals,Numpy,Advanced,3.35,12
1175,Neural Networks,Deep Learning,Beginner,4.18,15
1176,Neural Networks,Linear Algebra,Intermediate,3.82,27
1177,Pandas for Data Analysis,Machine Learning,Intermediate,3.46,27
1178,SQL for Data Science,Data Analysis,Advanced,4.62,11
1179,Computer Vision Basics,TensorFlow,Advanced,3.4,14
1180,SQL for Data Science,TensorFlow,Advanced,3.94,25
1181,Statistics for Data Science,SQL,Advanced,4.0,21
1182,Python Basics,Numpy,Beginner,3.76,8
1183,Numpy Fundamentals,SQL,Beginner,4.06,29
1184,PyTorch for Deep Learning,Computer Vision,Advanced,3.66,36
1185,Deep Learning Fundamentals,Data Analysis,Advanced,4.11,39
1186,Deep Learning Fundamentals,Data Visualization,Advanced,4.18,4
1187,Computer Vision Basics,Deep Learning,Intermediate,3.09,20
1188,Data Visualization with Python,Pandas,Intermediate,3.26,9
1189,Neural Networks,Data Visualization,Beginner,3.65,18
1190,PyTorch for Deep Learning,Numpy,Intermediate,3.74,39
1191,Deep Learning Fundamentals,Deep Learning,Intermediate,4.12,33
1192,Python Basics,Numpy,Beginner,4.16,35
1193,Machine Learning Intro,Numpy,Beginner,4.14,40
1194,Neural Networks,TensorFlow,Advanced,3.35,9
1195,Python Basics,TensorFlow,Intermediate,4.06,2
1196,Machine Learning Intro,Deep Learning,Advanced,4.73,29
1197,Data Visualization with Python,Deep Learning,Beginner,3.64,14
1198,Data Visualization with Python,NLP,Beginner,3.36,36
1199,Numpy Fundamentals,Machine Learning,Intermediate,4.69,32
1200,PyTorch for Deep Learning,Statistics,Beginner,3.82,21
1201,Natural Language Processing,Statistics,Intermediate,4.72,30
1202,Numpy Fundamentals,Deep Learning,Beginner,3.66,10
1203,Natural Language Processing,PyTorch,Beginner,4.1,24
1204,Python Basics,Computer Vision,Advanced,3.96,10
1205,Data Visualization with Python,Numpy,Intermediate,3.94,13
1206,Python Basics,Deep Learning,Advanced,3.66,30
1207,Deep Learning Fundamentals,SQL,Beginner,4.68,28
1208,Machine Learning Intro,Python,Intermediate,3.42,13
1209,Pandas for Data Analysis,Computer Vision,Beginner,3.52,29
1210,Data Visualization with Python,NLP,Beginner,4.92,24
1211,Pandas for Data Analysis,TensorFlow,Beginner,3.22,16
1212,Pandas for Data Analysis,Pandas,Beginner,3.36,28
1213,SQL for Data Science,Data Visualization,Intermediate,4.58,30
1214,Neural Networks,Data Visualization,Beginner,4.85,4
1215,Neural Networks,Machine Learning,Intermediate,3.74,17
1216,Numpy Fundamentals,Data Analysis,Advanced,4.64,21
1217,Statistics for Data Science,SQL,Beginner,4.93,3
1218,Advanced Python,Statistics,Intermediate,3.23,28
1219,Numpy Fundamentals,Python,Advanced,3.06,7
1220,Advanced Python,Machine Learning,Advanced,3.86,35
1221,Statistics for Data Science,Numpy,Intermediate,3.85,25
1222,Pandas for Data Analysis,NLP,Intermediate,3.69,14
1223,Pandas for Data Analysis,Deep Learning,Beginner,4.27,29
1224,Deep Learning Fundamentals,Data Analysis,Advanced,4.74,30
1225,Python Basics,Machine Learning,Beginner,4.26,26
1226,Pandas for Data Analysis,Machine Learning,Advanced,3.42,12
1227,Neural Networks,Linear Algebra,Beginner,3.99,33
1228,Numpy Fundamentals,Pandas,Advanced,3.07,39
1229,Neural Networks,Linear Algebra,Intermediate,3.68,33
1230,Advanced Python,Machine Learning,Intermediate,3.1,6
1231,Numpy Fundamentals,Deep Learning,Beginner,3.39,20
1232,Machine Learning Intro,Data Analysis,Advanced,4.32,3
1233,Machine Learning Intro,Python,Beginner,4.6,27
1234,Machine Learning Intro,Linear Algebra,Beginner,3.05,20
1235,Numpy Fundamentals,Numpy,Intermediate,4.16,25
1236,SQL for Data Science,Data Visualization,Intermediate,4.38,5
1237,Numpy Fundamentals,SQL,Intermediate,3.79,33
1238,Numpy Fundamentals,Data Visualization,Beginner,4.09,9
1239,Natural Language Processing,Linear Algebra,Advanced,3.9,19
1240,SQL for Data Science,Machine Learning,Advanced,4.85,17
1241,TensorFlow Crash Course,Data Visualization,Beginner,4.46,3
1242,TensorFlow Crash Course,Numpy,Intermediate,3.96,22
1243,TensorFlow Crash Course,Statistics,Beginner,4.06,36
1244,PyTorch for Deep Learning,PyTorch,Advanced,4.69,33
1245,Computer Vision Basics,Statistics,Intermediate,4.14,15
1246,SQL for Data Science,PyTorch,Intermediate,4.77,25
1247,Statistics for Data Science,Computer Vision,Intermediate,3.75,36
1248,Python Basics,Statistics,Beginner,4.33,38
1249,Deep Learning Fundamentals,Python,Advanced,3.07,30
1250,Pandas for Data Analysis,SQL,Advanced,3.17,21
1251,Computer Vision Basics,Pandas,Intermediate,4.1,14
1252,Numpy Fundamentals,SQL,Beginner,4.07,28
1253,Machine Learning Intro,Data Analysis,Intermediate,3.5,30
1254,Numpy Fundamentals,SQL,Advanced,3.43,35
1255,TensorFlow Crash Course,SQL,Advanced,3.61,23
1256,Machine Learning Intro,SQL,Advanced,3.03,12
1257,PyTorch for Deep Learning,Deep Learning,Advanced,4.16,36
1258,TensorFlow Crash Course,Computer Vision,Beginner,3.89,14
1259,Pandas for Data Analysis,Computer Vision,Advanced,3.63,18
1260,Neural Networks,TensorFlow,Advanced,4.74,18
1261,SQL for Data Science,Computer Vision,Advanced,4.06,32
1262,SQL for Data Science,NLP,Advanced,4.76,28
1263,TensorFlow Crash Course,Computer Vision,Advanced,4.69,12
1264,Advanced Python,TensorFlow,Beginner,4.88,25
1265,Deep Learning Fundamentals,Machine Learning,Advanced,4.63,5
1266,Neural Networks,TensorFlow,Beginner,3.65,5
1267,TensorFlow Crash Course,Numpy,Advanced,4.83,38
1268,Natural Language Processing,NLP,Intermediate,4.52,7
1269,Pandas for Data Analysis,Machine Learning,Advanced,4.08,10
1270,Advanced Python,Numpy,Advanced,3.56,12
1271,Deep Learning Fundamentals,Data Analysis,Advanced,4.17,16
1272,TensorFlow Crash Course,NLP,Intermediate,3.29,27
1273,Numpy Fundamentals,Linear Algebra,Beginner,3.5,5
1274,Python Basics,Computer Vision,Beginner,3.34,4
1275,Deep Learning Fundamentals,Numpy,Intermediate,3.05,37
1276,SQL for Data Science,Data Analysis,Intermediate,3.66,18
1277,Deep Learning Fundamentals,NLP,Beginner,3.25,4
1278,Machine Learning Intro,Statistics,Beginner,3.99,24
1279,Python Basics,Machine Learning,Intermediate,4.8,28
1280,Python Basics,Deep Learning,Beginner,3.99,2
1281,Computer Vision Basics,Python,Beginner,4.84,33
1282,Machine Learning Intro,Data Analysis,Advanced,3.72,35
1283,Python Basics,PyTorch,Advanced,4.54,7
1284,Machine Learning Intro,SQL,Beginner,3.87,5
1285,Python Basics,Computer Vision,Advanced,3.75,37
1286,SQL for Data Science,NLP,Intermediate,4.38,23
1287,Numpy Fundamentals,Data Analysis,Advanced,3.12,38
1288,Statistics for Data Science,Data Analysis,Intermediate,4.34,25
1289,TensorFlow Crash Course,Python,Advanced,3.08,26
1290,Natural Language Processing,PyTorch,Intermediate,3.75,19
1291,Advanced Python,Data Analysis,Intermediate,4.0,19
1292,Statistics for Data Science,Numpy,Advanced,4.31,30
1293,Machine Learning Intro,Python,Advanced,3.89,38
1294,Neural Networks,Deep Learning,Advanced,3.99,22
1295,Computer Vision Basics,Deep Learning,Intermediate,3.54,29
1296,Pandas for Data Analysis,SQL,Advanced,3.06,5
1297,Machine Learning Intro,Machine Learning,Beginner,4.68,31
1298,Machine Learning Intro,Numpy,Intermediate,3.99,32
1299,Natural Language Processing,Data Visualization,Advanced,3.71,7
1300,SQL for Data Science,Linear Algebra,Advanced,3.08,23
1301,PyTorch for Deep Learning,Numpy,Advanced,3.8,15
1302,SQL for Data Science,Deep Learning,Advanced,3.08,19
1303,Data Visualization with Python,Statistics,Intermediate,3.84,24
1304,PyTorch for Deep Learning,TensorFlow,Intermediate,4.21,9
1305,Neural Networks,PyTorch,Advanced,3.0,15
1306,Machine Learning Intro,TensorFlow,Advanced,4.86,3
1307,Natural Language Processing,Pandas,Beginner,3.6,4
1308,Deep Learning Fundamentals,Data Visualization,Intermediate,3.1,40
1309,Data Visualization with Python,Numpy,Intermediate,3.44,3
1310,Deep Learning Fundamentals,SQL,Beginner,3.16,12
1311,Pandas for Data Analysis,Data Visualization,Advanced,4.28,39
1312,Numpy Fundamentals,NLP,Intermediate,4.63,9
1313,Python Basics,Data Analysis,Intermediate,3.71,11
1314,Statistics for Data Science,Computer Vision,Beginner,4.3,17
1315,Neural Networks,Numpy,Intermediate,3.29,23
1316,TensorFlow Crash Course,Data Visualization,Beginner,3.28,40
1317,Statistics for Data Science,Deep Learning,Intermediate,3.92,15
1318,TensorFlow Crash Course,Numpy,Intermediate,4.11,24
1319,Computer Vision Basics,NLP,Advanced,3.82,11
1320,SQL for Data Science,Pandas,Beginner,4.61,32
1321,Machine Learning Intro,Python,Intermediate,4.07,27
1322,Natural Language Processing,Machine Learning,Beginner,3.36,3
1323,PyTorch for Deep Learning,Deep Learning,Beginner,3.49,15
1324,PyTorch for Deep Learning,PyTorch,Intermediate,3.52,19
1325,Machine Learning Intro,Deep Learning,Advanced,3.72,24
1326,Deep Learning Fundamentals,Python,Advanced,3.17,20
1327,Python Basics,Data Visualization,Beginner,4.39,16
1328,SQL for Data Science,Pandas,Advanced,3.67,12
1329,Computer Vision Basics,Computer Vision,Beginner,4.78,30
1330,Computer Vision Basics,Machine Learning,Intermediate,4.09,8
1331,Natural Language Processing,PyTorch,Beginner,4.59,33
1332,Neural Networks,Linear Algebra,Intermediate,4.49,30
1333,Natural Language Processing,Numpy,Intermediate,4.87,14
1334,Machine Learning Intro,Machine Learning,Advanced,4.24,4
1335,PyTorch for Deep Learning,SQL,Intermediate,4.93,15
1336,Pandas for Data Analysis,NLP,Beginner,4.35,10
1337,Advanced Python,Deep Learning,Beginner,3.53,39
1338,Natural Language Processing,Computer Vision,Beginner,3.54,16
1339,Python Basics,NLP,Intermediate,3.1,11
1340,SQL for Data Science,Numpy,Beginner,3.46,13
1341,Python Basics,Linear Algebra,Intermediate,4.71,14
1342,SQL for Data Science,PyTorch,Advanced,3.5,35
1343,PyTorch for Deep Learning,Data Analysis,Intermediate,3.05,40
1344,Machine Learning Intro,NLP,Advanced,4.85,29
1345,Computer Vision Basics,Data Analysis,Intermediate,3.64,34
1346,TensorFlow Crash Course,NLP,Advanced,3.81,22
1347,Natural Language Processing,NLP,Intermediate,3.01,17
1348,TensorFlow Crash Course,Data Visualization,Beginner,3.05,5
1349,Data Visualization with Python,PyTorch,Beginner,3.84,28
1350,Python Basics,Numpy,Advanced,4.27,22
1351,Python Basics,Python,Intermediate,4.2,40
1352,Deep Learning Fundamentals,TensorFlow,Beginner,3.35,40
1353,Python Basics,Computer Vision,Beginner,4.98,27
1354,Pandas for Data Analysis,Data Visualization,Intermediate,4.15,15
1355,Advanced Python,TensorFlow,Intermediate,3.99,8
1356,PyTorch for Deep Learning,NLP,Intermediate,4.21,28
1357,SQL for Data Science,Numpy,Advanced,4.81,10
1358,Statistics for Data Science,Pandas,Advanced,3.53,38
1359,Neural Networks,Statistics,Beginner,4.42,3
1360,Neural Networks,Statistics,Advanced,4.24,35
1361,PyTorch for Deep Learning,Data Analysis,Beginner,4.68,38
1362,Machine Learning Intro,SQL,Beginner,3.54,13
1363,Machine Learning Intro,Linear Algebra,Advanced,3.82,33
1364,Data Visualization with Python,NLP,Advanced,3.01,11
1365,Machine Learning Intro,Python,Beginner,3.11,3
1366,Advanced Python,Data Analysis,Intermediate,3.76,23
1367,Computer Vision Basics,Numpy,Intermediate,4.83,33
1368,PyTorch for Deep Learning,Data Visualization,Beginner,4.99,6
1369,Pandas for Data Analysis,Python,Intermediate,4.8,9
1370,Pandas for Data Analysis,Deep Learning,Beginner,3.17,37
1371,SQL for Data Science,Linear Algebra,Beginner,4.38,24
1372,PyTorch for Deep Learning,NLP,Beginner,3.34,36
1373,SQL for Data Science,Python,Intermediate,3.06,6
1374,Natural Language Processing,NLP,Intermediate,3.44,11
1375,PyTorch for Deep Learning,TensorFlow,Beginner,4.89,12
1376,Neural Networks,NLP,Advanced,3.45,40
1377,Numpy Fundamentals,Computer Vision,Beginner,3.11,24
1378,Statistics for Data Science,PyTorch,Advanced,3.15,27
1379,Computer Vision Basics,Data Analysis,Advanced,4.31,39
1380,Deep Learning Fundamentals,Data Visualization,Beginner,4.25,18
1381,Python Basics,Python,Beginner,3.92,22
1382,Advanced Python,Numpy,Advanced,3.85,9
1383,Neural Networks,Computer Vision,Advanced,3.95,10
1384,PyTorch for Deep Learning,Data Analysis,Intermediate,4.39,34
1385,Computer Vision Basics,NLP,Beginner,3.67,35
1386,Natural Language Processing,Data Analysis,Advanced,3.82,40
1387,Natural Language Processing,SQL,Advanced,4.42,34
1388,TensorFlow Crash Course,TensorFlow,Intermediate,3.54,23
1389,Neural Networks,Data Visualization,Intermediate,3.14,29
1390,Advanced Python,NLP,Beginner,4.48,8
1391,PyTorch for Deep Learning,Pandas,Advanced,4.97,13
1392,Python Basics,PyTorch,Beginner,4.17,25
1393,Statistics for Data Science,Numpy,Beginner,4.81,15
1394,Natural Language Processing,Statistics,Advanced,4.03,34
1395,Python Basics,Python,Advanced,4.74,6
1396,Data Visualization with Python,Data Analysis,Intermediate,3.44,25
1397,Deep Learning Fundamentals,Linear Algebra,Advanced,4.23,3
1398,Natural Language Processing,Statistics,Advanced,4.22,8
1399,Natural Language Processing,Python,Beginner,4.53,38
1400,PyTorch for Deep Learning,TensorFlow,Beginner,3.31,21
1401,Natural Language Processing,NLP,Intermediate,3.98,26
1402,Deep Learning Fundamentals,Python,Beginner,3.59,7
1403,Neural Networks,Data Analysis,Beginner,4.64,29
1404,PyTorch for Deep Learning,PyTorch,Advanced,3.61,15
1405,Machine Learning Intro,Data Visualization,Beginner,4.28,31
1406,Computer Vision Basics,Statistics,Advanced,3.94,2
1407,Machine Learning Intro,Pandas,Advanced,4.43,7
1408,Data Visualization with Python,Data Analysis,Beginner,3.64,9
1409,TensorFlow Crash Course,Statistics,Intermediate,4.29,11
1410,Pandas for Data Analysis,Data Analysis,Advanced,4.41,32
1411,Numpy Fundamentals,Machine Learning,Intermediate,4.26,18
1412,SQL for Data Science,Data Visualization,Beginner,4.84,17
1413,Natural Language Processing,TensorFlow,Advanced,3.62,39
1414,Deep Learning Fundamentals,NLP,Intermediate,3.8,21
1415,Pandas for Data Analysis,Computer Vision,Intermediate,4.67,28
1416,SQL for Data Science,Computer Vision,Advanced,3.31,23
1417,Statistics for Data Science,Data Analysis,Intermediate,4.71,2
1418,Numpy Fundamentals,Numpy,Advanced,4.71,35
1419,SQL for Data Science,Statistics,Advanced,3.82,40
1420,Python Basics,Python,Beginner,3.19,13
1421,Python Basics,Pandas,Advanced,3.6,3
1422,Advanced Python,TensorFlow,Beginner,4.34,3
1423,Pandas for Data Analysis,SQL,Intermediate,4.25,26
1424,Statistics for Data Science,SQL,Advanced,3.42,33
1425,Advanced Python,Numpy,Intermediate,3.94,36
1426,Deep Learning Fundamentals,Numpy,Advanced,3.54,36
1427,Numpy Fundamentals,Data Analysis,Advanced,3.57,7
1428,Data Visualization with Python,Numpy,Intermediate,4.17,23
1429,Pandas for Data Analysis,Linear Algebra,Intermediate,3.7,21
1430,Machine Learning Intro,Linear Algebra,Advanced,3.91,38
1431,Advanced Python,Data Analysis,Intermediate,3.69,37
1432,SQL for Data Science,NLP,Advanced,3.68,38
1433,PyTorch for Deep Learning,TensorFlow,Intermediate,4.18,23
1434,Data Visualization with Python,TensorFlow,Beginner,4.51,32
1435,Computer Vision Basics,Data Analysis,Advanced,3.48,7
1436,Machine Learning Intro,Computer Vision,Beginner,3.97,15
1437,Computer Vision Basics,Machine Learning,Beginner,3.21,32
1438,Data Visualization with Python,Pandas,Beginner,3.22,40
1439,Data Visualization with Python,NLP,Beginner,3.5,23
1440,Numpy Fundamentals,TensorFlow,Advanced,3.46,11
1441,Data Visualization with Python,Statistics,Intermediate,3.21,31
1442,Machine Learning Intro,Python,Beginner,3.25,13
1443,Statistics for Data Science,SQL,Intermediate,3.36,6
1444,TensorFlow Crash Course,Statistics,Beginner,3.85,32
1445,Python Basics,Numpy,Intermediate,4.81,10
1446,Deep Learning Fundamentals,PyTorch,Advanced,4.79,6
1447,Numpy Fundamentals,Computer Vision,Advanced,4.07,15
1448,TensorFlow Crash Course,Numpy,Intermediate,3.98,32
1449,SQL for Data Science,Machine Learning,Intermediate,4.07,24
1450,Advanced Python,NLP,Beginner,3.83,24
1451,SQL for Data Science,Numpy,Advanced,4.19,12
1452,Deep Learning Fundamentals,Machine Learning,Intermediate,4.14,33
1453,Statistics for Data Science,Deep Learning,Advanced,3.97,5
1454,Numpy Fundamentals,Linear Algebra,Advanced,4.17,21
1455,Neural Networks,Python,Beginner,4.56,10
1456,PyTorch for Deep Learning,Data Analysis,Beginner,4.31,19
1457,Pandas for Data Analysis,NLP,Intermediate,4.25,8
1458,Machine Learning Intro,Linear Algebra,Beginner,4.55,7
1459,Computer Vision Basics,Numpy,Advanced,4.73,18
1460,TensorFlow Crash Course,SQL,Advanced,4.51,6
1461,SQL for Data Science,Linear Algebra,Intermediate,4.75,33
1462,Neural Networks,Linear Algebra,Intermediate,3.85,33
1463,Statistics for Data Science,PyTorch,Intermediate,3.85,33
1464,Neural Networks,Python,Advanced,4.1,13
1465,Deep Learning Fundamentals,Numpy,Advanced,3.54,9
1466,Advanced Python,SQL,Beginner,4.69,17
1467,Python Basics,Deep Learning,Intermediate,4.42,27
1468,TensorFlow Crash Course,Statistics,Advanced,4.26,30
1469,Pandas for Data Analysis,SQL,Beginner,4.89,21
1470,Advanced Python,Data Analysis,Intermediate,4.83,37
1471,Neural Networks,Pandas,Advanced,4.52,27
1472,Python Basics,Statistics,Beginner,4.14,24
1473,Deep Learning Fundamentals,Deep Learning,Advanced,3.17,19
1474,Deep Learning Fundamentals,Numpy,Advanced,4.82,31
1475,TensorFlow Crash Course,NLP,Advanced,4.45,14
1476,PyTorch for Deep Learning,Data Visualization,Advanced,3.74,28
1477,Statistics for Data Science,TensorFlow,Intermediate,4.11,18
1478,PyTorch for Deep Learning,Linear Algebra,Intermediate,3.14,30
1479,SQL for Data Science,NLP,Beginner,4.35,3
1480,PyTorch for Deep Learning,SQL,Intermediate,4.31,4
1481,SQL for Data Science,Python,Advanced,4.84,9
1482,Numpy Fundamentals,Computer Vision,Advanced,3.65,17
1483,Statistics for Data Science,TensorFlow,Advanced,4.85,23
1484,Computer Vision Basics,Statistics,Advanced,3.75,26
1485,Neural Networks,Data Visualization,Intermediate,4.45,37
1486,SQL for Data Science,Machine Learning,Advanced,3.82,8
1487,Deep Learning Fundamentals,Statistics,Advanced,3.9,34
1488,SQL for Data Science,Data Visualization,Advanced,3.33,37
1489,Machine Learning Intro,Data Visualization,Intermediate,3.8,22
1490,Advanced Python,SQL,Beginner,3.86,20
1491,Natural Language Processing,TensorFlow,Beginner,4.94,37
1492,Deep Learning Fundamentals,Computer Vision,Advanced,3.56,29
1493,TensorFlow Crash Course,Statistics,Intermediate,4.78,20
1494,Machine Learning Intro,Data Analysis,Beginner,4.85,17
1495,Deep Learning Fundamentals,Pandas,Beginner,4.15,32
1496,Numpy Fundamentals,Pandas,Intermediate,3.17,7
1497,Python Basics,Data Analysis,Beginner,4.87,15
1498,Statistics for Data Science,Computer Vision,Beginner,4.47,20
1499,Data Visualization with Python,Numpy,Intermediate,4.86,20
1500,TensorFlow Crash Course,Statistics,Intermediate,3.33,36
1501,Python Basics,Data Analysis,Advanced,3.92,33
1502,Natural Language Processing,Machine Learning,Intermediate,3.73,3
1503,Python Basics,Machine Learning,Beginner,4.01,32
1504,Pandas for Data Analysis,Numpy,Beginner,3.68,26
1505,Pandas for Data Analysis,Data Visualization,Beginner,3.78,36
1506,Data Visualization with Python,Machine Learning,Beginner,3.72,40
1507,Neural Networks,Pandas,Beginner,4.23,29
1508,Neural Networks,Data Analysis,Intermediate,4.53,9
1509,PyTorch for Deep Learning,Python,Beginner,4.71,24
1510,Pandas for Data Analysis,Data Analysis,Intermediate,3.55,40
1511,SQL for Data Science,Python,Intermediate,4.67,24
1512,Advanced Python,Statistics,Beginner,3.05,11
1513,Neural Networks,PyTorch,Beginner,3.7,34
1514,Neural Networks,NLP,Beginner,3.04,7
1515,Pandas for Data Analysis,NLP,Advanced,3.66,20
1516,Machine Learning Intro,Computer Vision,Intermediate,3.36,2
1517,TensorFlow Crash Course,PyTorch,Beginner,4.79,30
1518,Natural Language Processing,Computer Vision,Intermediate,3.64,7
1519,SQL for Data Science,Computer Vision,Advanced,4.64,31
1520,Python Basics,Python,Intermediate,3.98,13
1521,Neural Networks,Deep Learning,Advanced,4.71,5
1522,Natural Language Processing,Statistics,Intermediate,4.32,30
1523,Advanced Python,Pandas,Intermediate,3.42,7
1524,Computer Vision Basics,TensorFlow,Beginner,4.85,32
1525,Neural Networks,Machine Learning,Intermediate,3.37,37
1526,SQL for Data Science,Statistics,Intermediate,3.91,40
1527,Pandas for Data Analysis,SQL,Beginner,3.73,26
1528,Python Basics,Deep Learning,Intermediate,4.65,9
1529,Statistics for Data Science,Python,Beginner,3.01,14
1530,Computer Vision Basics,Linear Algebra,Intermediate,3.94,5
1531,Pandas for Data Analysis,NLP,Beginner,4.65,14
1532,Data Visualization with Python,Pandas,Intermediate,4.54,18
1533,Natural Language Processing,SQL,Advanced,3.15,29
1534,Pandas for Data Analysis,Pandas,Intermediate,3.37,12
1535,Machine Learning Intro,Python,Advanced,3.76,15
1536,Pandas for Data Analysis,Data Analysis,Beginner,3.71,37
1537,Neural Networks,NLP,Advanced,4.61,13
1538,Numpy Fundamentals,Machine Learning,Beginner,4.06,40
1539,Advanced Python,NLP,Advanced,4.07,8
1540,Python Basics,TensorFlow,Intermediate,4.14,23
1541,Machine Learning Intro,Python,Advanced,4.72,37
1542,Machine Learning Intro,NLP,Advanced,4.59,12
1543,Advanced Python,Statistics,Intermediate,4.48,19
1544,TensorFlow Crash Course,SQL,Beginner,4.08,29
1545,Advanced Python,Linear Algebra,Advanced,4.71,23
1546,Data Visualization with Python,SQL,Advanced,4.8,2
1547,TensorFlow Crash Course,Pandas,Beginner,3.95,33
1548,Numpy Fundamentals,Data Visualization,Advanced,3.09,20
1549,PyTorch for Deep Learning,Pandas,Beginner,3.93,12
1550,Deep Learning Fundamentals,TensorFlow,Advanced,4.01,36
1551,Natural Language Processing,Pandas,Advanced,4.65,16
1552,TensorFlow Crash Course,Pandas,Advanced,3.36,22
1553,PyTorch for Deep Learning,Pandas,Intermediate,4.81,12
1554,TensorFlow Crash Course,TensorFlow,Intermediate,3.55,25
1555,TensorFlow Crash Course,Linear Algebra,Beginner,4.27,10
1556,Advanced Python,PyTorch,Beginner,3.85,15
1557,Statistics for Data Science,Data Analysis,Intermediate,4.25,39
1558,Computer Vision Basics,Statistics,Beginner,4.22,6
1559,Computer Vision Basics,Statistics,Advanced,4.71,38
1560,Statistics for Data Science,Data Visualization,Beginner,3.56,22
1561,Numpy Fundamentals,Statistics,Intermediate,4.39,7
1562,SQL for Data Science,Data Visualization,Beginner,4.17,16
1563,Advanced Python,SQL,Beginner,3.87,19
1564,TensorFlow Crash Course,Data Analysis,Intermediate,3.62,35
1565,PyTorch for Deep Learning,SQL,Advanced,3.43,32
1566,Statistics for Data Science,Machine Learning,Advanced,3.93,26
1567,Statistics for Data Science,NLP,Advanced,4.23,31
1568,Advanced Python,Linear Algebra,Intermediate,4.2,14
1569,Computer Vision Basics,Numpy,Advanced,3.85,39
1570,Machine Learning Intro,TensorFlow,Advanced,4.72,6
1571,Statistics for Data Science,Statistics,Advanced,3.95,22
1572,Computer Vision Basics,Python,Intermediate,4.27,29
1573,Pandas for Data Analysis,Pandas,Beginner,3.76,6
1574,Natural Language Processing,SQL,Beginner,4.06,25
1575,Statistics for Data Science,Data Visualization,Intermediate,3.86,31
1576,TensorFlow Crash Course,PyTorch,Intermediate,3.73,3
1577,SQL for Data Science,Deep Learning,Intermediate,4.13,17
1578,TensorFlow Crash Course,Machine Learning,Beginner,3.96,22
1579,Neural Networks,Data Visualization,Intermediate,4.16,23
1580,Machine Learning Intro,Data Analysis,Advanced,4.61,32
1581,Numpy Fundamentals,Python,Intermediate,4.77,21
1582,Data Visualization with Python,Data Visualization,Beginner,3.11,17
1583,Natural Language Processing,Numpy,Intermediate,3.48,15
1584,PyTorch for Deep Learning,Linear Algebra,Advanced,3.49,13
1585,Statistics for Data Science,Computer Vision,Intermediate,4.54,8
1586,Computer Vision Basics,Machine Learning,Beginner,3.29,33
1587,Computer Vision Basics,Data Visualization,Advanced,4.84,24
1588,SQL for Data Science,Data Visualization,Beginner,4.38,4
1589,Neural Networks,Data Visualization,Beginner,4.54,4
1590,Deep Learning Fundamentals,Computer Vision,Intermediate,4.63,30
1591,Computer Vision Basics,Deep Learning,Beginner,4.96,22
1592,SQL for Data Science,Machine Learning,Beginner,4.22,20
1593,Pandas for Data Analysis,Deep Learning,Beginner,4.73,20
1594,Machine Learning Intro,TensorFlow,Beginner,4.82,20
1595,Deep Learning Fundamentals,Computer Vision,Advanced,4.99,23
1596,PyTorch for Deep Learning,Python,Beginner,4.31,5
1597,PyTorch for Deep Learning,Python,Advanced,3.97,22
1598,Numpy Fundamentals,Pandas,Beginner,3.51,6
1599,Statistics for Data Science,Computer Vision,Advanced,3.37,23
1600,PyTorch for Deep Learning,TensorFlow,Advanced,3.52,27
1601,Pandas for Data Analysis,Numpy,Advanced,4.63,11
1602,Numpy Fundamentals,Data Visualization,Advanced,3.01,33
1603,Computer Vision Basics,PyTorch,Beginner,4.83,38
1604,Neural Networks,Statistics,Intermediate,4.31,14
1605,Natural Language Processing,TensorFlow,Advanced,3.57,26
1606,Advanced Python,Computer Vision,Advanced,4.69,28
1607,Pandas for Data Analysis,Python,Beginner,3.07,17
1608,Computer Vision Basics,Data Visualization,Beginner,4.63,31
1609,Advanced Python,PyTorch,Advanced,3.8,8
1610,Numpy Fundamentals,Pandas,Advanced,4.25,27
1611,Statistics for Data Science,Pandas,Advanced,3.05,34
1612,Pandas for Data Analysis,Numpy,Beginner,3.66,38
1613,Pandas for Data Analysis,Computer Vision,Advanced,3.12,25
1614,Statistics for Data Science,Pandas,Beginner,4.25,22
1615,Natural Language Processing,Linear Algebra,Beginner,3.9,27
1616,Advanced Python,TensorFlow,Advanced,4.31,19
1617,PyTorch for Deep Learning,Computer Vision,Advanced,3.25,33
1618,Advanced Python,NLP,Advanced,4.04,4
1619,Python Basics,Statistics,Advanced,4.78,31
1620,Deep Learning Fundamentals,PyTorch,Intermediate,3.78,23
1621,Pandas for Data Analysis,Python,Advanced,4.47,22
1622,Pandas for Data Analysis,Statistics,Advanced,4.03,15
1623,Python Basics,Deep Learning,Advanced,4.85,38
1624,Natural Language Processing,Python,Beginner,4.93,18
1625,Data Visualization with Python,PyTorch,Advanced,4.67,7
1626,Natural Language Processing,Data Analysis,Advanced,3.97,18
1627,PyTorch for Deep Learning,Pandas,Intermediate,3.41,4
1628,Advanced Python,PyTorch,Intermediate,3.77,5
1629,Advanced Python,Data Analysis,Beginner,4.59,18
1630,Python Basics,Data Visualization,Intermediate,4.34,13
1631,Pandas for Data Analysis,Deep Learning,Intermediate,4.54,26
1632,Numpy Fundamentals,TensorFlow,Beginner,3.27,23
1633,Neural Networks,TensorFlow,Beginner,4.76,16
1634,Statistics for Data Science,Data Analysis,Intermediate,4.9,21
1635,Python Basics,Data Analysis,Beginner,3.65,5
1636,Neural Networks,Statistics,Advanced,4.77,22
1637,Deep Learning Fundamentals,NLP,Intermediate,4.32,18
1638,Statistics for Data Science,Statistics,Beginner,3.33,15
1639,SQL for Data Science,Python,Intermediate,4.7,22
1640,Deep Learning Fundamentals,Data Visualization,Beginner,4.02,8
1641,Numpy Fundamentals,Data Visualization,Intermediate,3.04,5
1642,Numpy Fundamentals,Machine Learning,Intermediate,3.59,21
1643,Advanced Python,Data Analysis,Advanced,3.08,28
1644,Numpy Fundamentals,TensorFlow,Intermediate,4.58,36
1645,Numpy Fundamentals,PyTorch,Intermediate,3.63,30
1646,Numpy Fundamentals,Pandas,Beginner,3.24,40
1647,Data Visualization with Python,Linear Algebra,Advanced,4.52,16
1648,Machine Learning Intro,Data Visualization,Intermediate,4.28,3
1649,Data Visualization with Python,Deep Learning,Intermediate,4.16,21
1650,Natural Language Processing,Computer Vision,Advanced,4.95,28
1651,Pandas for Data Analysis,Python,Advanced,4.6,20
1652,TensorFlow Crash Course,Computer Vision,Intermediate,4.31,2
1653,Pandas for Data Analysis,Data Analysis,Beginner,4.05,37
1654,Statistics for Data Science,Data Visualization,Beginner,4.15,6
1655,Statistics for Data Science,Pandas,Advanced,3.45,18
1656,Pandas for Data Analysis,Computer Vision,Advanced,3.15,3
1657,TensorFlow Crash Course,Data Visualization,Beginner,3.54,16
1658,Machine Learning Intro,Data Visualization,Intermediate,3.91,40
1659,Computer Vision Basics,Data Visualization,Intermediate,3.69,13
1660,Data Visualization with Python,PyTorch,Beginner,3.08,22
1661,Statistics for Data Science,PyTorch,Advanced,3.52,21
1662,Machine Learning Intro,Pandas,Intermediate,3.55,31
1663,Python Basics,Python,Advanced,4.47,23
1664,Deep Learning Fundamentals,Computer Vision,Advanced,4.32,18
1665,Advanced Python,NLP,Intermediate,4.13,28
1666,Numpy Fundamentals,Statistics,Beginner,3.27,22
1667,Advanced Python,Numpy,Advanced,4.59,15
1668,Python Basics,TensorFlow,Advanced,3.23,26
1669,Advanced Python,Machine Learning,Beginner,3.83,35
1670,Advanced Python,TensorFlow,Beginner,3.89,14
1671,Pandas for Data Analysis,TensorFlow,Advanced,4.49,10
1672,Deep Learning Fundamentals,Python,Beginner,4.24,39
1673,Neural Networks,PyTorch,Advanced,4.87,5
1674,Statistics for Data Science,Linear Algebra,Advanced,3.6,40
1675,Natural Language Processing,Pandas,Beginner,3.14,7
1676,Python Basics,Machine Learning,Beginner,3.75,22
1677,Numpy Fundamentals,Linear Algebra,Intermediate,4.92,22
1678,TensorFlow Crash Course,TensorFlow,Intermediate,3.39,38
1679,Natural Language Processing,Python,Intermediate,3.95,23
1680,Data Visualization with Python,Computer Vision,Advanced,3.2,14
1681,Python Basics,Python,Beginner,4.49,12
1682,Deep Learning Fundamentals,Data Visualization,Advanced,4.25,31
1683,Machine Learning Intro,Data Analysis,Intermediate,3.6,20
1684,Python Basics,TensorFlow,Advanced,3.66,8
1685,Pandas for Data Analysis,Pandas,Intermediate,3.23,17
1686,Advanced Python,Data Visualization,Intermediate,3.02,13
1687,Neural Networks,Computer Vision,Intermediate,4.08,32
1688,Statistics for Data Science,SQL,Beginner,3.68,11
1689,Statistics for Data Science,Data Analysis,Beginner,4.12,10
1690,Python Basics,SQL,Beginner,3.43,16
1691,Numpy Fundamentals,SQL,Intermediate,3.6,3
1692,Advanced Python,Data Analysis,Intermediate,3.12,22
1693,Neural Networks,Linear Algebra,Intermediate,4.41,36
1694,Data Visualization with Python,Linear Algebra,Intermediate,4.95,19
1695,Python Basics,SQL,Advanced,3.77,31
1696,Neural Networks,PyTorch,Advanced,3.88,27
1697,Python Basics,Statistics,Advanced,4.82,37
1698,Advanced Python,Pandas,Advanced,4.15,33
1699,Data Visualization with Python,Data Analysis,Intermediate,4.12,4
1700,Computer Vision Basics,Pandas,Beginner,3.02,12
1701,Python Basics,Statistics,Beginner,3.09,12
1702,Computer Vision Basics,Statistics,Intermediate,4.7,19
1703,PyTorch for Deep Learning,SQL,Advanced,3.49,16
1704,Pandas for Data Analysis,Statistics,Beginner,3.24,13
1705,PyTorch for Deep Learning,Data Analysis,Beginner,3.68,14
1706,TensorFlow Crash Course,Python,Advanced,3.4,20
1707,Data Visualization with Python,Python,Intermediate,3.93,7
1708,Python Basics,Data Analysis,Intermediate,3.72,37
1709,SQL for Data Science,PyTorch,Advanced,3.56,28
1710,Pandas for Data Analysis,NLP,Intermediate,3.7,19
1711,Pandas for Data Analysis,NLP,Beginner,4.35,15
1712,Deep Learning Fundamentals,Linear Algebra,Advanced,4.2,20
1713,Data Visualization with Python,Data Analysis,Advanced,3.06,18
1714,SQL for Data Science,Deep Learning,Beginner,4.65,30
1715,SQL for Data Science,Pandas,Intermediate,3.38,9
1716,Computer Vision Basics,PyTorch,Advanced,4.37,22
1717,Neural Networks,Python,Advanced,4.82,36
1718,Computer Vision Basics,Machine Learning,Intermediate,3.14,16
1719,Statistics for Data Science,Data Analysis,Advanced,4.35,22
1720,Machine Learning Intro,Data Visualization,Advanced,3.63,21
1721,Natural Language Processing,Data Analysis,Intermediate,4.63,30
1722,Neural Networks,NLP,Advanced,3.68,36
1723,Python Basics,TensorFlow,Beginner,4.45,30
1724,Data Visualization with Python,Pandas,Intermediate,4.49,29
1725,Neural Networks,Python,Beginner,3.87,22
1726,Statistics for Data Science,PyTorch,Intermediate,4.33,21
1727,PyTorch for Deep Learning,Pandas,Beginner,3.1,21
1728,Machine Learning Intro,Data Analysis,Beginner,3.48,3
1729,Machine Learning Intro,Data Analysis,Advanced,3.36,17
1730,TensorFlow Crash Course,Machine Learning,Intermediate,3.71,13
1731,Natural Language Processing,Data Analysis,Intermediate,3.19,32
1732,Deep Learning Fundamentals,Pandas,Advanced,4.51,6
1733,Python Basics,Numpy,Beginner,3.84,34
1734,Numpy Fundamentals,Pandas,Advanced,4.12,21
1735,Neural Networks,PyTorch,Beginner,4.52,22
1736,Advanced Python,Data Visualization,Beginner,3.76,20
1737,Computer Vision Basics,Pandas,Intermediate,4.81,26
1738,Computer Vision Basics,Pandas,Advanced,4.09,26
1739,PyTorch for Deep Learning,Machine Learning,Intermediate,3.34,14
1740,Advanced Python,Statistics,Intermediate,4.98,38
1741,Python Basics,TensorFlow,Intermediate,3.68,23
1742,Machine Learning Intro,Statistics,Intermediate,3.57,2
1743,Python Basics,Python,Intermediate,3.86,28
1744,Numpy Fundamentals,PyTorch,Intermediate,4.4,5
1745,Natural Language Processing,Deep Learning,Beginner,3.17,34
1746,Pandas for Data Analysis,Data Analysis,Advanced,3.45,30
1747,SQL for Data Science,TensorFlow,Beginner,4.17,25
1748,Natural Language Processing,TensorFlow,Intermediate,3.13,34
1749,Computer Vision Basics,PyTorch,Intermediate,4.08,6
1750,Natural Language Processing,PyTorch,Advanced,3.78,28
1751,SQL for Data Science,Statistics,Intermediate,4.92,36
1752,Python Basics,Numpy,Advanced,4.88,28
1753,Machine Learning Intro,Statistics,Advanced,4.85,35
1754,Neural Networks,NLP,Beginner,3.83,19
1755,Machine Learning Intro,Linear Algebra,Beginner,3.22,4
1756,Data Visualization with Python,Deep Learning,Advanced,3.75,11
1757,SQL for Data Science,Computer Vision,Beginner,3.7,20
1758,Numpy Fundamentals,Deep Learning,Beginner,4.85,5
1759,Neural Networks,Linear Algebra,Beginner,4.46,11
1760,TensorFlow Crash Course,Pandas,Intermediate,3.22,16
1761,Statistics for Data Science,Data Visualization,Intermediate,3.09,25
1762,Python Basics,Numpy,Beginner,3.83,7
1763,TensorFlow Crash Course,Linear Algebra,Advanced,3.13,40
1764,SQL for Data Science,Machine Learning,Advanced,3.23,30
1765,Python Basics,NLP,Advanced,4.03,26
1766,PyTorch for Deep Learning,Machine Learning,Advanced,4.99,28
1767,Advanced Python,PyTorch,Advanced,4.93,31
1768,TensorFlow Crash Course,SQL,Advanced,4.95,39
1769,Advanced Python,SQL,Advanced,4.76,9
1770,Numpy Fundamentals,Python,Advanced,3.66,13
1771,Statistics for Data Science,PyTorch,Intermediate,4.09,27
1772,TensorFlow Crash Course,Machine Learning,Beginner,4.32,13
1773,Machine Learning Intro,Python,Beginner,3.25,24
1774,Deep Learning Fundamentals,Numpy,Advanced,4.5,36
1775,Neural Networks,Computer Vision,Advanced,3.38,27
1776,Computer Vision Basics,PyTorch,Beginner,3.47,5
1777,SQL for Data Science,Python,Beginner,3.14,4
1778,Statistics for Data Science,Python,Beginner,4.94,21
1779,Neural Networks,Python,Beginner,3.6,25
1780,TensorFlow Crash Course,Pandas,Advanced,4.82,10
1781,Python Basics,Deep Learning,Beginner,3.76,12
1782,Computer Vision Basics,PyTorch,Advanced,4.75,6
1783,Statistics for Data Science,Numpy,Advanced,3.95,23
1784,Python Basics,Computer Vision,Advanced,4.62,9
1785,Statistics for Data Science,Linear Algebra,Advanced,3.28,25
1786,Statistics for Data Science,Python,Intermediate,4.79,6
1787,Data Visualization with Python,Python,Intermediate,4.86,10
1788,PyTorch for Deep Learning,Numpy,Intermediate,4.52,34
1789,Python Basics,SQL,Beginner,3.48,7
1790,Pandas for Data Analysis,Python,Intermediate,3.41,38
1791,Computer Vision Basics,Python,Advanced,4.15,20
1792,Advanced Python,Deep Learning,Beginner,4.52,37
1793,Neural Networks,PyTorch,Intermediate,4.63,4
1794,Data Visualization with Python,SQL,Beginner,3.64,3
1795,Computer Vision Basics,Computer Vision,Advanced,4.61,35
1796,Statistics for Data Science,Linear Algebra,Intermediate,4.32,16
1797,Data Visualization with Python,NLP,Intermediate,3.23,5
1798,Statistics for Data Science,Machine Learning,Advanced,4.94,30
1799,Computer Vision Basics,Linear Algebra,Advanced,4.3,4
1800,Natural Language Processing,Computer Vision,Advanced,4.16,10
1801,Advanced Python,SQL,Intermediate,4.63,10
1802,SQL for Data Science,SQL,Intermediate,4.49,30
1803,Statistics for Data Science,Pandas,Beginner,4.3,8
1804,SQL for Data Science,Data Visualization,Intermediate,3.26,29
1805,Computer Vision Basics,NLP,Intermediate,3.54,20
1806,Pandas for Data Analysis,Deep Learning,Advanced,4.81,32
1807,SQL for Data Science,Python,Intermediate,3.91,4
1808,Deep Learning Fundamentals,Pandas,Beginner,3.24,37
1809,Numpy Fundamentals,PyTorch,Intermediate,4.89,9
1810,TensorFlow Crash Course,PyTorch,Beginner,4.31,30
1811,Computer Vision Basics,TensorFlow,Intermediate,3.25,30
1812,Machine Learning Intro,Data Visualization,Beginner,3.19,34
1813,Computer Vision Basics,NLP,Advanced,3.08,38
1814,Machine Learning Intro,Pandas,Advanced,3.14,21
1815,TensorFlow Crash Course,Machine Learning,Beginner,4.01,21
1816,Natural Language Processing,SQL,Beginner,3.93,27
1817,Advanced Python,PyTorch,Beginner,4.61,8
1818,TensorFlow Crash Course,TensorFlow,Intermediate,3.14,17
1819,Machine Learning Intro,NLP,Advanced,4.06,23
1820,Advanced Python,PyTorch,Advanced,3.46,23
1821,Pandas for Data Analysis,TensorFlow,Intermediate,3.79,23
1822,Python Basics,NLP,Intermediate,4.96,37
1823,Computer Vision Basics,Numpy,Advanced,4.65,40
1824,Neural Networks,SQL,Intermediate,4.31,32
1825,Natural Language Processing,Deep Learning,Beginner,5.0,4
1826,Pandas for Data Analysis,Statistics,Advanced,3.43,13
1827,Machine Learning Intro,Pandas,Intermediate,4.74,22
1828,TensorFlow Crash Course,TensorFlow,Beginner,4.55,36
1829,Pandas for Data Analysis,TensorFlow,Beginner,4.48,23
1830,Computer Vision Basics,Computer Vision,Intermediate,4.99,21
1831,Natural Language Processing,Linear Algebra,Beginner,3.13,4
1832,Machine Learning Intro,NLP,Advanced,3.91,37
1833,Deep Learning Fundamentals,Linear Algebra,Intermediate,4.02,40
1834,Statistics for Data Science,Data Analysis,Intermediate,4.53,10
1835,Data Visualization with Python,Linear Algebra,Intermediate,3.81,35
1836,Neural Networks,Linear Algebra,Intermediate,3.75,37
1837,Computer Vision Basics,PyTorch,Advanced,3.31,13
1838,Pandas for Data Analysis,Data Analysis,Advanced,4.29,12
1839,SQL for Data Science,Data Analysis,Beginner,4.53,17
1840,PyTorch for Deep Learning,Data Visualization,Beginner,3.72,2
1841,Advanced Python,Pandas,Intermediate,4.79,9
1842,Computer Vision Basics,Machine Learning,Intermediate,3.79,34
1843,Deep Learning Fundamentals,Data Visualization,Beginner,3.46,9
1844,Numpy Fundamentals,Statistics,Advanced,4.6,13
1845,Python Basics,Data Analysis,Intermediate,4.68,26
1846,Pandas for Data Analysis,SQL,Intermediate,3.83,18
1847,SQL for Data Science,Machine Learning,Intermediate,3.29,4
1848,Numpy Fundamentals,NLP,Advanced,3.8,4
1849,Machine Learning Intro,Pandas,Beginner,3.93,36
1850,Computer Vision Basics,Statistics,Advanced,4.63,34
1851,Machine Learning Intro,Deep Learning,Advanced,3.95,17
1852,SQL for Data Science,Machine Learning,Intermediate,4.15,5
1853,Statistics for Data Science,Machine Learning,Beginner,3.46,2
1854,Deep Learning Fundamentals,NLP,Beginner,4.86,11
1855,Neural Networks,Linear Algebra,Intermediate,3.57,15
1856,Machine Learning Intro,Deep Learning,Beginner,3.6,35
1857,Statistics for Data Science,Data Analysis,Intermediate,3.97,15
1858,Numpy Fundamentals,NLP,Beginner,4.45,28
1859,Deep Learning Fundamentals,Machine Learning,Beginner,4.92,17
1860,TensorFlow Crash Course,TensorFlow,Beginner,4.76,3
1861,Computer Vision Basics,Pandas,Advanced,4.6,38
1862,Python Basics,Data Analysis,Advanced,4.53,20
1863,Python Basics,Statistics,Advanced,3.75,30
1864,Data Visualization with Python,SQL,Advanced,3.93,37
1865,Deep Learning Fundamentals,Numpy,Advanced,3.53,26
1866,Natural Language Processing,Machine Learning,Advanced,3.24,30
1867,Deep Learning Fundamentals,SQL,Intermediate,3.66,29
1868,Computer Vision Basics,SQL,Beginner,3.72,16
1869,Statistics for Data Science,Machine Learning,Advanced,4.18,32
1870,Advanced Python,PyTorch,Intermediate,4.83,16
1871,Numpy Fundamentals,Computer Vision,Advanced,3.7,29
1872,Numpy Fundamentals,Computer Vision,Beginner,4.04,25
1873,Neural Networks,Data Visualization,Beginner,3.85,24
1874,Python Basics,NLP,Intermediate,3.95,33
1875,Data Visualization with Python,Deep Learning,Intermediate,3.52,9
1876,TensorFlow Crash Course,Numpy,Beginner,3.21,22
1877,Pandas for Data Analysis,Numpy,Beginner,3.17,31
1878,TensorFlow Crash Course,Numpy,Advanced,4.43,40
1879,Machine Learning Intro,SQL,Advanced,4.18,9
1880,Neural Networks,Numpy,Advanced,4.25,12
1881,Deep Learning Fundamentals,Statistics,Advanced,4.88,21
1882,Python Basics,Statistics,Advanced,3.31,14
1883,Advanced Python,Data Visualization,Advanced,3.95,10
1884,SQL for Data Science,Data Visualization,Advanced,4.88,2
1885,PyTorch for Deep Learning,Data Analysis,Beginner,3.49,14
1886,Statistics for Data Science,Numpy,Advanced,4.72,23
1887,Pandas for Data Analysis,PyTorch,Beginner,3.02,14
1888,TensorFlow Crash Course,Deep Learning,Advanced,3.31,9
1889,Deep Learning Fundamentals,PyTorch,Advanced,4.3,28
1890,Numpy Fundamentals,Statistics,Intermediate,4.93,32
1891,Machine Learning Intro,Machine Learning,Intermediate,3.94,25
1892,Data Visualization with Python,Pandas,Advanced,3.57,34
1893,Neural Networks,Statistics,Intermediate,4.95,5
1894,PyTorch for Deep Learning,NLP,Intermediate,4.87,21
1895,SQL for Data Science,Data Visualization,Intermediate,4.66,37
1896,Natural Language Processing,Data Visualization,Beginner,3.71,27
1897,Computer Vision Basics,PyTorch,Intermediate,4.58,35
1898,Computer Vision Basics,SQL,Intermediate,4.05,26
1899,PyTorch for Deep Learning,SQL,Advanced,3.03,31
1900,Neural Networks,Machine Learning,Beginner,3.83,20
1901,Statistics for Data Science,SQL,Intermediate,4.95,24
1902,Data Visualization with Python,Deep Learning,Intermediate,3.24,31
1903,Data Visualization with Python,Data Visualization,Beginner,4.12,13
1904,TensorFlow Crash Course,Numpy,Advanced,3.09,22
1905,Machine Learning Intro,SQL,Beginner,4.62,18
1906,Statistics for Data Science,Data Visualization,Beginner,3.07,7
1907,Computer Vision Basics,Computer Vision,Advanced,4.56,36
1908,Natural Language Processing,Deep Learning,Beginner,3.87,40
1909,Advanced Python,TensorFlow,Intermediate,3.36,7
1910,Deep Learning Fundamentals,Statistics,Advanced,4.39,18
1911,Advanced Python,PyTorch,Intermediate,3.64,7
1912,Computer Vision Basics,SQL,Intermediate,4.16,18
1913,Deep Learning Fundamentals,Statistics,Advanced,3.09,9
1914,Computer Vision Basics,Deep Learning,Intermediate,3.25,17
1915,Advanced Python,SQL,Beginner,3.0,8
1916,Natural Language Processing,TensorFlow,Intermediate,3.47,3
1917,Machine Learning Intro,Machine Learning,Intermediate,3.39,8
1918,Statistics for Data Science,Statistics,Intermediate,4.23,17
1919,Pandas for Data Analysis,Deep Learning,Beginner,3.96,39
1920,Statistics for Data Science,Machine Learning,Intermediate,3.27,27
1921,Natural Language Processing,Pandas,Intermediate,3.84,30
1922,Python Basics,Machine Learning,Intermediate,4.79,35
1923,Natural Language Processing,NLP,Advanced,3.72,9
1924,Pandas for Data Analysis,Data Visualization,Advanced,4.76,10
1925,SQL for Data Science,Machine Learning,Intermediate,3.35,9
1926,PyTorch for Deep Learning,SQL,Advanced,4.67,13
1927,Neural Networks,PyTorch,Beginner,4.18,19
1928,Numpy Fundamentals,NLP,Intermediate,4.03,2
1929,Deep Learning Fundamentals,TensorFlow,Advanced,4.73,17
1930,Pandas for Data Analysis,Python,Intermediate,3.5,35
1931,SQL for Data Science,Python,Intermediate,3.34,33
1932,Computer Vision Basics,PyTorch,Beginner,3.56,6
1933,Pandas for Data Analysis,Deep Learning,Intermediate,3.22,35
1934,Computer Vision Basics,PyTorch,Advanced,3.96,15
1935,Deep Learning Fundamentals,TensorFlow,Advanced,3.74,22
1936,Machine Learning Intro,Data Visualization,Beginner,3.54,20
1937,Deep Learning Fundamentals,Machine Learning,Advanced,4.0,23
1938,Machine Learning Intro,Numpy,Beginner,3.69,28
1939,Advanced Python,Machine Learning,Beginner,4.03,16
1940,Numpy Fundamentals,Data Visualization,Advanced,3.37,18
1941,Pandas for Data Analysis,Data Visualization,Advanced,4.93,8
1942,Advanced Python,NLP,Beginner,4.32,23
1943,SQL for Data Science,Computer Vision,Beginner,3.66,31
1944,PyTorch for Deep Learning,Deep Learning,Intermediate,3.26,4
1945,TensorFlow Crash Course,NLP,Advanced,4.23,10
1946,Deep Learning Fundamentals,Numpy,Intermediate,4.28,33
1947,Pandas for Data Analysis,Machine Learning,Advanced,4.4,4
1948,Statistics for Data Science,SQL,Beginner,4.87,8
1949,Numpy Fundamentals,PyTorch,Beginner,4.8,25
1950,PyTorch for Deep Learning,TensorFlow,Advanced,3.69,25
1951,Python Basics,Machine Learning,Advanced,3.16,20
1952,PyTorch for Deep Learning,Python,Advanced,4.68,13
1953,Statistics for Data Science,Statistics,Beginner,4.84,22
1954,SQL for Data Science,SQL,Advanced,4.49,37
1955,Advanced Python,Statistics,Intermediate,4.14,29
1956,PyTorch for Deep Learning,Python,Intermediate,3.21,7
1957,Data Visualization with Python,Linear Algebra,Beginner,3.59,24
1958,Data Visualization with Python,SQL,Beginner,3.45,35
1959,Computer Vision Basics,TensorFlow,Advanced,3.85,14
1960,Natural Language Processing,NLP,Advanced,4.94,19
1961,Natural Language Processing,Pandas,Advanced,3.73,25
1962,Computer Vision Basics,Deep Learning,Intermediate,3.04,26
1963,TensorFlow Crash Course,Data Visualization,Intermediate,4.34,19
1964,Pandas for Data Analysis,Data Analysis,Intermediate,4.21,36
1965,TensorFlow Crash Course,Pandas,Beginner,4.73,8
1966,SQL for Data Science,Numpy,Beginner,4.02,20
1967,Data Visualization with Python,Python,Advanced,4.64,13
1968,PyTorch for Deep Learning,NLP,Advanced,3.42,21
1969,Advanced Python,Statistics,Intermediate,3.13,39
1970,Pandas for Data Analysis,Pandas,Advanced,3.45,17
1971,Advanced Python,Linear Algebra,Advanced,4.8,19
1972,SQL for Data Science,Deep Learning,Advanced,3.89,8
1973,Computer Vision Basics,NLP,Beginner,4.35,40
1974,Machine Learning Intro,Data Analysis,Intermediate,3.02,3
1975,Python Basics,NLP,Advanced,3.73,21
1976,Python Basics,Deep Learning,Beginner,4.32,27
1977,Numpy Fundamentals,Data Visualization,Advanced,3.37,20
1978,Computer Vision Basics,SQL,Intermediate,4.72,17
1979,Python Basics,Linear Algebra,Advanced,3.04,9
1980,Advanced Python,Deep Learning,Beginner,3.36,9
1981,Machine Learning Intro,Linear Algebra,Intermediate,3.49,27
1982,Neural Networks,Linear Algebra,Advanced,3.42,15
1983,Python Basics,Machine Learning,Beginner,4.08,24
1984,TensorFlow Crash Course,TensorFlow,Beginner,3.82,22
1985,Computer Vision Basics,Data Visualization,Intermediate,4.9,38
1986,Numpy Fundamentals,NLP,Intermediate,3.98,19
1987,Neural Networks,Pandas,Beginner,3.8,16
1988,Natural Language Processing,Data Analysis,Beginner,4.44,10
1989,PyTorch for Deep Learning,TensorFlow,Intermediate,3.18,27
1990,PyTorch for Deep Learning,Numpy,Intermediate,3.32,21
1991,Data Visualization with Python,Computer Vision,Intermediate,4.76,37
1992,Natural Language Processing,Computer Vision,Intermediate,3.81,34
1993,TensorFlow Crash Course,Python,Advanced,4.53,10
1994,TensorFlow Crash Course,Python,Beginner,4.6,37
1995,Deep Learning Fundamentals,Python,Intermediate,4.25,4
1996,Python Basics,TensorFlow,Advanced,4.94,22
1997,Data Visualization with Python,Python,Beginner,5.0,15
1998,Statistics for Data Science,Pandas,Intermediate,4.63,33
1999,Numpy Fundamentals,Numpy,Advanced,3.4,3
2000,Data Visualization with Python,Linear Algebra,Beginner,4.03,39
2001,Python Basics,NLP,Beginner,4.06,4
2002,Data Visualization with Python,Data Visualization,Intermediate,3.09,26
2003,Advanced Python,TensorFlow,Intermediate,3.41,12
2004,TensorFlow Crash Course,PyTorch,Beginner,3.61,37
2005,Statistics for Data Science,Machine Learning,Advanced,3.7,4
2006,PyTorch for Deep Learning,Pandas,Advanced,3.49,9
2007,Neural Networks,Python,Advanced,4.28,2
2008,PyTorch for Deep Learning,Computer Vision,Advanced,4.95,15
2009,SQL for Data Science,NLP,Intermediate,3.56,8
2010,Python Basics,Statistics,Advanced,3.68,34
2011,Advanced Python,Data Visualization,Advanced,4.94,11
2012,Python Basics,NLP,Intermediate,4.12,24
2013,Deep Learning Fundamentals,Deep Learning,Beginner,3.82,4
2014,Deep Learning Fundamentals,PyTorch,Advanced,4.42,14
2015,Pandas for Data Analysis,Python,Intermediate,4.51,11
2016,Advanced Python,NLP,Beginner,3.94,4
2017,Natural Language Processing,Python,Beginner,4.63,38
2018,Machine Learning Intro,Numpy,Beginner,3.95,14
2019,PyTorch for Deep Learning,Pandas,Beginner,3.2,18
2020,Statistics for Data Science,NLP,Advanced,4.95,18
2021,Pandas for Data Analysis,Numpy,Intermediate,4.47,16
2022,PyTorch for Deep Learning,Python,Beginner,3.28,19
2023,Python Basics,SQL,Beginner,4.5,17
2024,Natural Language Processing,Data Visualization,Beginner,3.82,20
2025,SQL for Data Science,PyTorch,Advanced,3.02,39
2026,Statistics for Data Science,NLP,Advanced,4.39,20
2027,Machine Learning Intro,Statistics,Beginner,3.96,23
2028,Advanced Python,PyTorch,Advanced,4.75,10
2029,Statistics for Data Science,Deep Learning,Advanced,4.46,31
2030,Statistics for Data Science,Data Analysis,Advanced,4.37,40
2031,Natural Language Processing,Machine Learning,Advanced,4.94,9
2032,Advanced Python,SQL,Intermediate,4.8,19
2033,Python Basics,Linear Algebra,Beginner,4.92,19
2034,Neural Networks,Statistics,Intermediate,4.58,7
2035,Pandas for Data Analysis,Data Analysis,Advanced,4.26,12
2036,Neural Networks,NLP,Intermediate,4.25,17
2037,Computer Vision Basics,Data Visualization,Advanced,3.29,32
2038,Numpy Fundamentals,Data Analysis,Advanced,3.28,36
2039,Machine Learning Intro,Machine Learning,Beginner,4.29,13
2040,Computer Vision Basics,Data Analysis,Advanced,4.09,2
2041,Pandas for Data Analysis,SQL,Beginner,4.18,35
2042,TensorFlow Crash Course,Numpy,Intermediate,4.82,16
2043,Neural Networks,Machine Learning,Advanced,3.38,40
2044,Advanced Python,TensorFlow,Advanced,4.19,26
2045,TensorFlow Crash Course,Pandas,Intermediate,4.43,36
2046,Statistics for Data Science,Linear Algebra,Beginner,3.14,10
2047,Python Basics,Machine Learning,Advanced,4.96,35
2048,Pandas for Data Analysis,Numpy,Advanced,4.74,16
2049,PyTorch for Deep Learning,TensorFlow,Intermediate,4.97,17
2050,SQL for Data Science,SQL,Beginner,3.21,38
2051,Numpy Fundamentals,Computer Vision,Beginner,3.77,16
2052,TensorFlow Crash Course,Data Visualization,Advanced,4.03,25
2053,Numpy Fundamentals,TensorFlow,Beginner,4.04,3
2054,Pandas for Data Analysis,PyTorch,Advanced,4.6,28
2055,SQL for Data Science,Linear Algebra,Beginner,4.43,29
2056,Natural Language Processing,NLP,Beginner,3.47,14
2057,PyTorch for Deep Learning,NLP,Beginner,4.05,16
2058,Numpy Fundamentals,Deep Learning,Intermediate,3.54,27
2059,Computer Vision Basics,Machine Learning,Advanced,3.98,7
2060,Python Basics,NLP,Advanced,3.39,11
2061,PyTorch for Deep Learning,NLP,Advanced,4.95,34
2062,Machine Learning Intro,Deep Learning,Advanced,3.1,11
2063,Advanced Python,Computer Vision,Intermediate,4.08,25
2064,Numpy Fundamentals,NLP,Advanced,3.37,11
2065,Statistics for Data Science,NLP,Intermediate,4.4,22
2066,Python Basics,SQL,Beginner,4.89,14
2067,Natural Language Processing,Computer Vision,Beginner,3.65,2
2068,Advanced Python,TensorFlow,Advanced,3.01,23
2069,Computer Vision Basics,Data Analysis,Intermediate,4.63,14
2070,Numpy Fundamentals,Data Analysis,Intermediate,4.56,11
2071,Advanced Python,Numpy,Advanced,3.61,24
2072,Computer Vision Basics,Pandas,Intermediate,4.07,25
2073,PyTorch for Deep Learning,Computer Vision,Advanced,3.79,2
2074,TensorFlow Crash Course,Pandas,Advanced,4.17,13
2075,Deep Learning Fundamentals,TensorFlow,Intermediate,3.43,38
2076,Data Visualization with Python,Linear Algebra,Advanced,4.78,28
2077,Numpy Fundamentals,Numpy,Advanced,4.37,22
2078,SQL for Data Science,Deep Learning,Intermediate,4.61,32
2079,Natural Language Processing,PyTorch,Advanced,4.93,28
2080,Data Visualization with Python,PyTorch,Intermediate,4.31,9
2081,Machine Learning Intro,Python,Beginner,3.43,34
2082,SQL for Data Science,TensorFlow,Advanced,4.12,31
2083,Natural Language Processing,Statistics,Intermediate,3.29,35
2084,Computer Vision Basics,TensorFlow,Advanced,4.85,22
2085,Natural Language Processing,SQL,Advanced,4.59,28
2086,Numpy Fundamentals,Statistics,Advanced,4.43,28
2087,Pandas for Data Analysis,Deep Learning,Advanced,3.6,39
2088,Python Basics,TensorFlow,Beginner,3.58,14
2089,Data Visualization with Python,Data Visualization,Beginner,3.26,26
2090,Pandas for Data Analysis,Pandas,Advanced,3.57,37
2091,Machine Learning Intro,SQL,Advanced,3.35,32
2092,Machine Learning Intro,Deep Learning,Beginner,4.12,28
2093,Numpy Fundamentals,Machine Learning,Beginner,4.12,35
2094,Pandas for Data Analysis,TensorFlow,Intermediate,4.86,7
2095,SQL for Data Science,Data Visualization,Advanced,3.33,18
2096,Deep Learning Fundamentals,TensorFlow,Intermediate,3.16,2
2097,Deep Learning Fundamentals,TensorFlow,Beginner,3.79,9
2098,Data Visualization with Python,Pandas,Advanced,4.0,14
2099,Machine Learning Intro,Linear Algebra,Intermediate,3.74,29
2100,Data Visualization with Python,SQL,Advanced,4.9,7
2101,Deep Learning Fundamentals,SQL,Intermediate,3.27,22
2102,Data Visualization with Python,Pandas,Intermediate,3.06,22
2103,Pandas for Data Analysis,TensorFlow,Beginner,3.17,40
2104,Pandas for Data Analysis,Numpy,Advanced,4.91,30
2105,Numpy Fundamentals,NLP,Intermediate,4.1,40
2106,Numpy Fundamentals,Statistics,Advanced,4.69,23
2107,SQL for Data Science,Deep Learning,Advanced,4.29,11
2108,TensorFlow Crash Course,Data Visualization,Advanced,4.25,7
2109,PyTorch for Deep Learning,Numpy,Intermediate,4.44,16
2110,Neural Networks,Numpy,Beginner,4.91,12
2111,Deep Learning Fundamentals,Machine Learning,Beginner,4.36,26
2112,Advanced Python,SQL,Intermediate,4.07,8
2113,SQL for Data Science,Python,Beginner,3.9,33
2114,Deep Learning Fundamentals,SQL,Beginner,4.84,39
2115,Advanced Python,Linear Algebra,Beginner,4.18,8
2116,Natural Language Processing,PyTorch,Advanced,3.71,39
2117,Deep Learning Fundamentals,Deep Learning,Intermediate,3.3,9
2118,SQL for Data Science,Computer Vision,Advanced,3.38,25
2119,Advanced Python,PyTorch,Beginner,3.71,20
2120,Computer Vision Basics,SQL,Beginner,3.97,36
2121,SQL for Data Science,SQL,Intermediate,3.09,28
2122,Computer Vision Basics,Data Visualization,Beginner,3.81,4
2123,Data Visualization with Python,Computer Vision,Beginner,4.27,6
2124,Machine Learning Intro,Linear Algebra,Advanced,3.8,29
2125,SQL for Data Science,Statistics,Beginner,3.99,11
2126,Neural Networks,Deep Learning,Intermediate,4.13,29
2127,Computer Vision Basics,Computer Vision,Beginner,4.55,13
2128,Neural Networks,TensorFlow,Advanced,4.04,3
2129,Natural Language Processing,SQL,Intermediate,3.7,5
2130,Advanced Python,Numpy,Beginner,3.43,21
2131,Computer Vision Basics,Pandas,Intermediate,3.33,31
2132,Pandas for Data Analysis,Pandas,Beginner,3.32,27
2133,Numpy Fundamentals,Statistics,Intermediate,3.14,23
2134,Computer Vision Basics,Numpy,Advanced,4.08,36
2135,Data Visualization with Python,Linear Algebra,Intermediate,3.16,35
2136,PyTorch for Deep Learning,Linear Algebra,Beginner,3.44,26
2137,Numpy Fundamentals,SQL,Intermediate,3.65,24
2138,TensorFlow Crash Course,SQL,Beginner,4.45,3
2139,Data Visualization with Python,Python,Intermediate,4.21,3
2140,PyTorch for Deep Learning,NLP,Intermediate,3.36,37
2141,Statistics for Data Science,Computer Vision,Intermediate,3.38,15
2142,Python Basics,Statistics,Advanced,4.35,26
2143,Statistics for Data Science,Pandas,Intermediate,3.27,24
2144,PyTorch for Deep Learning,NLP,Advanced,4.95,17
2145,Numpy Fundamentals,Python,Beginner,4.03,29
2146,Machine Learning Intro,SQL,Beginner,4.23,15
2147,Natural Language Processing,Data Analysis,Advanced,4.35,39
2148,Machine Learning Intro,Deep Learning,Intermediate,3.78,23
2149,Neural Networks,Data Visualization,Intermediate,4.94,40
2150,Natural Language Processing,Computer Vision,Advanced,3.56,27
2151,PyTorch for Deep Learning,Data Visualization,Intermediate,3.43,13
2152,Machine Learning Intro,PyTorch,Intermediate,3.1,39
2153,Machine Learning Intro,Machine Learning,Intermediate,4.65,3
2154,Data Visualization with Python,NLP,Advanced,4.6,33
2155,PyTorch for Deep Learning,Pandas,Beginner,3.77,16
2156,Machine Learning Intro,Data Visualization,Beginner,4.58,10
2157,Neural Networks,Data Visualization,Advanced,3.53,23
2158,TensorFlow Crash Course,TensorFlow,Intermediate,4.46,23
2159,Machine Learning Intro,Linear Algebra,Intermediate,4.3,30
2160,Machine Learning Intro,Pandas,Beginner,3.04,31
2161,TensorFlow Crash Course,Pandas,Advanced,4.9,39
2162,SQL for Data Science,Statistics,Beginner,4.34,34
2163,TensorFlow Crash Course,Data Visualization,Beginner,3.5,19
2164,Natural Language Processing,Machine Learning,Beginner,3.23,3
2165,Machine Learning Intro,SQL,Intermediate,4.57,6
2166,Computer Vision Basics,Pandas,Intermediate,4.86,7
2167,Statistics for Data Science,Statistics,Beginner,4.12,16
2168,Pandas for Data Analysis,PyTorch,Advanced,3.39,35
2169,TensorFlow Crash Course,Numpy,Beginner,3.37,31
2170,Advanced Python,Linear Algebra,Advanced,3.84,34
2171,Advanced Python,Numpy,Beginner,3.94,13
2172,Machine Learning Intro,TensorFlow,Intermediate,4.65,14
2173,Numpy Fundamentals,Python,Advanced,3.97,15
2174,Advanced Python,Statistics,Advanced,4.87,27
2175,Python Basics,Pandas,Intermediate,3.75,19
2176,Natural Language Processing,SQL,Intermediate,4.82,16
2177,PyTorch for Deep Learning,TensorFlow,Intermediate,3.24,3
2178,Natural Language Processing,SQL,Intermediate,3.28,39
2179,Deep Learning Fundamentals,SQL,Advanced,3.35,35
2180,SQL for Data Science,Numpy,Beginner,4.67,23
2181,Deep Learning Fundamentals,Numpy,Advanced,3.57,14
2182,Python Basics,Pandas,Advanced,4.78,13
2183,Natural Language Processing,Deep Learning,Advanced,4.59,8
2184,TensorFlow Crash Course,Linear Algebra,Advanced,4.09,23
2185,Pandas for Data Analysis,SQL,Intermediate,4.31,32
2186,PyTorch for Deep Learning,Machine Learning,Beginner,4.28,26
2187,Neural Networks,PyTorch,Intermediate,4.84,10
2188,TensorFlow Crash Course,Statistics,Beginner,4.59,28
2189,Deep Learning Fundamentals,Computer Vision,Advanced,3.96,2
2190,Pandas for Data Analysis,Linear Algebra,Intermediate,3.24,33
2191,Deep Learning Fundamentals,Machine Learning,Intermediate,3.53,3
2192,Machine Learning Intro,SQL,Advanced,3.45,26
2193,Machine Learning Intro,Deep Learning,Intermediate,3.0,37
2194,Computer Vision Basics,Pandas,Intermediate,3.62,9
2195,Natural Language Processing,Statistics,Beginner,3.88,11
2196,Computer Vision Basics,Linear Algebra,Advanced,3.67,31
2197,PyTorch for Deep Learning,Data Analysis,Advanced,3.85,14
2198,Deep Learning Fundamentals,Computer Vision,Advanced,3.15,13
2199,Machine Learning Intro,Computer Vision,Beginner,4.77,33
2200,Neural Networks,Linear Algebra,Beginner,3.83,38
2201,Neural Networks,Data Analysis,Beginner,4.98,25
2202,Advanced Python,Data Visualization,Intermediate,4.92,8
2203,Machine Learning Intro,Data Visualization,Intermediate,3.25,2
2204,Machine Learning Intro,Statistics,Advanced,4.58,9
2205,Neural Networks,Deep Learning,Intermediate,4.34,16
2206,Numpy Fundamentals,Deep Learning,Intermediate,4.6,28
2207,Natural Language Processing,SQL,Beginner,4.25,11
2208,PyTorch for Deep Learning,Python,Beginner,4.92,24
2209,SQL for Data Science,Machine Learning,Advanced,4.83,10
2210,Pandas for Data Analysis,Linear Algebra,Beginner,4.75,29
2211,PyTorch for Deep Learning,NLP,Intermediate,3.81,23
2212,Advanced Python,Data Visualization,Advanced,3.02,9
2213,PyTorch for Deep Learning,Numpy,Intermediate,3.59,10
2214,Neural Networks,Machine Learning,Advanced,3.58,11
2215,Numpy Fundamentals,Python,Beginner,3.45,10
2216,Machine Learning Intro,Data Visualization,Beginner,3.25,25
2217,Python Basics,TensorFlow,Beginner,4.04,23
2218,Statistics for Data Science,NLP,Beginner,4.65,9
2219,PyTorch for Deep Learning,SQL,Intermediate,4.29,30
2220,Neural Networks,Pandas,Intermediate,4.12,12
2221,Data Visualization with Python,Machine Learning,Intermediate,4.15,36
2222,Data Visualization with Python,TensorFlow,Intermediate,3.25,21
2223,Computer Vision Basics,Linear Algebra,Intermediate,3.68,3
2224,Machine Learning Intro,NLP,Intermediate,4.9,5
2225,Advanced Python,SQL,Beginner,3.31,8
2226,Computer Vision Basics,Deep Learning,Advanced,3.16,39
2227,Machine Learning Intro,Linear Algebra,Advanced,3.15,9
2228,Neural Networks,Computer Vision,Beginner,4.4,22
2229,Numpy Fundamentals,Computer Vision,Intermediate,3.05,26
2230,PyTorch for Deep Learning,Pandas,Beginner,3.75,40
2231,SQL for Data Science,Python,Intermediate,3.02,35
2232,Data Visualization with Python,Data Analysis,Beginner,4.24,15
2233,Computer Vision Basics,Computer Vision,Advanced,3.36,26
2234,Computer Vision Basics,Numpy,Intermediate,4.06,25
2235,Pandas for Data Analysis,SQL,Beginner,4.51,36
2236,PyTorch for Deep Learning,TensorFlow,Beginner,4.43,3
2237,Neural Networks,SQL,Intermediate,3.06,4
2238,PyTorch for Deep Learning,Deep Learning,Intermediate,3.82,22
2239,Statistics for Data Science,Numpy,Intermediate,4.02,5
2240,Machine Learning Intro,SQL,Intermediate,3.76,19
2241,Python Basics,TensorFlow,Advanced,3.12,13
2242,Neural Networks,Statistics,Intermediate,4.68,14
2243,PyTorch for Deep Learning,Python,Intermediate,4.15,7
2244,Deep Learning Fundamentals,Numpy,Advanced,3.1,28
2245,SQL for Data Science,Statistics,Advanced,3.62,26
2246,Natural Language Processing,Deep Learning,Intermediate,4.63,30
2247,Python Basics,Data Analysis,Beginner,4.21,22
2248,Python Basics,Machine Learning,Intermediate,4.14,13
2249,Advanced Python,NLP,Beginner,3.7,12
2250,SQL for Data Science,Statistics,Beginner,4.55,33
2251,Python Basics,Python,Advanced,4.57,32
2252,Numpy Fundamentals,Linear Algebra,Advanced,3.37,13
2253,Statistics for Data Science,Computer Vision,Advanced,4.44,38
2254,Deep Learning Fundamentals,Statistics,Intermediate,4.82,26
2255,PyTorch for Deep Learning,Data Analysis,Advanced,3.23,27
2256,Deep Learning Fundamentals,Numpy,Beginner,4.93,32
2257,Numpy Fundamentals,TensorFlow,Advanced,3.97,40
2258,Advanced Python,SQL,Advanced,4.14,22
2259,TensorFlow Crash Course,Machine Learning,Intermediate,3.07,3
2260,Numpy Fundamentals,Data Analysis,Advanced,4.18,27
2261,Numpy Fundamentals,Data Visualization,Beginner,3.86,21
2262,Python Basics,Data Analysis,Advanced,3.82,32
2263,Neural Networks,Data Visualization,Beginner,4.04,10
2264,Numpy Fundamentals,Computer Vision,Advanced,4.45,7
2265,Natural Language Processing,Python,Advanced,4.31,15
2266,Numpy Fundamentals,NLP,Intermediate,4.5,13
2267,SQL for Data Science,Data Visualization,Advanced,4.52,9
2268,TensorFlow Crash Course,Numpy,Beginner,4.84,20
2269,Machine Learning Intro,SQL,Beginner,3.56,21
2270,Python Basics,Statistics,Beginner,4.53,29
2271,Natural Language Processing,NLP,Beginner,4.03,21
2272,TensorFlow Crash Course,Data Analysis,Beginner,4.94,17
2273,Pandas for Data Analysis,Deep Learning,Advanced,4.72,38
2274,Machine Learning Intro,Computer Vision,Advanced,3.27,29
2275,Numpy Fundamentals,Linear Algebra,Intermediate,3.19,25
2276,Pandas for Data Analysis,NLP,Beginner,4.04,30
2277,SQL for Data Science,Linear Algebra,Beginner,3.89,20
2278,Statistics for Data Science,Statistics,Beginner,4.36,25
2279,Data Visualization with Python,Statistics,Advanced,4.25,35
2280,Numpy Fundamentals,Linear Algebra,Intermediate,3.09,19
2281,Machine Learning Intro,Numpy,Beginner,3.1,6
2282,Deep Learning Fundamentals,Machine Learning,Beginner,4.38,15
2283,Pandas for Data Analysis,Deep Learning,Intermediate,3.94,26
2284,Natural Language Processing,TensorFlow,Intermediate,4.71,7
2285,Pandas for Data Analysis,Python,Advanced,4.59,29
2286,SQL for Data Science,Linear Algebra,Advanced,3.09,31
2287,Data Visualization with Python,Python,Intermediate,4.24,16
2288,Neural Networks,SQL,Advanced,3.22,35
2289,Natural Language Processing,Data Analysis,Intermediate,4.85,35
2290,Neural Networks,PyTorch,Beginner,3.19,38
2291,Natural Language Processing,Numpy,Intermediate,4.73,3
2292,Advanced Python,Computer Vision,Beginner,3.73,5
2293,PyTorch for Deep Learning,Computer Vision,Advanced,4.09,17
2294,PyTorch for Deep Learning,Data Visualization,Advanced,4.36,3
2295,Pandas for Data Analysis,NLP,Advanced,4.48,13
2296,Python Basics,Linear Algebra,Advanced,4.84,20
2297,Numpy Fundamentals,Linear Algebra,Advanced,3.56,17
2298,Computer Vision Basics,TensorFlow,Advanced,3.56,6
2299,TensorFlow Crash Course,Data Analysis,Beginner,4.22,40
2300,SQL for Data Science,Computer Vision,Beginner,3.87,13
2301,Computer Vision Basics,SQL,Beginner,3.41,16
2302,Computer Vision Basics,Numpy,Beginner,4.02,3
2303,Computer Vision Basics,Machine Learning,Beginner,4.68,15
2304,Data Visualization with Python,Data Analysis,Beginner,3.21,4
2305,Pandas for Data Analysis,Python,Beginner,3.88,20
2306,Neural Networks,Deep Learning,Advanced,3.38,25
2307,Pandas for Data Analysis,Data Visualization,Intermediate,4.72,19
2308,Numpy Fundamentals,Machine Learning,Intermediate,4.68,24
2309,SQL for Data Science,Pandas,Intermediate,3.75,37
2310,Numpy Fundamentals,Statistics,Advanced,4.84,8
2311,Deep Learning Fundamentals,Numpy,Beginner,3.95,37
2312,PyTorch for Deep Learning,PyTorch,Beginner,4.79,18
2313,Data Visualization with Python,Numpy,Advanced,3.21,5
2314,PyTorch for Deep Learning,PyTorch,Intermediate,3.97,22
2315,Neural Networks,TensorFlow,Beginner,4.96,26
2316,Data Visualization with Python,Python,Advanced,3.16,38
2317,Neural Networks,Linear Algebra,Intermediate,3.49,21
2318,Statistics for Data Science,NLP,Beginner,4.27,32
2319,Statistics for Data Science,Deep Learning,Advanced,4.35,34
2320,Pandas for Data Analysis,TensorFlow,Advanced,3.74,24
2321,Numpy Fundamentals,Statistics,Intermediate,3.75,4
2322,Neural Networks,Numpy,Advanced,3.66,23
2323,Python Basics,Data Analysis,Beginner,4.89,12
2324,PyTorch for Deep Learning,Numpy,Beginner,3.49,12
2325,Statistics for Data Science,SQL,Beginner,3.8,24
2326,Machine Learning Intro,NLP,Intermediate,3.15,15
2327,Python Basics,PyTorch,Intermediate,4.26,3
2328,SQL for Data Science,PyTorch,Beginner,3.13,14
2329,Computer Vision Basics,Linear Algebra,Advanced,4.47,2
2330,Pandas for Data Analysis,Deep Learning,Beginner,3.91,35
2331,SQL for Data Science,Machine Learning,Intermediate,3.02,38
2332,Python Basics,Python,Advanced,3.28,10
2333,Numpy Fundamentals,Pandas,Beginner,4.17,16
2334,Neural Networks,TensorFlow,Intermediate,4.29,26
2335,TensorFlow Crash Course,PyTorch,Beginner,3.14,27
2336,Pandas for Data Analysis,Linear Algebra,Intermediate,4.7,39
2337,Computer Vision Basics,Numpy,Intermediate,3.06,6
2338,SQL for Data Science,TensorFlow,Beginner,4.25,26
2339,Computer Vision Basics,PyTorch,Intermediate,3.59,5
2340,Pandas for Data Analysis,Python,Advanced,4.09,9
2341,Statistics for Data Science,Computer Vision,Advanced,3.47,8
2342,Advanced Python,Pandas,Advanced,3.89,26
2343,Data Visualization with Python,Machine Learning,Advanced,3.29,34
2344,Natural Language Processing,Machine Learning,Beginner,4.43,35
2345,Python Basics,Statistics,Beginner,4.21,36
2346,Pandas for Data Analysis,Python,Intermediate,3.37,13
2347,Deep Learning Fundamentals,Pandas,Advanced,3.39,20
2348,SQL for Data Science,Data Visualization,Beginner,4.95,33
2349,Natural Language Processing,Data Analysis,Intermediate,3.86,37
2350,Statistics for Data Science,Data Analysis,Beginner,4.04,35
2351,Numpy Fundamentals,Computer Vision,Advanced,4.56,32
2352,Statistics for Data Science,Numpy,Intermediate,3.64,32
2353,Machine Learning Intro,Computer Vision,Advanced,3.03,19
2354,Machine Learning Intro,Computer Vision,Advanced,3.76,10
2355,Python Basics,NLP,Advanced,3.86,11
2356,Natural Language Processing,Python,Beginner,4.46,25
2357,Machine Learning Intro,Python,Intermediate,3.8,13
2358,Numpy Fundamentals,Data Visualization,Intermediate,3.37,39
2359,Deep Learning Fundamentals,Computer Vision,Beginner,3.53,29
2360,Pandas for Data Analysis,Deep Learning,Intermediate,4.5,35
2361,TensorFlow Crash Course,NLP,Beginner,4.32,7
2362,PyTorch for Deep Learning,Deep Learning,Intermediate,3.3,36
2363,Machine Learning Intro,Machine Learning,Beginner,4.36,38
2364,Pandas for Data Analysis,Machine Learning,Advanced,3.55,6
2365,Pandas for Data Analysis,Linear Algebra,Beginner,4.88,25
2366,PyTorch for Deep Learning,NLP,Advanced,3.49,13
2367,Numpy Fundamentals,Machine Learning,Advanced,4.52,18
2368,PyTorch for Deep Learning,Numpy,Intermediate,3.48,3
2369,SQL for Data Science,Linear Algebra,Beginner,4.38,19
2370,PyTorch for Deep Learning,Computer Vision,Advanced,3.33,16
2371,Pandas for Data Analysis,Pandas,Intermediate,3.88,19
2372,Neural Networks,PyTorch,Intermediate,4.71,13
2373,Neural Networks,Statistics,Beginner,3.42,6
2374,Natural Language Processing,Machine Learning,Beginner,3.37,39
2375,Neural Networks,SQL,Intermediate,3.25,18
2376,Neural Networks,Data Analysis,Intermediate,3.98,39
2377,SQL for Data Science,Data Analysis,Intermediate,4.13,2
2378,TensorFlow Crash Course,Statistics,Intermediate,4.11,7
2379,Neural Networks,Machine Learning,Intermediate,3.39,23
2380,Deep Learning Fundamentals,PyTorch,Beginner,3.22,10
2381,Neural Networks,Pandas,Beginner,4.76,10
2382,Natural Language Processing,Data Visualization,Intermediate,3.47,11
2383,Python Basics,Statistics,Beginner,3.76,33
2384,Neural Networks,TensorFlow,Intermediate,3.82,14
2385,Data Visualization with Python,PyTorch,Advanced,4.95,34
2386,Data Visualization with Python,PyTorch,Beginner,3.38,15
2387,SQL for Data Science,Numpy,Intermediate,3.34,14
2388,Computer Vision Basics,Data Analysis,Beginner,3.49,14
2389,Natural Language Processing,Numpy,Beginner,3.96,33
2390,Neural Networks,TensorFlow,Intermediate,4.35,7
2391,Deep Learning Fundamentals,Data Analysis,Advanced,4.75,33
2392,Python Basics,Linear Algebra,Intermediate,4.13,12
2393,Statistics for Data Science,Machine Learning,Beginner,5.0,24
2394,Numpy Fundamentals,Statistics,Beginner,3.42,27
2395,Data Visualization with Python,Deep Learning,Beginner,4.05,25
2396,TensorFlow Crash Course,NLP,Advanced,3.42,20
2397,TensorFlow Crash Course,Machine Learning,Advanced,4.93,13
2398,Natural Language Processing,Data Visualization,Advanced,4.93,17
2399,Statistics for Data Science,Deep Learning,Intermediate,3.36,27
2400,Machine Learning Intro,Data Analysis,Beginner,4.58,16
2401,Deep Learning Fundamentals,Linear Algebra,Beginner,3.36,34
2402,Pandas for Data Analysis,Computer Vision,Intermediate,4.07,4
2403,Data Visualization with Python,Computer Vision,Intermediate,3.02,35
2404,Data Visualization with Python,Numpy,Beginner,3.81,34
2405,SQL for Data Science,NLP,Beginner,4.84,28
2406,TensorFlow Crash Course,Numpy,Beginner,4.48,17
2407,Statistics for Data Science,NLP,Intermediate,4.04,36
2408,Computer Vision Basics,Python,Advanced,3.76,3
2409,Numpy Fundamentals,Statistics,Beginner,3.2,23
2410,Data Visualization with Python,Linear Algebra,Beginner,4.24,4
2411,Numpy Fundamentals,Data Analysis,Advanced,4.4,25
2412,Numpy Fundamentals,Deep Learning,Intermediate,3.6,21
2413,Python Basics,NLP,Advanced,3.54,6
2414,Natural Language Processing,Python,Intermediate,3.91,20
2415,Advanced Python,Computer Vision,Beginner,4.98,12
2416,Computer Vision Basics,Machine Learning,Advanced,4.45,3
2417,Data Visualization with Python,Numpy,Advanced,3.89,23
2418,PyTorch for Deep Learning,NLP,Advanced,4.81,3
2419,Deep Learning Fundamentals,Python,Advanced,4.07,2
2420,SQL for Data Science,Python,Advanced,4.88,5
2421,Numpy Fundamentals,Pandas,Advanced,3.09,2
2422,Statistics for Data Science,Statistics,Intermediate,3.78,37
2423,Deep Learning Fundamentals,Python,Advanced,3.14,14
2424,PyTorch for Deep Learning,Computer Vision,Advanced,4.46,28
2425,TensorFlow Crash Course,Data Analysis,Intermediate,3.37,26
2426,Natural Language Processing,Statistics,Advanced,4.98,27
2427,SQL for Data Science,PyTorch,Intermediate,4.78,22
2428,Natural Language Processing,TensorFlow,Advanced,3.58,24
2429,PyTorch for Deep Learning,Python,Advanced,4.27,30
2430,Pandas for Data Analysis,PyTorch,Advanced,4.63,3
2431,TensorFlow Crash Course,Deep Learning,Beginner,3.66,33
2432,Machine Learning Intro,PyTorch,Beginner,3.59,22
2433,Data Visualization with Python,Linear Algebra,Intermediate,4.15,29
2434,Natural Language Processing,NLP,Advanced,4.19,7
2435,Computer Vision Basics,Pandas,Intermediate,3.25,18
2436,Python Basics,Python,Advanced,4.82,5
2437,SQL for Data Science,Data Visualization,Beginner,4.39,6
2438,Numpy Fundamentals,Linear Algebra,Intermediate,4.25,33
2439,SQL for Data Science,Numpy,Advanced,3.84,31
2440,Statistics for Data Science,Linear Algebra,Intermediate,4.12,33
2441,Pandas for Data Analysis,Linear Algebra,Intermediate,3.18,24
2442,Machine Learning Intro,PyTorch,Advanced,4.58,36
2443,Python Basics,Computer Vision,Intermediate,5.0,14
2444,Pandas for Data Analysis,Computer Vision,Beginner,3.14,17
2445,Machine Learning Intro,Data Visualization,Beginner,4.98,13
2446,Python Basics,Linear Algebra,Beginner,4.15,30
2447,Computer Vision Basics,PyTorch,Advanced,4.15,40
2448,Neural Networks,Machine Learning,Beginner,4.5,21
2449,Advanced Python,Pandas,Advanced,4.15,37
2450,Neural Networks,Computer Vision,Intermediate,4.89,31
2451,TensorFlow Crash Course,Linear Algebra,Advanced,3.28,33
2452,Natural Language Processing,Computer Vision,Advanced,3.93,18
2453,TensorFlow Crash Course,SQL,Intermediate,4.12,7
2454,Pandas for Data Analysis,Data Analysis,Intermediate,4.66,25
2455,TensorFlow Crash Course,Data Analysis,Advanced,3.98,10
2456,PyTorch for Deep Learning,TensorFlow,Intermediate,4.26,21
2457,PyTorch for Deep Learning,Python,Advanced,3.83,23
2458,Statistics for Data Science,PyTorch,Intermediate,4.53,3
2459,Computer Vision Basics,Deep Learning,Beginner,4.98,3
2460,TensorFlow Crash Course,Linear Algebra,Intermediate,4.36,20
2461,Data Visualization with Python,Deep Learning,Advanced,3.08,11
2462,Pandas for Data Analysis,SQL,Beginner,3.28,27
2463,Numpy Fundamentals,TensorFlow,Intermediate,3.17,15
2464,TensorFlow Crash Course,PyTorch,Beginner,4.74,25
2465,Statistics for Data Science,SQL,Intermediate,3.58,24
2466,Numpy Fundamentals,PyTorch,Advanced,4.66,21
2467,Advanced Python,Statistics,Advanced,4.75,23
2468,SQL for Data Science,Computer Vision,Intermediate,4.85,39
2469,Neural Networks,Data Visualization,Beginner,4.57,32
2470,Deep Learning Fundamentals,Data Visualization,Intermediate,4.04,33
2471,Numpy Fundamentals,Deep Learning,Beginner,3.28,34
2472,Statistics for Data Science,NLP,Beginner,3.68,19
2473,PyTorch for Deep Learning,Data Visualization,Beginner,4.71,26
2474,Numpy Fundamentals,Linear Algebra,Intermediate,3.95,11
2475,PyTorch for Deep Learning,Machine Learning,Advanced,3.6,35
2476,Natural Language Processing,Data Analysis,Advanced,3.23,37
2477,Pandas for Data Analysis,Statistics,Beginner,3.6,35
2478,Computer Vision Basics,SQL,Beginner,3.74,10
2479,TensorFlow Crash Course,Computer Vision,Advanced,3.54,3
2480,Statistics for Data Science,Machine Learning,Intermediate,4.03,2
2481,TensorFlow Crash Course,Data Analysis,Beginner,3.76,24
2482,Pandas for Data Analysis,NLP,Intermediate,3.24,6
2483,Neural Networks,Deep Learning,Advanced,3.43,26
2484,TensorFlow Crash Course,Linear Algebra,Intermediate,4.43,37
2485,Data Visualization with Python,Statistics,Beginner,4.1,7
2486,Machine Learning Intro,Computer Vision,Beginner,4.37,28
2487,Machine Learning Intro,Linear Algebra,Beginner,4.87,32
2488,Advanced Python,Data Analysis,Advanced,4.51,28
2489,Computer Vision Basics,Data Analysis,Beginner,4.48,10
2490,Computer Vision Basics,NLP,Beginner,4.68,4
2491,Advanced Python,Machine Learning,Advanced,3.53,15
2492,Neural Networks,TensorFlow,Advanced,3.94,27
2493,Neural Networks,Machine Learning,Intermediate,4.07,26
2494,Python Basics,Python,Beginner,4.47,7
2495,Natural Language Processing,TensorFlow,Intermediate,5.0,38
2496,Advanced Python,TensorFlow,Advanced,3.38,9
2497,TensorFlow Crash Course,Machine Learning,Advanced,4.63,6
2498,Numpy Fundamentals,Statistics,Advanced,4.28,12
2499,Python Basics,Numpy,Intermediate,3.8,12
2500,Statistics for Data Science,Pandas,Advanced,3.42,15
2501,Neural Networks,TensorFlow,Beginner,3.08,19
2502,Pandas for Data Analysis,PyTorch,Intermediate,3.4,37
2503,PyTorch for Deep Learning,SQL,Beginner,3.64,32
2504,Machine Learning Intro,Data Visualization,Beginner,3.18,30
2505,Data Visualization with Python,Statistics,Beginner,3.27,12
2506,Natural Language Processing,Computer Vision,Beginner,4.55,34
2507,Python Basics,Python,Beginner,4.85,22
2508,Statistics for Data Science,Linear Algebra,Beginner,3.55,23
2509,PyTorch for Deep Learning,Data Visualization,Beginner,4.14,16
2510,Computer Vision Basics,Linear Algebra,Intermediate,3.85,39
2511,Neural Networks,PyTorch,Beginner,3.83,7
2512,SQL for Data Science,Numpy,Beginner,3.24,27
2513,Natural Language Processing,Data Analysis,Advanced,3.16,7
2514,Numpy Fundamentals,Data Analysis,Intermediate,3.06,21
2515,Natural Language Processing,Python,Beginner,3.92,31
2516,SQL for Data Science,Pandas,Advanced,4.83,8
2517,TensorFlow Crash Course,Numpy,Beginner,4.71,27
2518,Python Basics,Numpy,Advanced,3.34,39
2519,Data Visualization with Python,Computer Vision,Intermediate,3.78,17
2520,Data Visualization with Python,Numpy,Intermediate,3.64,38
2521,Neural Networks,Python,Beginner,4.16,3
2522,Advanced Python,SQL,Intermediate,4.02,12
2523,Neural Networks,Pandas,Intermediate,4.33,37
2524,Machine Learning Intro,Linear Algebra,Intermediate,3.26,20
2525,Pandas for Data Analysis,Pandas,Intermediate,3.51,10
2526,Neural Networks,NLP,Intermediate,3.01,13
2527,Deep Learning Fundamentals,Python,Beginner,3.55,4
2528,Numpy Fundamentals,TensorFlow,Advanced,3.91,25
2529,Python Basics,PyTorch,Beginner,3.42,17
2530,Python Basics,NLP,Intermediate,3.79,36
2531,Machine Learning Intro,Statistics,Beginner,3.89,19
2532,Machine Learning Intro,Pandas,Beginner,3.03,22
2533,Numpy Fundamentals,Linear Algebra,Beginner,4.42,12
2534,Deep Learning Fundamentals,Statistics,Advanced,3.54,30
2535,TensorFlow Crash Course,Data Visualization,Beginner,3.06,21
2536,SQL for Data Science,Machine Learning,Advanced,3.84,25
2537,Advanced Python,Numpy,Advanced,4.5,17
2538,Computer Vision Basics,Data Visualization,Advanced,3.48,22
2539,Pandas for Data Analysis,Data Analysis,Beginner,3.21,26
2540,Numpy Fundamentals,NLP,Beginner,4.78,37
2541,PyTorch for Deep Learning,SQL,Advanced,3.22,15
2542,PyTorch for Deep Learning,Data Visualization,Advanced,4.57,20
2543,SQL for Data Science,Computer Vision,Intermediate,3.87,9
2544,Advanced Python,Linear Algebra,Beginner,4.4,17
2545,Statistics for Data Science,Computer Vision,Beginner,3.56,16
2546,Advanced Python,SQL,Beginner,3.86,26
2547,Advanced Python,Statistics,Advanced,4.99,27
2548,Python Basics,Data Visualization,Intermediate,4.66,17
2549,Data Visualization with Python,Deep Learning,Beginner,4.73,32
2550,Statistics for Data Science,Deep Learning,Intermediate,4.66,6
2551,TensorFlow Crash Course,Computer Vision,Intermediate,3.19,7
2552,PyTorch for Deep Learning,TensorFlow,Intermediate,4.76,27
2553,TensorFlow Crash Course,Computer Vision,Intermediate,3.62,9
2554,Pandas for Data Analysis,TensorFlow,Beginner,3.05,6
2555,SQL for Data Science,Data Analysis,Advanced,4.36,26
2556,Neural Networks,SQL,Intermediate,4.38,23
2557,Computer Vision Basics,Linear Algebra,Intermediate,3.65,24
2558,Python Basics,PyTorch,Advanced,3.34,35
2559,Advanced Python,NLP,Beginner,4.28,16
2560,Pandas for Data Analysis,Pandas,Advanced,4.09,34
2561,Neural Networks,NLP,Intermediate,3.68,2
2562,Advanced Python,Numpy,Intermediate,4.91,21
2563,Numpy Fundamentals,TensorFlow,Beginner,3.14,27
2564,Natural Language Processing,Data Visualization,Beginner,4.84,24
2565,Numpy Fundamentals,PyTorch,Advanced,3.01,24
2566,Statistics for Data Science,Statistics,Beginner,4.92,8
2567,Natural Language Processing,Pandas,Intermediate,3.33,29
2568,Machine Learning Intro,SQL,Advanced,3.79,3
2569,SQL for Data Science,Pandas,Advanced,4.57,7
2570,Data Visualization with Python,NLP,Beginner,4.05,20
2571,PyTorch for Deep Learning,PyTorch,Intermediate,4.46,34
2572,Neural Networks,Linear Algebra,Advanced,3.46,5
2573,Computer Vision Basics,Computer Vision,Beginner,3.86,16
2574,Machine Learning Intro,Numpy,Intermediate,3.79,21
2575,TensorFlow Crash Course,Linear Algebra,Intermediate,3.19,25
2576,PyTorch for Deep Learning,Numpy,Beginner,4.54,23
2577,TensorFlow Crash Course,Computer Vision,Intermediate,4.91,26
2578,Neural Networks,Computer Vision,Advanced,4.73,32
2579,Numpy Fundamentals,SQL,Advanced,3.53,16
2580,Deep Learning Fundamentals,SQL,Intermediate,4.43,2
2581,Advanced Python,Pandas,Advanced,3.87,12
2582,SQL for Data Science,Computer Vision,Intermediate,4.87,35
2583,Deep Learning Fundamentals,NLP,Beginner,3.94,4
2584,Pandas for Data Analysis,Deep Learning,Advanced,4.74,39
2585,Computer Vision Basics,Numpy,Intermediate,3.15,2
2586,SQL for Data Science,PyTorch,Advanced,4.07,20
2587,Numpy Fundamentals,PyTorch,Intermediate,3.1,25
2588,Data Visualization with Python,Linear Algebra,Advanced,4.36,38
2589,Natural Language Processing,Data Visualization,Advanced,4.05,36
2590,Python Basics,Linear Algebra,Beginner,4.22,25
2591,Statistics for Data Science,Statistics,Intermediate,3.85,9
2592,TensorFlow Crash Course,Computer Vision,Intermediate,4.29,18
2593,PyTorch for Deep Learning,Pandas,Beginner,4.32,17
2594,Statistics for Data Science,Data Analysis,Intermediate,4.77,30
2595,TensorFlow Crash Course,Data Analysis,Advanced,4.29,10
2596,Deep Learning Fundamentals,Computer Vision,Intermediate,3.82,8
2597,Python Basics,Statistics,Intermediate,4.32,7
2598,Python Basics,Linear Algebra,Beginner,4.91,39
2599,Deep Learning Fundamentals,NLP,Advanced,3.19,33
2600,Computer Vision Basics,Pandas,Beginner,4.78,33
2601,Data Visualization with Python,NLP,Advanced,4.86,3
2602,Deep Learning Fundamentals,NLP,Beginner,4.62,31
2603,TensorFlow Crash Course,SQL,Advanced,4.62,16
2604,Neural Networks,NLP,Beginner,4.69,37
2605,Advanced Python,Statistics,Advanced,3.04,15
2606,TensorFlow Crash Course,Pandas,Beginner,4.1,17
2607,Advanced Python,Machine Learning,Intermediate,4.1,28
2608,Advanced Python,Numpy,Beginner,4.6,19
2609,TensorFlow Crash Course,SQL,Intermediate,3.88,21
2610,PyTorch for Deep Learning,Data Analysis,Intermediate,3.47,30
2611,Statistics for Data Science,SQL,Advanced,4.13,33
2612,Pandas for Data Analysis,Data Analysis,Intermediate,3.21,2
2613,Pandas for Data Analysis,Machine Learning,Advanced,3.17,39
2614,Natural Language Processing,Computer Vision,Intermediate,4.45,37
2615,Deep Learning Fundamentals,NLP,Beginner,4.86,9
2616,Data Visualization with Python,NLP,Beginner,3.04,28
2617,Neural Networks,Pandas,Beginner,3.46,27
2618,SQL for Data Science,TensorFlow,Intermediate,4.8,26
2619,Neural Networks,Deep Learning,Advanced,3.7,34
2620,Computer Vision Basics,TensorFlow,Advanced,4.54,14
2621,Neural Networks,PyTorch,Advanced,4.12,37
2622,Machine Learning Intro,Numpy,Intermediate,3.17,16
2623,Deep Learning Fundamentals,Machine Learning,Advanced,4.85,34
2624,Machine Learning Intro,Deep Learning,Intermediate,3.26,22
2625,Pandas for Data Analysis,SQL,Beginner,4.47,39
2626,SQL for Data Science,Data Analysis,Intermediate,4.14,8
2627,Machine Learning Intro,Python,Intermediate,3.08,15
2628,PyTorch for Deep Learning,Pandas,Beginner,3.15,12
2629,Pandas for Data Analysis,Linear Algebra,Advanced,3.27,35
2630,PyTorch for Deep Learning,Linear Algebra,Advanced,3.69,32
2631,Deep Learning Fundamentals,Data Analysis,Beginner,3.57,23
2632,Deep Learning Fundamentals,Data Visualization,Advanced,3.92,13
2633,TensorFlow Crash Course,Computer Vision,Beginner,4.73,20
2634,Computer Vision Basics,SQL,Advanced,4.95,29
2635,Neural Networks,Data Visualization,Advanced,4.01,13
2636,SQL for Data Science,Pandas,Beginner,3.39,17
2637,Statistics for Data Science,Computer Vision,Intermediate,4.7,30
2638,Numpy Fundamentals,Deep Learning,Intermediate,4.32,36
2639,Numpy Fundamentals,TensorFlow,Advanced,3.6,2
2640,Machine Learning Intro,Linear Algebra,Advanced,4.34,13
2641,Machine Learning Intro,NLP,Beginner,4.28,12
2642,PyTorch for Deep Learning,Python,Intermediate,3.86,36
2643,Python Basics,Linear Algebra,Advanced,4.46,33
2644,Neural Networks,Data Visualization,Intermediate,4.43,31
2645,Deep Learning Fundamentals,SQL,Intermediate,4.9,8
2646,Neural Networks,Pandas,Beginner,3.74,6
2647,TensorFlow Crash Course,Data Analysis,Intermediate,4.01,32
2648,Natural Language Processing,Data Visualization,Beginner,3.54,2
2649,Pandas for Data Analysis,Python,Intermediate,4.06,33
2650,Advanced Python,Data Visualization,Beginner,4.47,3
2651,Data Visualization with Python,Statistics,Intermediate,4.45,34
2652,TensorFlow Crash Course,TensorFlow,Advanced,4.75,29
2653,Python Basics,Machine Learning,Beginner,3.35,14
2654,Deep Learning Fundamentals,Machine Learning,Advanced,4.47,27
2655,Machine Learning Intro,Python,Intermediate,4.67,31
2656,TensorFlow Crash Course,Numpy,Intermediate,3.3,13
2657,SQL for Data Science,Deep Learning,Advanced,3.41,12
2658,Neural Networks,SQL,Intermediate,4.7,24
2659,Advanced Python,Machine Learning,Advanced,3.02,4
2660,TensorFlow Crash Course,Statistics,Advanced,4.39,36
2661,SQL for Data Science,Data Visualization,Advanced,3.16,4
2662,Machine Learning Intro,Pandas,Intermediate,4.02,36
2663,PyTorch for Deep Learning,Data Visualization,Advanced,4.49,17
2664,Pandas for Data Analysis,PyTorch,Intermediate,3.43,8
2665,TensorFlow Crash Course,Deep Learning,Beginner,4.06,28
2666,Deep Learning Fundamentals,Linear Algebra,Beginner,4.36,17
2667,PyTorch for Deep Learning,PyTorch,Intermediate,4.4,29
2668,TensorFlow Crash Course,Machine Learning,Intermediate,4.6,22
2669,PyTorch for Deep Learning,Data Visualization,Intermediate,3.67,2
2670,Statistics for Data Science,TensorFlow,Beginner,3.79,25
2671,TensorFlow Crash Course,SQL,Advanced,4.7,25
2672,Statistics for Data Science,Pandas,Intermediate,3.24,36
2673,Neural Networks,SQL,Advanced,4.8,23
2674,SQL for Data Science,Statistics,Intermediate,4.63,33
2675,TensorFlow Crash Course,Numpy,Advanced,3.62,30
2676,Natural Language Processing,Deep Learning,Advanced,4.92,27
2677,Pandas for Data Analysis,Data Visualization,Intermediate,3.73,12
2678,Statistics for Data Science,Data Visualization,Beginner,3.9,35
2679,Python Basics,Data Analysis,Intermediate,4.65,29
2680,Machine Learning Intro,SQL,Advanced,4.93,23
2681,Computer Vision Basics,Pandas,Advanced,4.1,11
2682,Deep Learning Fundamentals,Machine Learning,Advanced,4.43,27
2683,Statistics for Data Science,PyTorch,Intermediate,4.97,11
2684,Neural Networks,Statistics,Intermediate,4.84,9
2685,Python Basics,Pandas,Advanced,3.33,21
2686,Numpy Fundamentals,Numpy,Intermediate,4.92,27
2687,Advanced Python,Deep Learning,Advanced,4.58,6
2688,Data Visualization with Python,PyTorch,Intermediate,4.16,37
2689,SQL for Data Science,NLP,Intermediate,3.62,10
2690,Natural Language Processing,TensorFlow,Beginner,3.77,3
2691,Machine Learning Intro,Machine Learning,Intermediate,4.74,9
2692,Deep Learning Fundamentals,SQL,Beginner,4.35,21
2693,Deep Learning Fundamentals,PyTorch,Advanced,3.47,34
2694,Machine Learning Intro,Data Analysis,Intermediate,4.52,13
2695,PyTorch for Deep Learning,Data Visualization,Intermediate,4.77,3
2696,TensorFlow Crash Course,Numpy,Beginner,4.1,15
2697,PyTorch for Deep Learning,Data Analysis,Intermediate,4.88,19
2698,Data Visualization with Python,Computer Vision,Advanced,3.8,39
2699,Python Basics,TensorFlow,Advanced,3.28,5
2700,Neural Networks,PyTorch,Intermediate,3.63,10
2701,Numpy Fundamentals,TensorFlow,Intermediate,3.29,28
2702,Advanced Python,Machine Learning,Intermediate,4.41,7
2703,Data Visualization with Python,Data Analysis,Advanced,3.31,10
2704,Numpy Fundamentals,PyTorch,Beginner,4.6,19
2705,Pandas for Data Analysis,Data Analysis,Advanced,3.65,17
2706,Neural Networks,Pandas,Advanced,3.0,7
2707,Natural Language Processing,NLP,Beginner,3.54,16
2708,Python Basics,TensorFlow,Beginner,3.4,26
2709,Advanced Python,Statistics,Beginner,3.87,5
2710,Statistics for Data Science,Numpy,Beginner,4.98,38
2711,Computer Vision Basics,Deep Learning,Advanced,4.99,22
2712,Advanced Python,Computer Vision,Advanced,4.96,11
2713,Computer Vision Basics,NLP,Beginner,4.92,7
2714,TensorFlow Crash Course,Numpy,Intermediate,3.63,22
2715,Statistics for Data Science,PyTorch,Intermediate,3.66,34
2716,TensorFlow Crash Course,Computer Vision,Advanced,3.54,27
2717,Pandas for Data Analysis,Machine Learning,Advanced,4.82,17
2718,Neural Networks,NLP,Beginner,3.08,36
2719,Deep Learning Fundamentals,Python,Beginner,3.84,8
2720,Python Basics,Data Visualization,Intermediate,3.66,6
2721,Deep Learning Fundamentals,Pandas,Beginner,3.37,6
2722,PyTorch for Deep Learning,Data Visualization,Advanced,4.44,36
2723,PyTorch for Deep Learning,Pandas,Intermediate,4.06,39
2724,Neural Networks,Machine Learning,Intermediate,4.9,5
2725,Numpy Fundamentals,Python,Intermediate,4.21,26
2726,Natural Language Processing,Machine Learning,Advanced,3.04,25
2727,SQL for Data Science,TensorFlow,Beginner,3.8,11
2728,TensorFlow Crash Course,Pandas,Advanced,4.15,10
2729,Computer Vision Basics,Pandas,Beginner,4.97,40
2730,Data Visualization with Python,Pandas,Advanced,4.64,17
2731,Advanced Python,PyTorch,Beginner,3.51,29
2732,Deep Learning Fundamentals,Deep Learning,Beginner,3.45,32
2733,Data Visualization with Python,Computer Vision,Beginner,4.72,34
2734,Data Visualization with Python,Machine Learning,Beginner,3.36,27
2735,Numpy Fundamentals,Pandas,Intermediate,4.45,33
2736,Python Basics,SQL,Advanced,3.57,9
2737,Numpy Fundamentals,Numpy,Beginner,4.39,11
2738,Statistics for Data Science,Pandas,Intermediate,4.59,36
2739,Statistics for Data Science,Statistics,Intermediate,4.75,2
2740,SQL for Data Science,Data Analysis,Beginner,3.2,8
2741,Pandas for Data Analysis,Data Analysis,Advanced,4.36,32
2742,Natural Language Processing,Data Analysis,Beginner,4.45,11
2743,Numpy Fundamentals,Linear Algebra,Intermediate,4.69,17
2744,TensorFlow Crash Course,PyTorch,Beginner,3.71,23
2745,Machine Learning Intro,Numpy,Advanced,4.04,4
2746,Advanced Python,Statistics,Advanced,4.74,27
2747,Pandas for Data Analysis,Statistics,Beginner,3.1,19
2748,Numpy Fundamentals,Data Visualization,Advanced,4.13,9
2749,Neural Networks,Computer Vision,Intermediate,4.94,37
2750,Machine Learning Intro,Numpy,Beginner,3.3,34
2751,Computer Vision Basics,Statistics,Beginner,3.87,4
2752,Advanced Python,SQL,Beginner,3.51,9
2753,Pandas for Data Analysis,PyTorch,Intermediate,4.03,5
2754,Natural Language Processing,Linear Algebra,Advanced,4.32,30
2755,Natural Language Processing,PyTorch,Advanced,4.88,36
2756,SQL for Data Science,Machine Learning,Advanced,3.87,13
2757,Pandas for Data Analysis,NLP,Intermediate,4.19,30
2758,Deep Learning Fundamentals,Data Visualization,Beginner,4.24,32
2759,PyTorch for Deep Learning,Data Analysis,Beginner,4.78,8
2760,Computer Vision Basics,Pandas,Advanced,3.41,21
2761,Python Basics,Pandas,Intermediate,3.91,11
2762,Natural Language Processing,TensorFlow,Intermediate,4.25,24
2763,PyTorch for Deep Learning,Machine Learning,Beginner,4.07,32
2764,Pandas for Data Analysis,Computer Vision,Advanced,3.01,7
2765,Deep Learning Fundamentals,Data Visualization,Advanced,4.09,4
2766,Statistics for Data Science,NLP,Advanced,4.35,21
2767,Deep Learning Fundamentals,Numpy,Beginner,3.82,36
2768,Pandas for Data Analysis,TensorFlow,Intermediate,3.83,21
2769,SQL for Data Science,Data Analysis,Intermediate,3.81,34
2770,Computer Vision Basics,Statistics,Advanced,3.21,4
2771,Machine Learning Intro,Numpy,Advanced,4.54,31
2772,Pandas for Data Analysis,Pandas,Beginner,3.01,34
2773,PyTorch for Deep Learning,PyTorch,Advanced,3.86,4
2774,SQL for Data Science,Data Visualization,Advanced,3.55,24
2775,Pandas for Data Analysis,Linear Algebra,Advanced,3.81,5
2776,Python Basics,Data Visualization,Beginner,4.87,21
2777,Python Basics,Numpy,Advanced,3.85,36
2778,SQL for Data Science,SQL,Beginner,4.74,2
2779,SQL for Data Science,Numpy,Intermediate,4.91,17
2780,Pandas for Data Analysis,Statistics,Advanced,4.16,15
2781,Deep Learning Fundamentals,Pandas,Advanced,3.82,18
2782,Python Basics,Numpy,Advanced,3.07,4
2783,Data Visualization with Python,Linear Algebra,Advanced,3.07,6
2784,Advanced Python,Python,Advanced,3.15,14
2785,Numpy Fundamentals,Data Visualization,Intermediate,4.08,10
2786,SQL for Data Science,Computer Vision,Beginner,3.07,34
2787,Natural Language Processing,NLP,Advanced,4.8,38
2788,Machine Learning Intro,Statistics,Beginner,4.62,32
2789,Python Basics,TensorFlow,Advanced,3.1,32
2790,Numpy Fundamentals,Data Visualization,Advanced,3.19,5
2791,Computer Vision Basics,TensorFlow,Beginner,3.69,36
2792,Machine Learning Intro,Deep Learning,Beginner,3.79,36
2793,PyTorch for Deep Learning,Numpy,Beginner,4.91,29
2794,Deep Learning Fundamentals,Data Visualization,Intermediate,3.92,26
2795,Python Basics,Computer Vision,Beginner,3.07,11
2796,Pandas for Data Analysis,Machine Learning,Beginner,3.99,35
2797,Neural Networks,Data Visualization,Advanced,4.39,13
2798,Pandas for Data Analysis,Pandas,Advanced,4.28,2
2799,Computer Vision Basics,Deep Learning,Beginner,4.81,11
2800,Advanced Python,PyTorch,Advanced,4.67,39
2801,Machine Learning Intro,Numpy,Beginner,4.62,29
2802,Pandas for Data Analysis,PyTorch,Intermediate,3.91,3
2803,Machine Learning Intro,Python,Beginner,4.86,24
2804,Computer Vision Basics,Deep Learning,Intermediate,3.35,2
2805,PyTorch for Deep Learning,PyTorch,Beginner,4.34,12
2806,Advanced Python,Deep Learning,Advanced,4.41,34
2807,Advanced Python,Pandas,Intermediate,4.21,3
2808,TensorFlow Crash Course,Data Analysis,Beginner,4.86,14
2809,TensorFlow Crash Course,Data Analysis,Intermediate,3.35,40
2810,PyTorch for Deep Learning,Data Visualization,Beginner,4.0,32
2811,Natural Language Processing,PyTorch,Advanced,3.27,31
2812,Deep Learning Fundamentals,Python,Beginner,4.26,23
2813,Numpy Fundamentals,TensorFlow,Beginner,3.83,26
2814,Numpy Fundamentals,Deep Learning,Intermediate,3.39,16
2815,PyTorch for Deep Learning,Data Analysis,Advanced,3.07,39
2816,Deep Learning Fundamentals,Python,Intermediate,4.52,15
2817,Data Visualization with Python,Linear Algebra,Intermediate,4.45,25
2818,PyTorch for Deep Learning,Computer Vision,Beginner,3.1,37
2819,Numpy Fundamentals,Linear Algebra,Beginner,4.34,6
2820,Python Basics,Statistics,Intermediate,3.75,7
2821,Advanced Python,Statistics,Intermediate,3.09,11
2822,Natural Language Processing,PyTorch,Advanced,4.41,9
2823,Machine Learning Intro,Computer Vision,Intermediate,4.05,8
2824,Statistics for Data Science,Statistics,Intermediate,3.25,4
2825,Data Visualization with Python,Data Visualization,Beginner,3.06,27
2826,Natural Language Processing,Data Visualization,Beginner,3.25,37
2827,PyTorch for Deep Learning,Numpy,Intermediate,4.47,29
2828,Machine Learning Intro,SQL,Advanced,3.77,32
2829,Numpy Fundamentals,Statistics,Intermediate,4.17,23
2830,Python Basics,Statistics,Advanced,3.34,38
2831,Deep Learning Fundamentals,Linear Algebra,Beginner,3.57,36
2832,Numpy Fundamentals,Linear Algebra,Intermediate,3.06,29
2833,Data Visualization with Python,Pandas,Advanced,4.95,15
2834,Natural Language Processing,PyTorch,Advanced,4.9,21
2835,Data Visualization with Python,Pandas,Beginner,4.95,39
2836,Computer Vision Basics,Linear Algebra,Advanced,4.11,19
2837,Computer Vision Basics,NLP,Beginner,3.43,37
2838,Computer Vision Basics,Numpy,Advanced,4.34,18
2839,Advanced Python,Linear Algebra,Advanced,4.69,10
2840,Deep Learning Fundamentals,Deep Learning,Advanced,3.42,2
2841,SQL for Data Science,Pandas,Intermediate,4.76,2
2842,Python Basics,TensorFlow,Intermediate,4.69,20
2843,Numpy Fundamentals,Python,Beginner,3.73,9
2844,Pandas for Data Analysis,Python,Advanced,3.75,40
2845,Computer Vision Basics,Data Analysis,Beginner,4.71,14
2846,Numpy Fundamentals,Statistics,Advanced,4.98,40
2847,Natural Language Processing,Deep Learning,Beginner,4.25,11
2848,Neural Networks,PyTorch,Intermediate,3.89,20
2849,PyTorch for Deep Learning,Python,Beginner,3.03,18
2850,Advanced Python,Data Visualization,Advanced,4.99,12
2851,Computer Vision Basics,SQL,Intermediate,3.2,2
2852,Advanced Python,Computer Vision,Advanced,3.51,17
2853,TensorFlow Crash Course,Linear Algebra,Advanced,3.2,25
2854,Machine Learning Intro,Statistics,Beginner,3.09,8
2855,Computer Vision Basics,NLP,Intermediate,3.61,3
2856,Pandas for Data Analysis,Pandas,Intermediate,3.98,24
2857,Python Basics,PyTorch,Beginner,3.05,13
2858,SQL for Data Science,Data Visualization,Intermediate,4.65,24
2859,Natural Language Processing,Pandas,Advanced,4.49,4
2860,Machine Learning Intro,Data Visualization,Intermediate,4.72,17
2861,Machine Learning Intro,Python,Intermediate,4.16,14
2862,Computer Vision Basics,Pandas,Advanced,4.83,30
2863,Python Basics,TensorFlow,Beginner,4.26,34
2864,PyTorch for Deep Learning,NLP,Beginner,3.42,17
2865,Deep Learning Fundamentals,Python,Beginner,3.51,31
2866,Machine Learning Intro,Data Visualization,Advanced,3.26,4
2867,Deep Learning Fundamentals,Computer Vision,Beginner,3.71,31
2868,Neural Networks,Deep Learning,Intermediate,3.39,19
2869,TensorFlow Crash Course,TensorFlow,Advanced,3.51,35
2870,Python Basics,Data Analysis,Beginner,4.79,26
2871,TensorFlow Crash Course,NLP,Intermediate,4.94,5
2872,Natural Language Processing,Pandas,Beginner,3.8,36
2873,Pandas for Data Analysis,Python,Advanced,3.17,23
2874,Natural Language Processing,Deep Learning,Beginner,4.15,20
2875,Advanced Python,Python,Beginner,3.71,12
2876,Python Basics,Statistics,Intermediate,4.65,14
2877,Python Basics,Computer Vision,Intermediate,3.49,23
2878,Machine Learning Intro,Machine Learning,Intermediate,4.39,14
2879,Advanced Python,Machine Learning,Intermediate,4.08,27
2880,Statistics for Data Science,PyTorch,Intermediate,4.34,5
2881,Python Basics,SQL,Beginner,4.59,18
2882,Neural Networks,Data Analysis,Advanced,4.84,10
2883,Python Basics,Data Visualization,Intermediate,4.56,20
2884,Deep Learning Fundamentals,Python,Beginner,3.97,40
2885,Computer Vision Basics,Pandas,Advanced,3.27,22
2886,Computer Vision Basics,NLP,Beginner,3.73,34
2887,Machine Learning Intro,TensorFlow,Beginner,4.75,3
2888,Numpy Fundamentals,Machine Learning,Advanced,3.74,21
2889,Deep Learning Fundamentals,SQL,Advanced,3.88,9
2890,Natural Language Processing,Pandas,Beginner,4.63,4
2891,Data Visualization with Python,Linear Algebra,Beginner,3.02,18
2892,Machine Learning Intro,NLP,Intermediate,4.36,22
2893,Computer Vision Basics,Pandas,Beginner,3.75,10
2894,Numpy Fundamentals,Data Visualization,Beginner,4.47,8
2895,Neural Networks,Linear Algebra,Intermediate,3.52,3
2896,Neural Networks,SQL,Beginner,3.01,2
2897,Natural Language Processing,Linear Algebra,Intermediate,4.68,25
2898,Statistics for Data Science,NLP,Advanced,4.17,36
2899,TensorFlow Crash Course,Data Analysis,Intermediate,3.7,13
2900,Computer Vision Basics,Linear Algebra,Advanced,3.98,28
2901,SQL for Data Science,SQL,Advanced,4.21,5
2902,Neural Networks,Deep Learning,Intermediate,4.93,18
2903,SQL for Data Science,Data Visualization,Advanced,3.23,28
2904,Natural Language Processing,Deep Learning,Advanced,3.71,27
2905,TensorFlow Crash Course,TensorFlow,Advanced,3.24,21
2906,TensorFlow Crash Course,SQL,Intermediate,3.27,13
2907,TensorFlow Crash Course,NLP,Intermediate,4.25,2
2908,Numpy Fundamentals,Python,Beginner,4.25,24
2909,Statistics for Data Science,PyTorch,Advanced,4.24,18
2910,Computer Vision Basics,PyTorch,Intermediate,4.0,31
2911,Statistics for Data Science,Numpy,Advanced,3.14,31
2912,Machine Learning Intro,Statistics,Beginner,4.38,26
2913,Advanced Python,Data Visualization,Beginner,3.9,32
2914,TensorFlow Crash Course,Pandas,Intermediate,3.06,34
2915,Pandas for Data Analysis,Deep Learning,Beginner,3.9,30
2916,Neural Networks,Deep Learning,Intermediate,3.76,34
2917,Advanced Python,Data Analysis,Intermediate,3.07,23
2918,Python Basics,Numpy,Intermediate,4.06,17
2919,PyTorch for Deep Learning,NLP,Advanced,3.62,13
2920,PyTorch for Deep Learning,Pandas,Advanced,3.63,40
2921,PyTorch for Deep Learning,SQL,Beginner,3.36,7
2922,Statistics for Data Science,Data Analysis,Beginner,4.76,26
2923,Computer Vision Basics,Linear Algebra,Advanced,4.46,26
2924,Neural Networks,Machine Learning,Intermediate,4.32,15
2925,Pandas for Data Analysis,Pandas,Intermediate,3.49,26
2926,Machine Learning Intro,Data Visualization,Intermediate,3.71,40
2927,TensorFlow Crash Course,Statistics,Intermediate,4.36,2
2928,SQL for Data Science,Numpy,Intermediate,3.73,10
2929,Python Basics,NLP,Advanced,4.95,20
2930,PyTorch for Deep Learning,SQL,Intermediate,4.72,30
2931,Natural Language Processing,NLP,Intermediate,4.98,14
2932,Deep Learning Fundamentals,Data Analysis,Advanced,3.42,14
2933,Neural Networks,Numpy,Intermediate,4.7,21
2934,Machine Learning Intro,Pandas,Intermediate,4.26,10
2935,Statistics for Data Science,SQL,Intermediate,4.06,4
2936,Pandas for Data Analysis,TensorFlow,Intermediate,3.46,29
2937,SQL for Data Science,Pandas,Advanced,4.57,30
2938,SQL for Data Science,SQL,Advanced,4.62,5
2939,Data Visualization with Python,Computer Vision,Intermediate,4.96,39
2940,Computer Vision Basics,Machine Learning,Intermediate,3.23,2
2941,Numpy Fundamentals,Machine Learning,Advanced,3.73,28
2942,Statistics for Data Science,Python,Beginner,4.48,14
2943,SQL for Data Science,Statistics,Beginner,4.21,34
2944,Python Basics,Numpy,Intermediate,3.76,13
2945,Deep Learning Fundamentals,Data Visualization,Beginner,3.85,18
2946,Statistics for Data Science,NLP,Advanced,4.67,19
2947,Computer Vision Basics,SQL,Intermediate,3.94,15
2948,Python Basics,Machine Learning,Beginner,3.06,27
2949,Neural Networks,Data Visualization,Beginner,3.39,6
2950,TensorFlow Crash Course,PyTorch,Beginner,3.63,29
2951,SQL for Data Science,Linear Algebra,Intermediate,3.43,27
2952,Machine Learning Intro,NLP,Intermediate,3.07,11
2953,Statistics for Data Science,Machine Learning,Intermediate,3.83,36
2954,Machine Learning Intro,Python,Beginner,3.82,29
2955,PyTorch for Deep Learning,Linear Algebra,Advanced,3.7,7
2956,Python Basics,Computer Vision,Beginner,4.06,12
2957,TensorFlow Crash Course,Pandas,Intermediate,4.03,37
2958,Data Visualization with Python,PyTorch,Advanced,4.93,19
2959,Numpy Fundamentals,Pandas,Advanced,3.38,28
2960,Advanced Python,TensorFlow,Beginner,3.13,25
2961,Computer Vision Basics,NLP,Advanced,4.01,33
2962,SQL for Data Science,Linear Algebra,Advanced,4.93,24
2963,PyTorch for Deep Learning,TensorFlow,Beginner,3.69,21
2964,Pandas for Data Analysis,Statistics,Advanced,3.16,31
2965,Computer Vision Basics,Computer Vision,Beginner,4.96,37
2966,Advanced Python,Linear Algebra,Advanced,3.08,16
2967,PyTorch for Deep Learning,TensorFlow,Beginner,3.59,21
2968,Data Visualization with Python,Deep Learning,Intermediate,4.93,9
2969,SQL for Data Science,PyTorch,Beginner,4.64,21
2970,Deep Learning Fundamentals,Linear Algebra,Intermediate,4.76,17
2971,Statistics for Data Science,TensorFlow,Advanced,4.81,3
2972,Computer Vision Basics,Deep Learning,Advanced,3.3,25
2973,SQL for Data Science,Machine Learning,Advanced,4.92,29
2974,Statistics for Data Science,Machine Learning,Beginner,4.21,15
2975,SQL for Data Science,Linear Algebra,Beginner,4.89,27
2976,Advanced Python,Computer Vision,Beginner,3.83,22
2977,TensorFlow Crash Course,Computer Vision,Advanced,4.0,3
2978,TensorFlow Crash Course,TensorFlow,Beginner,3.01,24
2979,Natural Language Processing,PyTorch,Intermediate,3.78,26
2980,Advanced Python,Python,Intermediate,3.07,12
2981,Deep Learning Fundamentals,Pandas,Advanced,3.62,11
2982,Natural Language Processing,Python,Beginner,3.83,21
2983,Statistics for Data Science,TensorFlow,Advanced,4.57,10
2984,Machine Learning Intro,TensorFlow,Advanced,3.3,9
2985,Data Visualization with Python,Numpy,Intermediate,3.91,40
2986,Computer Vision Basics,SQL,Advanced,4.88,32
2987,Pandas for Data Analysis,Numpy,Beginner,4.08,28
2988,Natural Language Processing,Statistics,Beginner,4.43,18
2989,PyTorch for Deep Learning,TensorFlow,Advanced,3.88,14
2990,Python Basics,Python,Beginner,3.11,4
2991,Neural Networks,Pandas,Intermediate,4.46,32
2992,Advanced Python,Computer Vision,Intermediate,3.71,13
2993,Deep Learning Fundamentals,Machine Learning,Beginner,4.7,32
2994,TensorFlow Crash Course,Statistics,Intermediate,3.73,34
2995,Statistics for Data Science,Statistics,Beginner,4.82,37
2996,Neural Networks,Data Analysis,Intermediate,4.76,27
2997,Machine Learning Intro,Machine Learning,Advanced,4.57,20
2998,Python Basics,Pandas,Intermediate,4.38,15
2999,Natural Language Processing,SQL,Intermediate,4.61,33
3000,Python Basics,Computer Vision,Beginner,4.95,6
3001,Machine Learning Intro,SQL,Beginner,4.56,37
3002,Deep Learning Fundamentals,NLP,Intermediate,4.04,15
3003,Python Basics,Computer Vision,Intermediate,4.74,23
3004,Computer Vision Basics,Pandas,Advanced,3.85,27
3005,Statistics for Data Science,Linear Algebra,Intermediate,3.1,21
3006,TensorFlow Crash Course,Python,Intermediate,4.69,4
3007,Deep Learning Fundamentals,Data Analysis,Intermediate,4.15,27
3008,TensorFlow Crash Course,NLP,Beginner,4.22,14
3009,PyTorch for Deep Learning,SQL,Advanced,4.31,36
3010,Deep Learning Fundamentals,Linear Algebra,Beginner,4.05,4
3011,Deep Learning Fundamentals,Python,Intermediate,3.47,3
3012,Computer Vision Basics,Data Visualization,Advanced,3.91,18
3013,Statistics for Data Science,Computer Vision,Advanced,3.49,37
3014,Python Basics,Linear Algebra,Advanced,3.63,11
3015,Machine Learning Intro,Linear Algebra,Beginner,4.27,25
3016,Numpy Fundamentals,Deep Learning,Intermediate,4.96,12
3017,TensorFlow Crash Course,NLP,Advanced,3.44,20
3018,TensorFlow Crash Course,Data Analysis,Advanced,3.64,2
3019,PyTorch for Deep Learning,Numpy,Intermediate,4.48,26
3020,Statistics for Data Science,Numpy,Intermediate,3.61,4
3021,Deep Learning Fundamentals,TensorFlow,Intermediate,4.17,31
3022,Statistics for Data Science,Statistics,Beginner,3.04,12
3023,Numpy Fundamentals,Data Analysis,Beginner,4.58,32
3024,Python Basics,Linear Algebra,Beginner,3.76,24
3025,Advanced Python,Deep Learning,Beginner,4.67,19
3026,Statistics for Data Science,Pandas,Advanced,4.68,39
3027,Machine Learning Intro,Data Visualization,Advanced,3.87,23
3028,Statistics for Data Science,Machine Learning,Intermediate,3.14,27
3029,PyTorch for Deep Learning,Machine Learning,Advanced,3.47,10
3030,Numpy Fundamentals,Computer Vision,Intermediate,4.68,19
3031,Computer Vision Basics,Pandas,Beginner,4.25,16
3032,Pandas for Data Analysis,Data Analysis,Beginner,4.93,12
3033,PyTorch for Deep Learning,Deep Learning,Beginner,3.6,12
3034,Neural Networks,Deep Learning,Advanced,4.08,17
3035,Numpy Fundamentals,Computer Vision,Beginner,4.31,38
3036,TensorFlow Crash Course,Python,Beginner,4.06,5
3037,Neural Networks,Linear Algebra,Intermediate,4.77,16
3038,Machine Learning Intro,Computer Vision,Advanced,4.44,29
3039,Numpy Fundamentals,PyTorch,Intermediate,3.45,14
3040,Deep Learning Fundamentals,Computer Vision,Beginner,4.83,13
3041,Pandas for Data Analysis,Linear Algebra,Beginner,4.22,27
3042,Numpy Fundamentals,Data Analysis,Intermediate,4.29,38
3043,Python Basics,Data Analysis,Beginner,4.07,40
3044,PyTorch for Deep Learning,Machine Learning,Advanced,3.94,5
3045,Numpy Fundamentals,Statistics,Beginner,4.31,23
3046,Advanced Python,Data Visualization,Intermediate,3.6,9
3047,PyTorch for Deep Learning,Deep Learning,Intermediate,4.48,25
3048,Computer Vision Basics,Machine Learning,Intermediate,3.24,38
3049,Advanced Python,Linear Algebra,Advanced,3.27,36
3050,PyTorch for Deep Learning,Data Analysis,Advanced,3.02,29
3051,Deep Learning Fundamentals,Deep Learning,Intermediate,3.8,26
3052,Data Visualization with Python,Machine Learning,Beginner,3.29,11
3053,Pandas for Data Analysis,Machine Learning,Beginner,3.78,27
3054,TensorFlow Crash Course,TensorFlow,Beginner,4.66,2
3055,Pandas for Data Analysis,Data Analysis,Advanced,3.17,38
3056,Deep Learning Fundamentals,Data Visualization,Advanced,3.51,8
3057,Computer Vision Basics,NLP,Advanced,3.13,3
3058,TensorFlow Crash Course,Linear Algebra,Advanced,4.15,22
3059,Python Basics,PyTorch,Intermediate,4.36,39
3060,Numpy Fundamentals,Pandas,Advanced,3.7,26
3061,Machine Learning Intro,Pandas,Beginner,4.92,16
3062,Statistics for Data Science,NLP,Advanced,3.06,35
3063,PyTorch for Deep Learning,Numpy,Intermediate,4.3,40
3064,Computer Vision Basics,Machine Learning,Intermediate,4.62,25
3065,Pandas for Data Analysis,Linear Algebra,Advanced,3.61,31
3066,Deep Learning Fundamentals,Pandas,Advanced,3.4,32
3067,Python Basics,Deep Learning,Advanced,4.71,25
3068,Neural Networks,Computer Vision,Beginner,3.77,4
3069,Pandas for Data Analysis,Statistics,Beginner,4.62,3
3070,Data Visualization with Python,Linear Algebra,Advanced,4.51,22
3071,Neural Networks,Deep Learning,Beginner,4.3,23
3072,Advanced Python,Computer Vision,Intermediate,3.52,7
3073,PyTorch for Deep Learning,SQL,Beginner,4.71,15
3074,Machine Learning Intro,Computer Vision,Advanced,3.89,28
3075,Numpy Fundamentals,NLP,Beginner,3.71,24
3076,Natural Language Processing,SQL,Beginner,3.98,28
3077,Data Visualization with Python,Python,Advanced,4.4,11
3078,Numpy Fundamentals,Pandas,Beginner,4.08,10
3079,Statistics for Data Science,PyTorch,Advanced,4.71,14
3080,Statistics for Data Science,Deep Learning,Intermediate,3.03,22
3081,Neural Networks,Statistics,Intermediate,4.36,17
3082,Data Visualization with Python,Data Visualization,Advanced,3.15,8
3083,Computer Vision Basics,Python,Beginner,3.27,6
3084,Neural Networks,TensorFlow,Beginner,4.78,37
3085,PyTorch for Deep Learning,SQL,Beginner,3.16,23
3086,PyTorch for Deep Learning,Data Visualization,Beginner,4.02,35
3087,SQL for Data Science,PyTorch,Beginner,4.08,15
3088,Deep Learning Fundamentals,Numpy,Intermediate,4.01,32
3089,PyTorch for Deep Learning,Statistics,Advanced,3.98,14
3090,Python Basics,Data Visualization,Beginner,3.33,20
3091,Numpy Fundamentals,Statistics,Advanced,4.21,36
3092,Python Basics,Numpy,Beginner,3.38,21
3093,Python Basics,Computer Vision,Advanced,4.68,7
3094,Python Basics,Python,Advanced,4.58,39
3095,Computer Vision Basics,Data Visualization,Intermediate,3.62,35
3096,Natural Language Processing,Linear Algebra,Advanced,3.84,24
3097,Numpy Fundamentals,Statistics,Advanced,4.75,4
3098,Python Basics,Deep Learning,Beginner,4.55,36
3099,Advanced Python,Machine Learning,Advanced,3.57,15
3100,Advanced Python,Numpy,Intermediate,4.12,16
3101,Computer Vision Basics,Linear Algebra,Intermediate,3.18,15
3102,Numpy Fundamentals,Python,Beginner,4.05,4
3103,Natural Language Processing,Numpy,Beginner,4.2,5
3104,Statistics for Data Science,Python,Advanced,4.62,35
3105,Pandas for Data Analysis,Machine Learning,Beginner,3.56,14
3106,Machine Learning Intro,SQL,Intermediate,4.78,35
3107,Machine Learning Intro,Linear Algebra,Beginner,3.33,11
3108,TensorFlow Crash Course,PyTorch,Advanced,3.86,15
3109,Numpy Fundamentals,Python,Beginner,4.66,6
3110,Neural Networks,NLP,Advanced,3.26,21
3111,Advanced Python,Statistics,Beginner,4.54,31
3112,Deep Learning Fundamentals,SQL,Intermediate,3.74,13
3113,Statistics for Data Science,Pandas,Advanced,4.23,31
3114,Natural Language Processing,Data Analysis,Beginner,3.31,3
3115,Python Basics,Statistics,Beginner,3.93,17
3116,Machine Learning Intro,TensorFlow,Beginner,4.47,4
3117,Computer Vision Basics,Computer Vision,Intermediate,4.25,19
3118,Data Visualization with Python,Data Visualization,Advanced,4.45,36
3119,Natural Language Processing,SQL,Intermediate,4.36,36
3120,Machine Learning Intro,SQL,Advanced,4.1,8
3121,PyTorch for Deep Learning,SQL,Beginner,4.18,34
3122,Numpy Fundamentals,SQL,Advanced,3.82,28
3123,Python Basics,Statistics,Intermediate,4.14,12
3124,Deep Learning Fundamentals,Linear Algebra,Advanced,3.13,32
3125,Machine Learning Intro,Statistics,Intermediate,3.09,22
3126,Numpy Fundamentals,Python,Intermediate,4.47,21
3127,Computer Vision Basics,Pandas,Advanced,3.45,6
3128,Statistics for Data Science,NLP,Beginner,3.48,13
3129,Data Visualization with Python,Computer Vision,Advanced,3.88,14
3130,Machine Learning Intro,SQL,Intermediate,3.69,2
3131,SQL for Data Science,Python,Advanced,4.92,14
3132,Deep Learning Fundamentals,Numpy,Advanced,3.28,15
3133,TensorFlow Crash Course,PyTorch,Intermediate,3.04,3
3134,SQL for Data Science,Data Visualization,Advanced,3.53,35
3135,Statistics for Data Science,Data Visualization,Intermediate,3.03,32
3136,Computer Vision Basics,TensorFlow,Advanced,4.21,6
3137,Python Basics,NLP,Intermediate,3.83,9
3138,Statistics for Data Science,Linear Algebra,Beginner,3.84,15
3139,Natural Language Processing,Linear Algebra,Intermediate,3.59,31
3140,Data Visualization with Python,TensorFlow,Beginner,4.25,30
3141,Natural Language Processing,Data Visualization,Intermediate,3.07,5
3142,Statistics for Data Science,NLP,Advanced,4.62,36
3143,Pandas for Data Analysis,Data Analysis,Intermediate,4.73,17
3144,Machine Learning Intro,Computer Vision,Advanced,3.76,7
3145,Advanced Python,Statistics,Advanced,4.42,6
3146,Pandas for Data Analysis,Python,Advanced,4.31,8
3147,Natural Language Processing,Linear Algebra,Intermediate,4.43,26
3148,Neural Networks,SQL,Advanced,4.92,26
3149,Natural Language Processing,PyTorch,Advanced,3.25,18
3150,Data Visualization with Python,Computer Vision,Advanced,4.35,27
3151,Neural Networks,Statistics,Advanced,3.61,10
3152,Pandas for Data Analysis,Linear Algebra,Intermediate,3.6,20
3153,Neural Networks,Computer Vision,Advanced,4.05,31
3154,TensorFlow Crash Course,PyTorch,Intermediate,4.87,8
3155,Statistics for Data Science,Python,Advanced,4.96,17
3156,TensorFlow Crash Course,Computer Vision,Intermediate,3.93,39
3157,SQL for Data Science,Linear Algebra,Intermediate,3.69,2
3158,Machine Learning Intro,SQL,Advanced,3.21,9
3159,Machine Learning Intro,Numpy,Intermediate,4.23,19
3160,Neural Networks,Pandas,Intermediate,3.99,37
3161,Natural Language Processing,Machine Learning,Intermediate,3.59,38
3162,Machine Learning Intro,Deep Learning,Beginner,3.1,13
3163,PyTorch for Deep Learning,Machine Learning,Advanced,3.32,28
3164,TensorFlow Crash Course,Numpy,Beginner,4.58,26
3165,Statistics for Data Science,Deep Learning,Advanced,3.39,31
3166,Numpy Fundamentals,SQL,Advanced,4.31,36
3167,Neural Networks,TensorFlow,Advanced,3.62,40
3168,SQL for Data Science,TensorFlow,Advanced,3.83,12
3169,Machine Learning Intro,Statistics,Intermediate,3.24,9
3170,Natural Language Processing,SQL,Beginner,3.68,37
3171,PyTorch for Deep Learning,SQL,Intermediate,3.72,20
3172,SQL for Data Science,TensorFlow,Intermediate,4.28,28
3173,Advanced Python,Data Visualization,Beginner,3.69,23
3174,Statistics for Data Science,Computer Vision,Beginner,4.47,2
3175,Python Basics,Numpy,Advanced,3.28,2
3176,Machine Learning Intro,Python,Advanced,4.5,37
3177,Advanced Python,SQL,Intermediate,4.75,18
3178,Statistics for Data Science,Deep Learning,Advanced,3.44,21
3179,Deep Learning Fundamentals,SQL,Beginner,3.46,9
3180,Deep Learning Fundamentals,Numpy,Beginner,3.42,24
3181,Statistics for Data Science,Data Analysis,Advanced,3.45,32
3182,Deep Learning Fundamentals,Python,Advanced,4.31,16
3183,Natural Language Processing,Numpy,Advanced,4.85,9
3184,Advanced Python,Deep Learning,Advanced,3.44,6
3185,Statistics for Data Science,NLP,Intermediate,3.7,5
3186,Deep Learning Fundamentals,SQL,Advanced,4.89,4
3187,Computer Vision Basics,Linear Algebra,Intermediate,4.47,28
3188,Pandas for Data Analysis,Deep Learning,Beginner,4.06,29
3189,Advanced Python,Data Analysis,Intermediate,3.18,21
3190,Deep Learning Fundamentals,Machine Learning,Intermediate,4.02,31
3191,Computer Vision Basics,NLP,Beginner,3.64,37
3192,Statistics for Data Science,Statistics,Intermediate,4.03,16
3193,Deep Learning Fundamentals,Computer Vision,Advanced,4.28,19
3194,Neural Networks,Data Analysis,Advanced,4.49,21
3195,PyTorch for Deep Learning,Data Visualization,Beginner,3.59,24
3196,Statistics for Data Science,Statistics,Beginner,3.13,12
3197,Machine Learning Intro,Python,Advanced,3.52,2
3198,Numpy Fundamentals,NLP,Intermediate,4.19,2
3199,Computer Vision Basics,SQL,Advanced,3.83,8
3200,PyTorch for Deep Learning,NLP,Beginner,4.79,17
3201,TensorFlow Crash Course,Machine Learning,Beginner,3.15,25
3202,Advanced Python,Computer Vision,Intermediate,3.34,37
3203,Data Visualization with Python,Linear Algebra,Advanced,4.38,5
3204,Python Basics,Data Analysis,Beginner,4.59,35
3205,Data Visualization with Python,Computer Vision,Intermediate,3.61,33
3206,Statistics for Data Science,PyTorch,Beginner,4.53,9
3207,Machine Learning Intro,Numpy,Advanced,3.28,28
3208,Statistics for Data Science,PyTorch,Beginner,3.13,17
3209,Data Visualization with Python,Python,Intermediate,3.52,39
3210,Advanced Python,Machine Learning,Beginner,4.22,38
3211,Natural Language Processing,NLP,Intermediate,3.66,5
3212,Statistics for Data Science,NLP,Advanced,4.68,35
3213,Advanced Python,Deep Learning,Beginner,3.12,15
3214,Machine Learning Intro,Statistics,Beginner,4.46,2
3215,TensorFlow Crash Course,Deep Learning,Beginner,3.09,37
3216,Neural Networks,Python,Advanced,3.97,3
3217,Numpy Fundamentals,Python,Advanced,4.79,12
3218,Numpy Fundamentals,Python,Advanced,4.85,37
3219,Advanced Python,Data Analysis,Advanced,3.1,30
3220,Python Basics,Linear Algebra,Beginner,4.33,12
3221,Advanced Python,SQL,Advanced,3.7,30
3222,Advanced Python,Statistics,Beginner,4.01,33
3223,PyTorch for Deep Learning,Computer Vision,Beginner,3.99,34
3224,Python Basics,Numpy,Intermediate,3.52,3
3225,Neural Networks,Data Analysis,Advanced,4.82,7
3226,Data Visualization with Python,Machine Learning,Beginner,3.23,7
3227,Machine Learning Intro,PyTorch,Advanced,3.82,40
3228,TensorFlow Crash Course,Pandas,Advanced,4.08,40
3229,TensorFlow Crash Course,TensorFlow,Intermediate,3.05,36
3230,PyTorch for Deep Learning,Deep Learning,Intermediate,4.3,24
3231,Python Basics,Deep Learning,Advanced,4.99,18
3232,Data Visualization with Python,NLP,Intermediate,3.0,16
3233,Advanced Python,Deep Learning,Intermediate,4.4,19
3234,SQL for Data Science,NLP,Beginner,4.67,32
3235,Python Basics,Python,Advanced,3.97,14
3236,Numpy Fundamentals,Machine Learning,Intermediate,3.7,4
3237,Advanced Python,Deep Learning,Beginner,3.86,3
3238,Natural Language Processing,NLP,Intermediate,3.68,39
3239,Computer Vision Basics,Deep Learning,Advanced,3.56,33
3240,Statistics for Data Science,Deep Learning,Beginner,4.8,32
3241,PyTorch for Deep Learning,PyTorch,Advanced,4.73,36
3242,SQL for Data Science,Data Analysis,Intermediate,4.87,38
3243,Python Basics,Numpy,Intermediate,3.16,35
3244,Neural Networks,Statistics,Intermediate,4.58,28
3245,Pandas for Data Analysis,Python,Advanced,4.74,19
3246,Data Visualization with Python,Numpy,Beginner,3.05,29
3247,Neural Networks,Pandas,Advanced,3.45,19
3248,Numpy Fundamentals,Pandas,Beginner,4.95,15
3249,Data Visualization with Python,Data Visualization,Intermediate,3.55,8
3250,SQL for Data Science,Python,Advanced,4.61,34
3251,Data Visualization with Python,NLP,Intermediate,4.5,14
3252,Computer Vision Basics,Python,Beginner,3.91,25
3253,TensorFlow Crash Course,NLP,Advanced,4.8,7
3254,Statistics for Data Science,TensorFlow,Intermediate,4.57,13
3255,TensorFlow Crash Course,Deep Learning,Intermediate,4.41,34
3256,Statistics for Data Science,SQL,Advanced,3.01,6
3257,Pandas for Data Analysis,Machine Learning,Intermediate,4.8,16
3258,Neural Networks,TensorFlow,Beginner,3.96,32
3259,PyTorch for Deep Learning,Linear Algebra,Advanced,4.32,2
3260,Deep Learning Fundamentals,Machine Learning,Intermediate,3.19,2
3261,PyTorch for Deep Learning,Computer Vision,Intermediate,3.87,36
3262,Advanced Python,Deep Learning,Intermediate,3.25,16
3263,TensorFlow Crash Course,Python,Intermediate,3.95,22
3264,Machine Learning Intro,NLP,Beginner,3.89,32
3265,Natural Language Processing,Linear Algebra,Beginner,4.4,22
3266,Machine Learning Intro,Data Analysis,Beginner,3.08,7
3267,Advanced Python,Deep Learning,Advanced,4.84,6
3268,Data Visualization with Python,Linear Algebra,Advanced,3.54,6
3269,Natural Language Processing,Machine Learning,Intermediate,4.12,22
3270,SQL for Data Science,Data Analysis,Advanced,4.45,38
3271,Computer Vision Basics,Statistics,Beginner,3.02,24
3272,Natural Language Processing,TensorFlow,Intermediate,3.06,15
3273,Numpy Fundamentals,Python,Beginner,4.67,5
3274,PyTorch for Deep Learning,PyTorch,Advanced,4.33,22
3275,TensorFlow Crash Course,PyTorch,Intermediate,4.9,22
3276,TensorFlow Crash Course,Python,Intermediate,4.46,11
3277,TensorFlow Crash Course,Deep Learning,Intermediate,3.76,12
3278,Pandas for Data Analysis,PyTorch,Intermediate,4.61,36
3279,Deep Learning Fundamentals,NLP,Advanced,3.02,16
3280,Deep Learning Fundamentals,Python,Beginner,3.44,12
3281,PyTorch for Deep Learning,Deep Learning,Beginner,4.51,7
3282,TensorFlow Crash Course,Machine Learning,Beginner,4.76,33
3283,Natural Language Processing,Numpy,Intermediate,3.58,4
3284,PyTorch for Deep Learning,Numpy,Intermediate,4.08,33
3285,Natural Language Processing,TensorFlow,Intermediate,4.26,6
3286,Neural Networks,TensorFlow,Advanced,3.08,15
3287,Numpy Fundamentals,NLP,Beginner,3.14,40
3288,Pandas for Data Analysis,Data Analysis,Beginner,3.69,16
3289,Neural Networks,TensorFlow,Beginner,3.27,33
3290,Data Visualization with Python,Statistics,Beginner,3.46,38
3291,Numpy Fundamentals,Statistics,Intermediate,4.29,39
3292,Natural Language Processing,Data Analysis,Beginner,3.5,31
3293,TensorFlow Crash Course,Linear Algebra,Beginner,3.04,19
3294,Computer Vision Basics,Statistics,Intermediate,4.23,34
3295,Natural Language Processing,SQL,Intermediate,3.19,5
3296,PyTorch for Deep Learning,Python,Beginner,3.18,39
3297,Natural Language Processing,Pandas,Advanced,3.04,6
3298,TensorFlow Crash Course,TensorFlow,Advanced,4.07,34
3299,Computer Vision Basics,NLP,Advanced,3.88,25
3300,Pandas for Data Analysis,TensorFlow,Beginner,3.32,6
3301,Deep Learning Fundamentals,Linear Algebra,Intermediate,4.96,14
3302,Statistics for Data Science,Deep Learning,Intermediate,3.76,10
3303,Python Basics,Data Visualization,Intermediate,4.37,40
3304,Neural Networks,PyTorch,Intermediate,3.31,22
3305,Data Visualization with Python,NLP,Intermediate,4.82,26
3306,Natural Language Processing,Numpy,Intermediate,4.67,23
3307,Numpy Fundamentals,Python,Intermediate,4.78,12
3308,Natural Language Processing,Machine Learning,Intermediate,3.73,39
3309,Machine Learning Intro,Data Analysis,Intermediate,3.17,37
3310,Advanced Python,TensorFlow,Intermediate,3.11,38
3311,Machine Learning Intro,Python,Beginner,3.52,39
3312,Pandas for Data Analysis,Deep Learning,Intermediate,3.67,19
3313,Pandas for Data Analysis,Data Visualization,Intermediate,4.08,18
3314,Neural Networks,PyTorch,Advanced,3.85,19
3315,Natural Language Processing,Linear Algebra,Advanced,4.69,5
3316,Machine Learning Intro,Data Analysis,Advanced,3.95,9
3317,Machine Learning Intro,Deep Learning,Beginner,4.59,4
3318,SQL for Data Science,Linear Algebra,Advanced,4.34,26
3319,Deep Learning Fundamentals,PyTorch,Advanced,3.14,5
3320,Computer Vision Basics,TensorFlow,Intermediate,3.98,6
3321,Data Visualization with Python,TensorFlow,Intermediate,4.74,30
3322,Deep Learning Fundamentals,Data Analysis,Beginner,3.99,13
3323,SQL for Data Science,Statistics,Intermediate,3.53,32
3324,Statistics for Data Science,SQL,Intermediate,4.56,5
3325,Advanced Python,PyTorch,Beginner,4.79,11
3326,Advanced Python,TensorFlow,Beginner,3.06,6
3327,Python Basics,PyTorch,Advanced,4.19,22
3328,Pandas for Data Analysis,PyTorch,Advanced,3.31,18
3329,Neural Networks,Data Visualization,Intermediate,3.01,5
3330,SQL for Data Science,Numpy,Beginner,3.9,8
3331,TensorFlow Crash Course,Data Visualization,Advanced,4.04,16
3332,SQL for Data Science,Data Analysis,Beginner,4.0,32
3333,Computer Vision Basics,Pandas,Advanced,4.14,20
3334,TensorFlow Crash Course,Data Visualization,Beginner,3.07,21
3335,Pandas for Data Analysis,NLP,Beginner,4.54,4
3336,Numpy Fundamentals,NLP,Advanced,4.38,18
3337,Deep Learning Fundamentals,Machine Learning,Advanced,4.12,23
3338,Deep Learning Fundamentals,Data Visualization,Advanced,4.09,16
3339,Deep Learning Fundamentals,SQL,Advanced,3.35,28
3340,Natural Language Processing,Deep Learning,Beginner,4.94,32
3341,Natural Language Processing,Pandas,Intermediate,3.11,39
3342,Advanced Python,Linear Algebra,Intermediate,4.85,3
3343,Deep Learning Fundamentals,Linear Algebra,Advanced,3.67,32
3344,Python Basics,Data Analysis,Advanced,4.07,30
3345,Statistics for Data Science,Pandas,Advanced,3.64,14
3346,Numpy Fundamentals,Pandas,Advanced,3.26,19
3347,PyTorch for Deep Learning,Deep Learning,Beginner,3.34,27
3348,Computer Vision Basics,Data Analysis,Advanced,4.2,19
3349,Machine Learning Intro,Numpy,Intermediate,4.57,29
3350,SQL for Data Science,TensorFlow,Advanced,4.01,5
3351,Numpy Fundamentals,SQL,Beginner,4.21,3
3352,Data Visualization with Python,Data Visualization,Intermediate,3.31,21
3353,Natural Language Processing,NLP,Intermediate,3.36,17
3354,PyTorch for Deep Learning,Data Analysis,Intermediate,3.21,30
3355,PyTorch for Deep Learning,Machine Learning,Beginner,4.9,28
3356,TensorFlow Crash Course,SQL,Intermediate,3.64,12
3357,Numpy Fundamentals,Data Visualization,Intermediate,4.11,34
3358,Natural Language Processing,Data Visualization,Advanced,3.11,34
3359,TensorFlow Crash Course,SQL,Advanced,4.18,9
3360,Python Basics,Computer Vision,Advanced,3.59,25
3361,Pandas for Data Analysis,SQL,Beginner,4.4,2
3362,TensorFlow Crash Course,Statistics,Advanced,4.64,30
3363,Machine Learning Intro,NLP,Beginner,4.95,15
3364,Advanced Python,SQL,Advanced,4.87,28
3365,Statistics for Data Science,Statistics,Intermediate,4.6,16
3366,Numpy Fundamentals,Pandas,Beginner,3.65,29
3367,Computer Vision Basics,Python,Intermediate,4.75,5
3368,Deep Learning Fundamentals,Linear Algebra,Intermediate,3.76,38
3369,Python Basics,Machine Learning,Advanced,3.56,38
3370,Machine Learning Intro,Linear Algebra,Intermediate,3.64,11
3371,Pandas for Data Analysis,Numpy,Beginner,3.23,18
3372,Statistics for Data Science,NLP,Beginner,4.9,13
3373,Statistics for Data Science,Linear Algebra,Advanced,3.38,17
3374,Statistics for Data Science,Deep Learning,Beginner,4.75,20
3375,Natural Language Processing,PyTorch,Beginner,4.28,4
3376,Data Visualization with Python,Statistics,Advanced,3.45,8
3377,Pandas for Data Analysis,Pandas,Beginner,3.41,20
3378,Statistics for Data Science,Data Visualization,Advanced,4.22,22
3379,Data Visualization with Python,Statistics,Advanced,4.86,5
3380,Advanced Python,Data Analysis,Intermediate,3.37,24
3381,Statistics for Data Science,Computer Vision,Beginner,4.21,22
3382,Neural Networks,SQL,Beginner,3.72,9
3383,Pandas for Data Analysis,PyTorch,Beginner,4.84,14
3384,Deep Learning Fundamentals,Pandas,Advanced,3.61,17
3385,SQL for Data Science,Machine Learning,Intermediate,4.6,38
3386,Python Basics,Machine Learning,Advanced,3.95,29
3387,PyTorch for Deep Learning,SQL,Advanced,4.49,35
3388,Advanced Python,Linear Algebra,Advanced,3.05,5
3389,Deep Learning Fundamentals,Python,Advanced,4.33,3
3390,TensorFlow Crash Course,PyTorch,Intermediate,3.41,9
3391,SQL for Data Science,TensorFlow,Intermediate,4.09,36
3392,PyTorch for Deep Learning,NLP,Intermediate,4.78,30
3393,Python Basics,TensorFlow,Advanced,4.94,5
3394,Python Basics,Python,Intermediate,4.35,28
3395,Computer Vision Basics,Python,Intermediate,4.56,33
3396,PyTorch for Deep Learning,Statistics,Intermediate,3.74,35
3397,Neural Networks,Machine Learning,Intermediate,3.72,2
3398,Pandas for Data Analysis,Statistics,Beginner,4.87,39
3399,Data Visualization with Python,NLP,Beginner,3.89,37
3400,Natural Language Processing,SQL,Intermediate,3.31,7
3401,Numpy Fundamentals,NLP,Advanced,3.34,22
3402,Machine Learning Intro,Numpy,Intermediate,4.65,9
3403,Python Basics,NLP,Intermediate,4.21,12
3404,Computer Vision Basics,Python,Beginner,4.99,17
3405,Computer Vision Basics,SQL,Beginner,3.77,30
3406,Deep Learning Fundamentals,SQL,Advanced,4.07,18
3407,Machine Learning Intro,TensorFlow,Beginner,4.43,11
3408,Statistics for Data Science,Deep Learning,Advanced,4.46,10
3409,PyTorch for Deep Learning,Numpy,Intermediate,4.2,8
3410,Machine Learning Intro,TensorFlow,Beginner,4.7,38
3411,Machine Learning Intro,Data Visualization,Intermediate,3.83,23
3412,Computer Vision Basics,TensorFlow,Intermediate,3.27,7
3413,Natural Language Processing,Deep Learning,Beginner,3.37,29
3414,Machine Learning Intro,Data Visualization,Advanced,3.76,37
3415,Computer Vision Basics,Pandas,Beginner,3.94,15
3416,Deep Learning Fundamentals,SQL,Advanced,4.02,23
3417,Machine Learning Intro,Numpy,Beginner,4.23,9
3418,Natural Language Processing,Pandas,Beginner,3.64,7
3419,SQL for Data Science,Machine Learning,Beginner,3.3,3
3420,Advanced Python,Computer Vision,Advanced,3.95,17
3421,Natural Language Processing,Deep Learning,Intermediate,3.4,4
3422,Neural Networks,Linear Algebra,Intermediate,3.05,19
3423,Data Visualization with Python,Pandas,Intermediate,3.03,11
3424,Data Visualization with Python,Python,Beginner,3.46,21
3425,SQL for Data Science,Statistics,Advanced,4.36,40
3426,Neural Networks,Computer Vision,Intermediate,3.55,17
3427,Natural Language Processing,Python,Beginner,3.63,14
3428,Deep Learning Fundamentals,Numpy,Beginner,3.46,27
3429,Numpy Fundamentals,TensorFlow,Intermediate,4.35,20
3430,Machine Learning Intro,PyTorch,Beginner,3.62,21
3431,TensorFlow Crash Course,TensorFlow,Beginner,3.09,31
3432,Advanced Python,TensorFlow,Intermediate,3.13,30
3433,Machine Learning Intro,SQL,Advanced,4.97,36
3434,Neural Networks,Python,Beginner,3.9,32
3435,Advanced Python,Python,Advanced,4.84,39
3436,Numpy Fundamentals,Statistics,Beginner,4.19,11
3437,PyTorch for Deep Learning,Numpy,Beginner,4.81,11
3438,Numpy Fundamentals,TensorFlow,Intermediate,4.51,27
3439,Machine Learning Intro,Linear Algebra,Beginner,3.33,33
3440,Pandas for Data Analysis,Data Analysis,Intermediate,4.04,2
3441,Python Basics,NLP,Beginner,3.09,15
3442,Numpy Fundamentals,PyTorch,Advanced,4.39,40
3443,Deep Learning Fundamentals,Numpy,Beginner,4.1,6
3444,Advanced Python,SQL,Advanced,3.87,32
3445,Deep Learning Fundamentals,Computer Vision,Intermediate,4.64,29
3446,Pandas for Data Analysis,Deep Learning,Intermediate,4.62,18
3447,Numpy Fundamentals,Data Visualization,Beginner,4.54,14
3448,Python Basics,Machine Learning,Intermediate,3.32,39
3449,Statistics for Data Science,PyTorch,Intermediate,3.26,7
3450,Pandas for Data Analysis,SQL,Advanced,3.44,29
3451,PyTorch for Deep Learning,Data Visualization,Beginner,3.31,8
3452,Python Basics,Deep Learning,Advanced,4.56,32
3453,Natural Language Processing,Data Analysis,Advanced,4.15,7
3454,Statistics for Data Science,Linear Algebra,Intermediate,4.61,17
3455,Deep Learning Fundamentals,PyTorch,Beginner,3.76,20
3456,SQL for Data Science,Machine Learning,Beginner,3.9,34
3457,Machine Learning Intro,Linear Algebra,Beginner,4.77,23
3458,Deep Learning Fundamentals,Machine Learning,Beginner,4.96,16
3459,PyTorch for Deep Learning,Pandas,Intermediate,3.16,39
3460,Numpy Fundamentals,Data Analysis,Beginner,3.79,19
3461,Computer Vision Basics,Computer Vision,Beginner,4.02,14
3462,SQL for Data Science,Data Analysis,Beginner,3.09,21
3463,Computer Vision Basics,Statistics,Intermediate,4.96,37
3464,Numpy Fundamentals,Computer Vision,Beginner,4.22,19
3465,Numpy Fundamentals,TensorFlow,Advanced,4.25,16
3466,Statistics for Data Science,Computer Vision,Intermediate,3.75,13
3467,PyTorch for Deep Learning,Linear Algebra,Advanced,3.84,12
3468,Computer Vision Basics,NLP,Intermediate,4.0,11
3469,Advanced Python,SQL,Intermediate,4.73,29
3470,Pandas for Data Analysis,Computer Vision,Beginner,4.37,16
3471,Computer Vision Basics,Computer Vision,Advanced,4.72,22
3472,Advanced Python,Data Analysis,Advanced,4.02,40
3473,Pandas for Data Analysis,Python,Intermediate,4.17,39
3474,SQL for Data Science,Python,Advanced,4.03,31
3475,Advanced Python,Computer Vision,Advanced,3.24,26
3476,Pandas for Data Analysis,SQL,Beginner,4.65,7
3477,PyTorch for Deep Learning,Pandas,Beginner,3.55,4
3478,Statistics for Data Science,NLP,Intermediate,3.5,22
3479,Data Visualization with Python,Linear Algebra,Advanced,3.49,4
3480,Computer Vision Basics,Pandas,Intermediate,3.85,15
3481,Deep Learning Fundamentals,Deep Learning,Intermediate,3.68,38
3482,Pandas for Data Analysis,Numpy,Advanced,3.2,39
3483,Computer Vision Basics,Data Visualization,Advanced,3.44,21
3484,Python Basics,Linear Algebra,Beginner,3.48,6
3485,Data Visualization with Python,Computer Vision,Beginner,3.26,34
3486,SQL for Data Science,Python,Intermediate,3.61,20
3487,Advanced Python,Statistics,Beginner,3.11,28
3488,Machine Learning Intro,Data Analysis,Advanced,4.22,2
3489,SQL for Data Science,Python,Beginner,3.81,26
3490,TensorFlow Crash Course,Numpy,Intermediate,4.02,6
3491,Pandas for Data Analysis,Linear Algebra,Advanced,3.82,21
3492,SQL for Data Science,Data Analysis,Intermediate,4.32,16
3493,PyTorch for Deep Learning,Linear Algebra,Beginner,4.49,26
3494,Computer Vision Basics,Computer Vision,Intermediate,3.3,17
3495,Statistics for Data Science,Python,Intermediate,4.57,4
3496,Natural Language Processing,Data Visualization,Intermediate,3.89,10
3497,SQL for Data Science,Numpy,Advanced,3.35,29
3498,Neural Networks,Python,Advanced,4.52,39
3499,Pandas for Data Analysis,PyTorch,Intermediate,3.51,40
3500,Advanced Python,Data Visualization,Beginner,3.13,12
3501,TensorFlow Crash Course,TensorFlow,Intermediate,3.78,17
3502,Neural Networks,SQL,Advanced,3.22,26
3503,Neural Networks,Deep Learning,Advanced,3.78,2
3504,Neural Networks,Pandas,Advanced,3.53,40
3505,Neural Networks,Statistics,Beginner,3.94,8
3506,Machine Learning Intro,TensorFlow,Intermediate,4.38,22
3507,Machine Learning Intro,Statistics,Intermediate,4.56,6
3508,Pandas for Data Analysis,Numpy,Beginner,4.83,21
3509,Pandas for Data Analysis,Computer Vision,Intermediate,3.59,11
3510,Deep Learning Fundamentals,Linear Algebra,Intermediate,4.83,20
3511,Pandas for Data Analysis,Data Analysis,Beginner,4.83,37
3512,Data Visualization with Python,Statistics,Advanced,4.41,34
3513,Numpy Fundamentals,Computer Vision,Advanced,4.49,11
3514,Advanced Python,Machine Learning,Intermediate,3.67,28
3515,Data Visualization with Python,SQL,Beginner,4.95,40
3516,TensorFlow Crash Course,Pandas,Intermediate,3.6,3
3517,PyTorch for Deep Learning,Computer Vision,Beginner,4.33,3
3518,Neural Networks,Linear Algebra,Advanced,4.71,36
3519,Advanced Python,TensorFlow,Beginner,3.54,24
3520,Pandas for Data Analysis,Python,Intermediate,4.27,2
3521,PyTorch for Deep Learning,PyTorch,Beginner,3.25,26
3522,Advanced Python,TensorFlow,Beginner,4.49,7
3523,Pandas for Data Analysis,Statistics,Beginner,3.99,4
3524,SQL for Data Science,SQL,Intermediate,4.97,25
3525,Machine Learning Intro,Pandas,Advanced,4.26,40
3526,Advanced Python,TensorFlow,Intermediate,4.62,20
3527,Machine Learning Intro,Numpy,Intermediate,4.17,24
3528,Pandas for Data Analysis,Numpy,Beginner,3.14,7
3529,Numpy Fundamentals,SQL,Beginner,3.22,12
3530,SQL for Data Science,Statistics,Advanced,3.03,25
3531,Advanced Python,NLP,Intermediate,3.53,38
3532,Data Visualization with Python,Numpy,Intermediate,3.8,18
3533,SQL for Data Science,Python,Advanced,4.4,18
3534,Natural Language Processing,Machine Learning,Advanced,3.21,21
3535,Neural Networks,Data Analysis,Intermediate,4.7,32
3536,PyTorch for Deep Learning,Computer Vision,Intermediate,4.62,34
3537,Numpy Fundamentals,Computer Vision,Intermediate,4.74,35
3538,Pandas for Data Analysis,Linear Algebra,Advanced,3.54,14
3539,Pandas for Data Analysis,Deep Learning,Intermediate,3.0,25
3540,Neural Networks,TensorFlow,Beginner,4.99,26
3541,Data Visualization with Python,Machine Learning,Beginner,3.51,12
3542,Deep Learning Fundamentals,NLP,Intermediate,4.11,2
3543,Natural Language Processing,Data Analysis,Advanced,3.06,32
3544,PyTorch for Deep Learning,SQL,Advanced,3.63,8
3545,Pandas for Data Analysis,Computer Vision,Beginner,4.55,25
3546,Deep Learning Fundamentals,NLP,Beginner,4.48,3
3547,Python Basics,Deep Learning,Intermediate,3.64,9
3548,Statistics for Data Science,Statistics,Advanced,3.22,4
3549,Pandas for Data Analysis,Linear Algebra,Beginner,3.64,4
3550,Computer Vision Basics,Machine Learning,Intermediate,4.72,19
3551,Advanced Python,PyTorch,Intermediate,3.67,16
3552,TensorFlow Crash Course,Numpy,Intermediate,3.08,35
3553,Numpy Fundamentals,Pandas,Beginner,4.3,20
3554,Advanced Python,Data Analysis,Beginner,4.53,36
3555,Statistics for Data Science,Data Analysis,Intermediate,3.91,29
3556,Natural Language Processing,Deep Learning,Intermediate,4.76,19
3557,Numpy Fundamentals,Linear Algebra,Beginner,3.59,20
3558,Advanced Python,Data Analysis,Intermediate,4.58,18
3559,Numpy Fundamentals,Computer Vision,Intermediate,3.03,32
3560,SQL for Data Science,Data Visualization,Intermediate,4.44,27
3561,Pandas for Data Analysis,Data Analysis,Beginner,3.78,9
3562,Pandas for Data Analysis,Deep Learning,Beginner,4.55,20
3563,PyTorch for Deep Learning,Data Visualization,Advanced,3.61,21
3564,Numpy Fundamentals,NLP,Intermediate,4.87,14
3565,Python Basics,Data Visualization,Beginner,4.22,9
3566,TensorFlow Crash Course,Pandas,Intermediate,4.08,28
3567,Computer Vision Basics,Statistics,Beginner,3.98,10
3568,SQL for Data Science,Linear Algebra,Advanced,3.33,22
3569,Advanced Python,Statistics,Beginner,4.89,15
3570,Computer Vision Basics,NLP,Advanced,4.5,22
3571,Pandas for Data Analysis,Deep Learning,Beginner,3.93,12
3572,Neural Networks,Pandas,Advanced,4.77,15
3573,TensorFlow Crash Course,Linear Algebra,Advanced,4.64,12
3574,Advanced Python,Numpy,Beginner,4.27,10
3575,Computer Vision Basics,PyTorch,Advanced,4.45,4
3576,Numpy Fundamentals,Linear Algebra,Intermediate,4.88,5
3577,Natural Language Processing,Machine Learning,Beginner,3.55,10
3578,SQL for Data Science,SQL,Advanced,4.27,6
3579,Advanced Python,TensorFlow,Beginner,4.93,13
3580,Natural Language Processing,PyTorch,Beginner,4.54,40
3581,Pandas for Data Analysis,Data Analysis,Beginner,3.99,11
3582,Python Basics,Deep Learning,Intermediate,4.5,10
3583,SQL for Data Science,SQL,Beginner,4.51,21
3584,Numpy Fundamentals,Data Visualization,Beginner,3.1,32
3585,SQL for Data Science,Deep Learning,Advanced,3.64,9
3586,Deep Learning Fundamentals,Computer Vision,Intermediate,4.12,28
3587,Computer Vision Basics,NLP,Advanced,3.66,13
3588,Advanced Python,Machine Learning,Beginner,4.13,38
3589,Natural Language Processing,SQL,Intermediate,3.76,30
3590,Numpy Fundamentals,Numpy,Intermediate,4.32,21
3591,Computer Vision Basics,Numpy,Advanced,3.43,28
3592,Deep Learning Fundamentals,TensorFlow,Intermediate,4.51,17
3593,Data Visualization with Python,Data Visualization,Beginner,4.51,22
3594,Pandas for Data Analysis,SQL,Beginner,3.76,4
3595,Computer Vision Basics,Computer Vision,Intermediate,3.51,24
3596,Statistics for Data Science,Machine Learning,Beginner,3.05,4
3597,Numpy Fundamentals,NLP,Beginner,3.1,25
3598,Pandas for Data Analysis,Data Analysis,Beginner,3.5,3
3599,TensorFlow Crash Course,Linear Algebra,Intermediate,4.84,16
3600,PyTorch for Deep Learning,Pandas,Intermediate,4.27,25
3601,Data Visualization with Python,SQL,Intermediate,3.32,35
3602,Advanced Python,Numpy,Beginner,3.43,36
3603,Data Visualization with Python,Statistics,Beginner,3.74,2
3604,Machine Learning Intro,Deep Learning,Intermediate,4.46,17
3605,SQL for Data Science,Statistics,Intermediate,3.14,25
3606,Numpy Fundamentals,PyTorch,Intermediate,4.87,20
3607,Neural Networks,Numpy,Intermediate,3.95,27
3608,Natural Language Processing,Machine Learning,Advanced,3.7,38
3609,Statistics for Data Science,Data Visualization,Beginner,3.39,7
3610,Neural Networks,Data Visualization,Advanced,5.0,26
3611,Neural Networks,Deep Learning,Advanced,4.44,37
3612,Statistics for Data Science,Pandas,Beginner,4.31,14
3613,PyTorch for Deep Learning,Linear Algebra,Intermediate,3.15,4
3614,Computer Vision Basics,Statistics,Advanced,3.26,36
3615,Machine Learning Intro,Statistics,Beginner,3.6,30
3616,TensorFlow Crash Course,Pandas,Advanced,3.76,32
3617,Pandas for Data Analysis,TensorFlow,Advanced,3.6,8
3618,Deep Learning Fundamentals,Data Visualization,Beginner,4.72,18
3619,Data Visualization with Python,Statistics,Intermediate,3.17,3
3620,Pandas for Data Analysis,PyTorch,Advanced,4.66,40
3621,Advanced Python,Numpy,Beginner,4.52,8
3622,Neural Networks,Data Visualization,Beginner,4.73,38
3623,Numpy Fundamentals,Pandas,Beginner,3.99,17
3624,Statistics for Data Science,Python,Intermediate,4.77,28
3625,SQL for Data Science,Pandas,Intermediate,4.49,13
3626,Statistics for Data Science,PyTorch,Advanced,4.11,32
3627,Python Basics,Pandas,Intermediate,3.2,30
3628,Natural Language Processing,PyTorch,Intermediate,5.0,9
3629,Numpy Fundamentals,Linear Algebra,Beginner,3.65,33
3630,Computer Vision Basics,SQL,Advanced,3.82,19
3631,Advanced Python,Numpy,Advanced,4.58,10
3632,Machine Learning Intro,SQL,Intermediate,4.77,15
3633,PyTorch for Deep Learning,NLP,Advanced,3.57,28
3634,SQL for Data Science,Data Visualization,Advanced,3.88,5
3635,SQL for Data Science,SQL,Intermediate,4.76,11
3636,Python Basics,Deep Learning,Advanced,3.07,22
3637,Advanced Python,Computer Vision,Advanced,4.61,2
3638,Statistics for Data Science,PyTorch,Beginner,4.45,14
3639,Natural Language Processing,Statistics,Advanced,4.96,21
3640,Advanced Python,Pandas,Intermediate,4.81,7
3641,SQL for Data Science,Data Visualization,Intermediate,4.93,35
3642,Neural Networks,Machine Learning,Intermediate,4.65,29
3643,Statistics for Data Science,Data Analysis,Advanced,3.67,32
3644,Neural Networks,Machine Learning,Beginner,3.51,24
3645,Deep Learning Fundamentals,PyTorch,Beginner,3.12,26
3646,Pandas for Data Analysis,Deep Learning,Advanced,3.94,26
3647,Neural Networks,Computer Vision,Advanced,3.37,6
3648,Pandas for Data Analysis,Data Visualization,Advanced,4.82,3
3649,TensorFlow Crash Course,Computer Vision,Advanced,3.81,19
3650,Deep Learning Fundamentals,Statistics,Beginner,4.47,16
3651,Pandas for Data Analysis,Computer Vision,Advanced,3.4,5
3652,TensorFlow Crash Course,NLP,Beginner,3.86,20
3653,SQL for Data Science,SQL,Intermediate,4.98,26
3654,SQL for Data Science,Numpy,Beginner,4.89,12
3655,SQL for Data Science,PyTorch,Advanced,4.73,5
3656,Deep Learning Fundamentals,SQL,Beginner,3.81,33
3657,Computer Vision Basics,Linear Algebra,Intermediate,4.68,6
3658,SQL for Data Science,Linear Algebra,Advanced,4.53,17
3659,TensorFlow Crash Course,Deep Learning,Beginner,3.12,23
3660,Pandas for Data Analysis,TensorFlow,Beginner,3.51,34
3661,Statistics for Data Science,Numpy,Advanced,3.54,22
3662,Computer Vision Basics,Python,Intermediate,4.35,20
3663,PyTorch for Deep Learning,Data Visualization,Advanced,4.87,30
3664,Numpy Fundamentals,PyTorch,Beginner,4.56,11
3665,Advanced Python,Python,Intermediate,4.9,31
3666,TensorFlow Crash Course,Python,Intermediate,4.54,37
3667,Machine Learning Intro,Machine Learning,Advanced,3.88,4
3668,Advanced Python,SQL,Advanced,3.56,6
3669,TensorFlow Crash Course,Numpy,Beginner,4.56,19
3670,Python Basics,NLP,Intermediate,4.76,37
3671,PyTorch for Deep Learning,SQL,Advanced,3.98,33
3672,PyTorch for Deep Learning,NLP,Beginner,4.83,14
3673,Advanced Python,Data Visualization,Advanced,4.72,18
3674,Pandas for Data Analysis,Computer Vision,Intermediate,3.07,38
3675,TensorFlow Crash Course,NLP,Intermediate,4.3,16
3676,SQL for Data Science,TensorFlow,Intermediate,3.57,30
3677,TensorFlow Crash Course,Pandas,Beginner,3.62,33
3678,Deep Learning Fundamentals,PyTorch,Advanced,3.68,12
3679,TensorFlow Crash Course,Python,Beginner,4.81,26
3680,SQL for Data Science,Pandas,Advanced,4.44,10
3681,Python Basics,Python,Beginner,4.63,35
3682,PyTorch for Deep Learning,Numpy,Beginner,4.12,30
3683,Pandas for Data Analysis,Computer Vision,Advanced,4.42,23
3684,Pandas for Data Analysis,Python,Advanced,3.71,7
3685,Pandas for Data Analysis,Data Analysis,Advanced,3.52,20
3686,Statistics for Data Science,SQL,Intermediate,3.41,39
3687,Advanced Python,Data Analysis,Beginner,3.5,22
3688,Pandas for Data Analysis,Computer Vision,Intermediate,4.74,17
3689,Numpy Fundamentals,PyTorch,Intermediate,4.39,13
3690,Advanced Python,Deep Learning,Beginner,3.58,40
3691,PyTorch for Deep Learning,Statistics,Advanced,3.88,3
3692,SQL for Data Science,Pandas,Beginner,4.01,13
3693,Computer Vision Basics,Deep Learning,Advanced,3.57,28
3694,Numpy Fundamentals,Computer Vision,Beginner,4.4,22
3695,Advanced Python,PyTorch,Intermediate,4.73,10
3696,TensorFlow Crash Course,Machine Learning,Intermediate,4.22,26
3697,Deep Learning Fundamentals,Statistics,Advanced,3.93,17
3698,Deep Learning Fundamentals,Computer Vision,Intermediate,4.18,21
3699,Statistics for Data Science,Python,Beginner,4.62,37
3700,Machine Learning Intro,Pandas,Intermediate,3.71,19
3701,Natural Language Processing,Statistics,Advanced,3.84,11
3702,Python Basics,PyTorch,Beginner,4.06,12
3703,PyTorch for Deep Learning,Linear Algebra,Advanced,3.16,7
3704,Numpy Fundamentals,PyTorch,Advanced,3.78,30
3705,Computer Vision Basics,Machine Learning,Intermediate,4.66,29
3706,Data Visualization with Python,Computer Vision,Advanced,4.45,15
3707,Data Visualization with Python,Statistics,Intermediate,4.07,31
3708,Python Basics,Computer Vision,Beginner,3.39,33
3709,Pandas for Data Analysis,Computer Vision,Intermediate,3.4,34
3710,Neural Networks,TensorFlow,Intermediate,3.74,14
3711,SQL for Data Science,Computer Vision,Beginner,3.63,4
3712,Computer Vision Basics,Numpy,Beginner,4.69,9
3713,Statistics for Data Science,Linear Algebra,Intermediate,3.05,14
3714,SQL for Data Science,NLP,Beginner,3.65,8
3715,Numpy Fundamentals,TensorFlow,Intermediate,4.34,38
3716,Python Basics,Python,Intermediate,3.86,11
3717,Python Basics,Pandas,Advanced,4.87,15
3718,Pandas for Data Analysis,Data Analysis,Beginner,3.27,36
3719,Natural Language Processing,Deep Learning,Beginner,4.12,13
3720,Natural Language Processing,PyTorch,Advanced,4.98,40
3721,Machine Learning Intro,Deep Learning,Beginner,3.32,8
3722,Deep Learning Fundamentals,Python,Advanced,4.68,28
3723,Advanced Python,PyTorch,Beginner,4.64,3
3724,Python Basics,TensorFlow,Intermediate,4.7,26
3725,Python Basics,Pandas,Advanced,4.32,18
3726,Pandas for Data Analysis,Pandas,Beginner,4.57,33
3727,Numpy Fundamentals,Data Analysis,Advanced,4.56,34
3728,Pandas for Data Analysis,TensorFlow,Intermediate,4.95,30
3729,Pandas for Data Analysis,TensorFlow,Beginner,4.72,21
3730,Statistics for Data Science,Data Analysis,Beginner,3.48,33
3731,Natural Language Processing,Deep Learning,Beginner,4.03,12
3732,Python Basics,Pandas,Intermediate,4.02,30
3733,Data Visualization with Python,SQL,Beginner,3.5,32
3734,Deep Learning Fundamentals,Linear Algebra,Advanced,4.96,2
3735,Numpy Fundamentals,Statistics,Beginner,3.72,16
3736,TensorFlow Crash Course,Data Analysis,Intermediate,3.35,8
3737,Python Basics,Data Visualization,Intermediate,3.28,19
3738,Deep Learning Fundamentals,Python,Beginner,4.89,14
3739,Deep Learning Fundamentals,NLP,Intermediate,4.75,22
3740,Data Visualization with Python,Data Analysis,Intermediate,3.04,30
3741,Data Visualization with Python,PyTorch,Intermediate,4.24,22
3742,Advanced Python,Numpy,Intermediate,4.94,27
3743,Computer Vision Basics,Machine Learning,Advanced,3.84,37
3744,Neural Networks,Computer Vision,Advanced,4.13,4
3745,Pandas for Data Analysis,TensorFlow,Advanced,4.63,28
3746,Statistics for Data Science,Deep Learning,Advanced,4.85,2
3747,Neural Networks,Python,Beginner,3.15,21
3748,Python Basics,NLP,Advanced,3.78,23
3749,Advanced Python,Computer Vision,Intermediate,3.21,3
3750,Machine Learning Intro,Python,Beginner,3.88,31
3751,Numpy Fundamentals,SQL,Beginner,4.73,24
3752,Neural Networks,Data Analysis,Beginner,4.48,11
3753,TensorFlow Crash Course,TensorFlow,Beginner,4.85,2
3754,Neural Networks,SQL,Advanced,4.81,36
3755,Computer Vision Basics,TensorFlow,Beginner,4.46,32
3756,TensorFlow Crash Course,Data Visualization,Intermediate,3.31,17
3757,Python Basics,Computer Vision,Advanced,4.34,23
3758,Pandas for Data Analysis,Pandas,Advanced,4.43,30
3759,Deep Learning Fundamentals,NLP,Advanced,4.07,37
3760,Natural Language Processing,Numpy,Advanced,4.73,31
3761,SQL for Data Science,Data Analysis,Advanced,3.7,40
3762,PyTorch for Deep Learning,Deep Learning,Advanced,3.03,13
3763,Natural Language Processing,Machine Learning,Beginner,4.8,40
3764,Python Basics,Machine Learning,Advanced,4.79,30
3765,Python Basics,Machine Learning,Intermediate,3.73,34
3766,Advanced Python,PyTorch,Beginner,3.88,3
3767,Computer Vision Basics,Data Analysis,Beginner,3.76,40
3768,Pandas for Data Analysis,Data Analysis,Intermediate,3.12,20
3769,PyTorch for Deep Learning,SQL,Advanced,3.03,5
3770,Python Basics,Machine Learning,Intermediate,3.53,22
3771,Numpy Fundamentals,PyTorch,Beginner,3.87,16
3772,Deep Learning Fundamentals,TensorFlow,Advanced,3.05,28
3773,TensorFlow Crash Course,Deep Learning,Intermediate,3.03,13
3774,Python Basics,TensorFlow,Intermediate,4.12,20
3775,Numpy Fundamentals,Machine Learning,Advanced,4.89,4
3776,Statistics for Data Science,TensorFlow,Intermediate,3.48,38
3777,TensorFlow Crash Course,TensorFlow,Advanced,4.61,30
3778,SQL for Data Science,Python,Advanced,4.28,24
3779,PyTorch for Deep Learning,Pandas,Beginner,4.91,37
3780,Data Visualization with Python,Data Visualization,Intermediate,4.03,38
3781,Data Visualization with Python,Data Analysis,Advanced,3.52,29
3782,Natural Language Processing,Python,Intermediate,3.64,4
3783,Computer Vision Basics,Machine Learning,Intermediate,4.27,4
3784,Statistics for Data Science,PyTorch,Advanced,3.71,21
3785,Machine Learning Intro,Pandas,Intermediate,3.65,23
3786,Statistics for Data Science,Machine Learning,Intermediate,3.99,16
3787,Python Basics,Data Analysis,Beginner,4.78,22
3788,Deep Learning Fundamentals,Data Analysis,Beginner,3.77,13
3789,Pandas for Data Analysis,Pandas,Beginner,3.21,40
3790,Statistics for Data Science,Statistics,Intermediate,4.78,40
3791,Pandas for Data Analysis,Data Analysis,Beginner,3.46,3
3792,Statistics for Data Science,Data Visualization,Advanced,3.69,2
3793,PyTorch for Deep Learning,Deep Learning,Advanced,4.34,17
3794,PyTorch for Deep Learning,Statistics,Advanced,4.95,4
3795,Statistics for Data Science,Data Analysis,Beginner,3.84,16
3796,Python Basics,Python,Intermediate,3.11,33
3797,Machine Learning Intro,Computer Vision,Intermediate,3.58,7
3798,SQL for Data Science,Deep Learning,Beginner,3.96,2
3799,PyTorch for Deep Learning,NLP,Intermediate,3.22,35
3800,Statistics for Data Science,Data Visualization,Intermediate,3.86,20
3801,Numpy Fundamentals,Data Analysis,Intermediate,3.59,8
3802,TensorFlow Crash Course,Data Visualization,Beginner,3.44,13
3803,Deep Learning Fundamentals,Python,Beginner,4.17,39
3804,PyTorch for Deep Learning,Data Visualization,Advanced,3.27,28
3805,Computer Vision Basics,PyTorch,Intermediate,3.13,36
3806,Pandas for Data Analysis,Python,Intermediate,4.91,15
3807,Statistics for Data Science,SQL,Beginner,4.88,4
3808,Neural Networks,Deep Learning,Intermediate,3.4,12
3809,PyTorch for Deep Learning,Data Analysis,Advanced,4.3,9
3810,Python Basics,Machine Learning,Beginner,4.56,20
3811,Computer Vision Basics,Data Visualization,Beginner,4.57,26
3812,Python Basics,PyTorch,Intermediate,3.37,40
3813,Computer Vision Basics,Python,Beginner,3.06,18
3814,SQL for Data Science,Numpy,Advanced,3.06,4
3815,Python Basics,Data Analysis,Intermediate,5.0,32
3816,Natural Language Processing,Computer Vision,Advanced,3.54,39
3817,Neural Networks,Deep Learning,Intermediate,4.66,31
3818,Pandas for Data Analysis,Numpy,Beginner,4.81,9
3819,Pandas for Data Analysis,NLP,Beginner,3.95,27
3820,TensorFlow Crash Course,TensorFlow,Intermediate,4.46,13
3821,Python Basics,Deep Learning,Beginner,3.68,18
3822,Python Basics,Machine Learning,Advanced,3.16,22
3823,Natural Language Processing,Data Analysis,Beginner,4.54,38
3824,Computer Vision Basics,Data Analysis,Beginner,3.91,28
3825,Python Basics,PyTorch,Advanced,4.73,40
3826,Python Basics,Computer Vision,Advanced,4.9,17
3827,Deep Learning Fundamentals,Machine Learning,Intermediate,3.05,9
3828,SQL for Data Science,NLP,Beginner,4.77,26
3829,Natural Language Processing,Computer Vision,Intermediate,4.85,32
3830,Advanced Python,Machine Learning,Beginner,3.8,20
3831,Statistics for Data Science,TensorFlow,Intermediate,3.68,21
3832,Python Basics,Data Visualization,Intermediate,4.59,7
3833,Python Basics,Python,Intermediate,3.46,20
3834,Neural Networks,Computer Vision,Advanced,4.13,39
3835,Numpy Fundamentals,Deep Learning,Advanced,3.66,40
3836,TensorFlow Crash Course,Deep Learning,Intermediate,4.75,35
3837,Natural Language Processing,Python,Advanced,4.95,23
3838,Computer Vision Basics,Deep Learning,Intermediate,3.52,25
3839,Statistics for Data Science,Data Analysis,Advanced,3.93,21
3840,Computer Vision Basics,PyTorch,Intermediate,3.46,35
3841,Machine Learning Intro,Data Analysis,Advanced,4.26,36
3842,Computer Vision Basics,NLP,Advanced,3.79,25
3843,Natural Language Processing,Linear Algebra,Beginner,3.18,28
3844,Deep Learning Fundamentals,Statistics,Intermediate,4.41,3
3845,Data Visualization with Python,TensorFlow,Advanced,4.52,3
3846,Python Basics,Statistics,Advanced,3.75,20
3847,Statistics for Data Science,Python,Beginner,3.66,16
3848,PyTorch for Deep Learning,Statistics,Intermediate,3.78,34
3849,Natural Language Processing,SQL,Intermediate,3.24,3
3850,Neural Networks,TensorFlow,Advanced,4.62,29
3851,Numpy Fundamentals,TensorFlow,Intermediate,4.27,2
3852,Natural Language Processing,NLP,Intermediate,3.97,13
3853,Advanced Python,Numpy,Advanced,4.43,5
3854,Numpy Fundamentals,PyTorch,Beginner,4.85,12
3855,PyTorch for Deep Learning,Deep Learning,Intermediate,4.37,18
3856,SQL for Data Science,NLP,Advanced,4.34,11
3857,Deep Learning Fundamentals,PyTorch,Advanced,3.26,4
3858,Deep Learning Fundamentals,SQL,Intermediate,3.09,4
3859,Python Basics,SQL,Intermediate,4.54,9
3860,Deep Learning Fundamentals,PyTorch,Beginner,3.89,39
3861,Neural Networks,PyTorch,Beginner,3.49,11
3862,Computer Vision Basics,Machine Learning,Beginner,4.91,25
3863,Pandas for Data Analysis,PyTorch,Intermediate,3.44,34
3864,Statistics for Data Science,Data Analysis,Advanced,4.12,6
3865,Numpy Fundamentals,NLP,Beginner,4.33,28
3866,Machine Learning Intro,Python,Beginner,3.61,37
3867,Computer Vision Basics,TensorFlow,Beginner,4.88,16
3868,Data Visualization with Python,Data Visualization,Advanced,4.81,12
3869,Python Basics,Linear Algebra,Advanced,4.71,35
3870,TensorFlow Crash Course,TensorFlow,Advanced,3.11,8
3871,Neural Networks,PyTorch,Intermediate,3.24,32
3872,Machine Learning Intro,Statistics,Intermediate,4.94,28
3873,Neural Networks,Statistics,Beginner,4.44,16
3874,TensorFlow Crash Course,Deep Learning,Intermediate,3.08,11
3875,Advanced Python,Python,Advanced,4.29,4
3876,Deep Learning Fundamentals,Python,Intermediate,3.21,35
3877,Numpy Fundamentals,TensorFlow,Intermediate,4.98,29
3878,Pandas for Data Analysis,Deep Learning,Advanced,3.74,20
3879,Advanced Python,TensorFlow,Intermediate,4.36,17
3880,Python Basics,Machine Learning,Intermediate,4.54,39
3881,Statistics for Data Science,Numpy,Intermediate,4.05,22
3882,Data Visualization with Python,Data Visualization,Advanced,4.42,25
3883,Natural Language Processing,NLP,Beginner,4.45,40
3884,TensorFlow Crash Course,Data Analysis,Intermediate,3.67,2
3885,TensorFlow Crash Course,Computer Vision,Advanced,3.5,8
3886,Machine Learning Intro,SQL,Beginner,3.56,17
3887,Data Visualization with Python,Python,Advanced,3.01,22
3888,SQL for Data Science,Data Analysis,Beginner,3.96,4
3889,Advanced Python,Pandas,Intermediate,3.43,38
3890,TensorFlow Crash Course,Data Analysis,Beginner,3.68,15
3891,TensorFlow Crash Course,Computer Vision,Beginner,4.0,7
3892,Numpy Fundamentals,Numpy,Beginner,4.42,38
3893,Advanced Python,TensorFlow,Intermediate,4.6,5
3894,SQL for Data Science,PyTorch,Beginner,4.25,39
3895,SQL for Data Science,Pandas,Intermediate,3.07,6
3896,Neural Networks,TensorFlow,Beginner,3.55,24
3897,Advanced Python,Python,Advanced,3.31,2
3898,Python Basics,Deep Learning,Advanced,3.24,4
3899,Pandas for Data Analysis,Statistics,Advanced,3.83,36
3900,Python Basics,Data Visualization,Intermediate,4.71,2
3901,Numpy Fundamentals,Statistics,Intermediate,4.7,29
3902,Natural Language Processing,Python,Beginner,4.03,23
3903,SQL for Data Science,TensorFlow,Beginner,3.29,11
3904,Deep Learning Fundamentals,Data Analysis,Advanced,4.47,4
3905,TensorFlow Crash Course,Numpy,Advanced,4.99,20
3906,Deep Learning Fundamentals,Numpy,Advanced,4.55,16
3907,Machine Learning Intro,Numpy,Beginner,4.35,26
3908,Deep Learning Fundamentals,NLP,Intermediate,4.09,19
3909,Statistics for Data Science,SQL,Advanced,4.34,13
3910,Neural Networks,Machine Learning,Beginner,4.61,29
3911,PyTorch for Deep Learning,Data Analysis,Advanced,3.37,32
3912,PyTorch for Deep Learning,Data Visualization,Intermediate,4.18,32
3913,Numpy Fundamentals,PyTorch,Intermediate,3.4,36
3914,Statistics for Data Science,Numpy,Beginner,4.62,16
3915,Deep Learning Fundamentals,Data Analysis,Beginner,4.63,11
3916,Python Basics,Linear Algebra,Intermediate,4.39,22
3917,Natural Language Processing,Linear Algebra,Intermediate,3.65,7
3918,Machine Learning Intro,Statistics,Beginner,3.24,13
3919,Machine Learning Intro,NLP,Advanced,4.05,32
3920,Pandas for Data Analysis,Data Visualization,Advanced,3.78,27
3921,Deep Learning Fundamentals,Python,Advanced,3.3,30
3922,Python Basics,Numpy,Intermediate,4.7,11
3923,Python Basics,PyTorch,Advanced,3.3,29
3924,Natural Language Processing,Deep Learning,Advanced,3.24,39
3925,Data Visualization with Python,TensorFlow,Advanced,4.1,3
3926,Deep Learning Fundamentals,Python,Beginner,4.9,39
3927,Data Visualization with Python,NLP,Intermediate,4.71,12
3928,Advanced Python,NLP,Beginner,4.79,36
3929,Numpy Fundamentals,Statistics,Beginner,3.51,9
3930,PyTorch for Deep Learning,SQL,Intermediate,3.29,3
3931,Pandas for Data Analysis,SQL,Intermediate,4.84,6
3932,Statistics for Data Science,TensorFlow,Beginner,4.41,40
3933,Numpy Fundamentals,Machine Learning,Advanced,4.85,16
3934,Python Basics,SQL,Beginner,4.34,13
3935,Natural Language Processing,Deep Learning,Intermediate,4.35,36
3936,Numpy Fundamentals,SQL,Beginner,3.38,37
3937,Machine Learning Intro,Computer Vision,Intermediate,3.55,38
3938,Computer Vision Basics,Computer Vision,Beginner,3.65,9
3939,Data Visualization with Python,PyTorch,Advanced,4.0,5
3940,Statistics for Data Science,Machine Learning,Beginner,4.31,23
3941,TensorFlow Crash Course,Data Analysis,Beginner,4.63,26
3942,Neural Networks,Data Analysis,Advanced,3.8,28
3943,SQL for Data Science,PyTorch,Beginner,4.01,15
3944,Machine Learning Intro,Data Analysis,Intermediate,3.15,12
3945,SQL for Data Science,TensorFlow,Beginner,4.93,2
3946,TensorFlow Crash Course,Computer Vision,Advanced,3.59,4
3947,Natural Language Processing,TensorFlow,Intermediate,4.46,8
3948,Computer Vision Basics,Numpy,Intermediate,4.27,8
3949,Data Visualization with Python,Data Visualization,Beginner,4.53,6
3950,Statistics for Data Science,Computer Vision,Intermediate,4.15,22
3951,Deep Learning Fundamentals,SQL,Intermediate,3.44,35
3952,TensorFlow Crash Course,Computer Vision,Intermediate,4.95,9
3953,Numpy Fundamentals,Data Analysis,Advanced,4.15,34
3954,Computer Vision Basics,TensorFlow,Intermediate,4.11,6
3955,TensorFlow Crash Course,Python,Intermediate,4.73,20
3956,Computer Vision Basics,Pandas,Intermediate,4.63,8
3957,Deep Learning Fundamentals,Computer Vision,Intermediate,3.55,6
3958,PyTorch for Deep Learning,SQL,Beginner,4.13,28
3959,Data Visualization with Python,Data Visualization,Beginner,4.24,12
3960,Deep Learning Fundamentals,Deep Learning,Beginner,4.74,17
3961,Advanced Python,Machine Learning,Beginner,4.85,3
3962,Computer Vision Basics,Numpy,Advanced,3.59,29
3963,Data Visualization with Python,TensorFlow,Advanced,4.31,34
3964,Deep Learning Fundamentals,NLP,Advanced,3.07,10
3965,Pandas for Data Analysis,Numpy,Advanced,4.3,12
3966,Statistics for Data Science,NLP,Advanced,3.45,3
3967,PyTorch for Deep Learning,TensorFlow,Beginner,4.05,34
3968,TensorFlow Crash Course,Statistics,Beginner,4.41,33
3969,Data Visualization with Python,Machine Learning,Intermediate,4.14,10
3970,TensorFlow Crash Course,Data Analysis,Advanced,3.0,11
3971,Advanced Python,Machine Learning,Beginner,4.26,7
3972,Neural Networks,Linear Algebra,Intermediate,4.81,29
3973,SQL for Data Science,Numpy,Advanced,4.54,15
3974,TensorFlow Crash Course,Data Visualization,Intermediate,3.1,6
3975,Python Basics,Python,Advanced,4.95,14
3976,Data Visualization with Python,TensorFlow,Advanced,3.62,38
3977,Neural Networks,Numpy,Advanced,3.12,4
3978,Data Visualization with Python,TensorFlow,Beginner,3.37,14
3979,Numpy Fundamentals,NLP,Beginner,4.09,16
3980,Statistics for Data Science,TensorFlow,Advanced,3.76,22
3981,Pandas for Data Analysis,Machine Learning,Beginner,3.91,24
3982,Python Basics,Computer Vision,Intermediate,4.15,14
3983,Statistics for Data Science,NLP,Advanced,4.16,12
3984,SQL for Data Science,Statistics,Intermediate,4.73,28
3985,PyTorch for Deep Learning,TensorFlow,Advanced,3.49,8
3986,Natural Language Processing,NLP,Advanced,3.92,40
3987,Python Basics,Data Visualization,Beginner,3.92,23
3988,PyTorch for Deep Learning,Data Visualization,Beginner,3.28,37
3989,Advanced Python,Deep Learning,Beginner,3.54,19
3990,Advanced Python,Numpy,Advanced,3.7,16
3991,PyTorch for Deep Learning,Numpy,Intermediate,4.87,7
3992,Python Basics,Data Visualization,Intermediate,4.82,23
3993,Statistics for Data Science,Data Visualization,Beginner,4.98,24
3994,Statistics for Data Science,Machine Learning,Advanced,3.71,26
3995,Neural Networks,Linear Algebra,Advanced,4.19,36
3996,Pandas for Data Analysis,Pandas,Advanced,3.65,6
3997,Natural Language Processing,PyTorch,Beginner,3.87,23
3998,Machine Learning Intro,Pandas,Advanced,3.65,21
3999,Numpy Fundamentals,Statistics,Advanced,3.23,6
4000,Natural Language Processing,Deep Learning,Beginner,3.29,34
4001,PyTorch for Deep Learning,Python,Advanced,4.55,19
4002,Python Basics,SQL,Intermediate,3.43,29
4003,Natural Language Processing,Linear Algebra,Intermediate,3.25,11
4004,Python Basics,Python,Intermediate,4.17,26
4005,Numpy Fundamentals,Linear Algebra,Advanced,4.41,34
4006,Computer Vision Basics,Machine Learning,Advanced,4.74,26
4007,Deep Learning Fundamentals,TensorFlow,Advanced,3.5,2
4008,PyTorch for Deep Learning,Pandas,Advanced,4.48,13
4009,SQL for Data Science,Numpy,Intermediate,3.53,3
4010,Data Visualization with Python,SQL,Beginner,4.82,20
4011,Statistics for Data Science,PyTorch,Advanced,3.05,19
4012,Advanced Python,Data Analysis,Advanced,3.63,35
4013,Natural Language Processing,Data Analysis,Intermediate,4.26,26
4014,Numpy Fundamentals,Pandas,Intermediate,4.75,3
4015,PyTorch for Deep Learning,Statistics,Intermediate,4.24,20
4016,Neural Networks,Data Analysis,Intermediate,3.62,8
4017,Natural Language Processing,Statistics,Beginner,4.1,2
4018,Computer Vision Basics,Statistics,Beginner,3.68,7
4019,SQL for Data Science,Data Visualization,Advanced,4.41,22
4020,Pandas for Data Analysis,PyTorch,Intermediate,4.79,8
4021,Pandas for Data Analysis,Machine Learning,Advanced,4.36,6
4022,Deep Learning Fundamentals,SQL,Beginner,3.12,38
4023,Computer Vision Basics,Pandas,Intermediate,4.56,15
4024,Advanced Python,Computer Vision,Advanced,3.63,29
4025,Natural Language Processing,Pandas,Beginner,3.01,22
4026,Numpy Fundamentals,Computer Vision,Intermediate,4.64,34
4027,Statistics for Data Science,Data Analysis,Beginner,3.61,33
4028,Python Basics,Numpy,Advanced,4.21,26
4029,Neural Networks,Linear Algebra,Intermediate,3.81,11
4030,Computer Vision Basics,Pandas,Advanced,4.52,36
4031,Numpy Fundamentals,Machine Learning,Advanced,3.98,22
4032,Deep Learning Fundamentals,Computer Vision,Intermediate,4.23,23
4033,Deep Learning Fundamentals,Pandas,Beginner,4.32,24
4034,Pandas for Data Analysis,Machine Learning,Intermediate,3.19,5
4035,Computer Vision Basics,Statistics,Intermediate,4.76,34
4036,Neural Networks,NLP,Intermediate,4.1,11
4037,Data Visualization with Python,TensorFlow,Intermediate,4.37,17
4038,Python Basics,Statistics,Intermediate,3.21,27
4039,SQL for Data Science,Numpy,Beginner,3.63,34
4040,Neural Networks,PyTorch,Advanced,4.73,15
4041,Computer Vision Basics,Pandas,Advanced,4.7,4
4042,PyTorch for Deep Learning,Data Analysis,Advanced,4.98,40
4043,SQL for Data Science,Data Visualization,Beginner,4.25,3
4044,Neural Networks,Machine Learning,Intermediate,4.04,19
4045,Pandas for Data Analysis,NLP,Beginner,3.52,10
4046,PyTorch for Deep Learning,Python,Advanced,3.34,24
4047,Statistics for Data Science,SQL,Beginner,3.94,6
4048,TensorFlow Crash Course,TensorFlow,Beginner,3.78,4
4049,TensorFlow Crash Course,Machine Learning,Advanced,4.39,19
4050,Neural Networks,Computer Vision,Intermediate,3.05,29
4051,Data Visualization with Python,Pandas,Beginner,3.87,35
4052,Natural Language Processing,PyTorch,Intermediate,4.21,22
4053,Python Basics,Computer Vision,Intermediate,4.63,9
4054,Computer Vision Basics,Statistics,Advanced,4.52,39
4055,Computer Vision Basics,Machine Learning,Beginner,3.1,39
4056,Computer Vision Basics,NLP,Advanced,4.25,36
4057,SQL for Data Science,Data Analysis,Advanced,3.11,28
4058,SQL for Data Science,Statistics,Intermediate,3.79,9
4059,Computer Vision Basics,Deep Learning,Beginner,3.31,24
4060,TensorFlow Crash Course,Numpy,Advanced,4.79,14
4061,Pandas for Data Analysis,Python,Beginner,3.22,28
4062,Neural Networks,TensorFlow,Beginner,4.5,32
4063,Computer Vision Basics,PyTorch,Intermediate,3.51,24
4064,Pandas for Data Analysis,Computer Vision,Advanced,3.3,14
4065,Python Basics,Statistics,Intermediate,4.61,31
4066,PyTorch for Deep Learning,Deep Learning,Intermediate,4.29,17
4067,Numpy Fundamentals,PyTorch,Advanced,4.18,38
4068,Statistics for Data Science,Machine Learning,Advanced,3.96,36
4069,Python Basics,Data Visualization,Beginner,3.74,37
4070,Advanced Python,Numpy,Advanced,3.59,3
4071,Pandas for Data Analysis,Deep Learning,Beginner,4.54,10
4072,SQL for Data Science,Numpy,Intermediate,4.12,31
4073,Computer Vision Basics,Statistics,Beginner,4.4,5
4074,Data Visualization with Python,Statistics,Advanced,3.91,22
4075,Data Visualization with Python,Statistics,Intermediate,3.26,6
4076,Machine Learning Intro,Pandas,Beginner,3.45,37
4077,TensorFlow Crash Course,Linear Algebra,Intermediate,4.02,33
4078,Deep Learning Fundamentals,NLP,Advanced,4.74,14
4079,Data Visualization with Python,Data Visualization,Advanced,3.01,40
4080,TensorFlow Crash Course,Data Analysis,Intermediate,3.34,34
4081,Data Visualization with Python,Statistics,Intermediate,4.24,34
4082,Neural Networks,Pandas,Beginner,4.14,17
4083,PyTorch for Deep Learning,Pandas,Advanced,4.82,34
4084,Statistics for Data Science,NLP,Intermediate,3.39,11
4085,Computer Vision Basics,SQL,Advanced,4.3,38
4086,Statistics for Data Science,NLP,Intermediate,3.13,6
4087,PyTorch for Deep Learning,Python,Intermediate,3.44,11
4088,Deep Learning Fundamentals,Pandas,Beginner,4.85,19
4089,Computer Vision Basics,Deep Learning,Advanced,3.43,2
4090,PyTorch for Deep Learning,PyTorch,Beginner,3.74,8
4091,Data Visualization with Python,NLP,Beginner,4.91,9
4092,Machine Learning Intro,Python,Beginner,4.6,29
4093,TensorFlow Crash Course,TensorFlow,Intermediate,3.79,19
4094,Natural Language Processing,TensorFlow,Beginner,3.27,27
4095,PyTorch for Deep Learning,Statistics,Beginner,4.91,26
4096,Data Visualization with Python,NLP,Advanced,4.41,5
4097,TensorFlow Crash Course,Computer Vision,Advanced,4.49,39
4098,Numpy Fundamentals,SQL,Advanced,4.47,37
4099,Numpy Fundamentals,PyTorch,Advanced,4.22,18
4100,Advanced Python,Data Analysis,Beginner,3.6,36
4101,Statistics for Data Science,Data Visualization,Advanced,3.96,17
4102,Machine Learning Intro,NLP,Beginner,3.77,25
4103,Deep Learning Fundamentals,PyTorch,Beginner,3.6,7
4104,TensorFlow Crash Course,Machine Learning,Advanced,4.19,7
4105,Neural Networks,NLP,Beginner,3.15,7
4106,Python Basics,Machine Learning,Intermediate,3.14,39
4107,Machine Learning Intro,PyTorch,Advanced,3.4,14
4108,SQL for Data Science,Pandas,Advanced,3.42,12
4109,Natural Language Processing,Data Visualization,Intermediate,4.23,36
4110,TensorFlow Crash Course,Numpy,Advanced,4.5,31
4111,Neural Networks,SQL,Intermediate,3.12,7
4112,Machine Learning Intro,Deep Learning,Beginner,4.91,11
4113,Numpy Fundamentals,Deep Learning,Advanced,4.03,39
4114,Python Basics,Computer Vision,Intermediate,4.44,5
4115,Natural Language Processing,Computer Vision,Intermediate,3.29,7
4116,TensorFlow Crash Course,SQL,Intermediate,4.94,21
4117,Neural Networks,Machine Learning,Advanced,3.55,39
4118,SQL for Data Science,Deep Learning,Beginner,4.67,22
4119,Advanced Python,Python,Advanced,3.69,32
4120,Numpy Fundamentals,PyTorch,Advanced,4.87,31
4121,SQL for Data Science,Data Visualization,Advanced,3.36,11
4122,Machine Learning Intro,PyTorch,Beginner,3.2,33
4123,Python Basics,Python,Intermediate,4.34,10
4124,Neural Networks,Machine Learning,Advanced,4.93,26
4125,Pandas for Data Analysis,NLP,Advanced,3.27,20
4126,Computer Vision Basics,SQL,Advanced,3.01,35
4127,SQL for Data Science,Deep Learning,Intermediate,3.03,8
4128,Deep Learning Fundamentals,Machine Learning,Beginner,4.38,21
4129,Deep Learning Fundamentals,Computer Vision,Intermediate,4.26,2
4130,Pandas for Data Analysis,SQL,Intermediate,3.02,10
4131,Python Basics,Linear Algebra,Advanced,3.56,3
4132,Statistics for Data Science,PyTorch,Advanced,4.44,6
4133,Deep Learning Fundamentals,NLP,Advanced,4.84,12
4134,Computer Vision Basics,SQL,Beginner,3.08,23
4135,Natural Language Processing,SQL,Advanced,4.17,6
4136,Natural Language Processing,Machine Learning,Advanced,4.58,17
4137,Data Visualization with Python,Data Visualization,Beginner,3.59,29
4138,TensorFlow Crash Course,SQL,Advanced,3.84,13
4139,Python Basics,Computer Vision,Advanced,3.31,17
4140,Advanced Python,Python,Beginner,4.2,38
4141,PyTorch for Deep Learning,Numpy,Beginner,4.97,26
4142,Numpy Fundamentals,Computer Vision,Advanced,3.5,39
4143,Numpy Fundamentals,SQL,Intermediate,4.02,8
4144,Neural Networks,Machine Learning,Beginner,4.92,38
4145,Natural Language Processing,Pandas,Intermediate,3.96,5
4146,SQL for Data Science,Pandas,Beginner,3.08,32
4147,Advanced Python,Deep Learning,Advanced,4.7,39
4148,Computer Vision Basics,Numpy,Beginner,3.74,8
4149,Machine Learning Intro,PyTorch,Intermediate,3.63,36
4150,Pandas for Data Analysis,Computer Vision,Intermediate,4.03,40
4151,Deep Learning Fundamentals,Linear Algebra,Intermediate,3.56,12
4152,Deep Learning Fundamentals,TensorFlow,Beginner,4.85,24
4153,Deep Learning Fundamentals,NLP,Beginner,3.17,26
4154,SQL for Data Science,Computer Vision,Advanced,4.57,26
4155,Deep Learning Fundamentals,Pandas,Advanced,4.24,40
4156,Numpy Fundamentals,NLP,Intermediate,4.14,29
4157,Natural Language Processing,Computer Vision,Intermediate,4.62,27
4158,SQL for Data Science,Data Visualization,Intermediate,4.96,32
4159,TensorFlow Crash Course,Machine Learning,Advanced,4.41,31
4160,Pandas for Data Analysis,Python,Intermediate,3.21,39
4161,SQL for Data Science,Data Visualization,Intermediate,4.71,34
4162,Computer Vision Basics,Data Analysis,Beginner,4.98,19
4163,PyTorch for Deep Learning,Data Visualization,Advanced,3.16,5
4164,Statistics for Data Science,Linear Algebra,Advanced,4.01,34
4165,Pandas for Data Analysis,Computer Vision,Intermediate,3.21,9
4166,Data Visualization with Python,Statistics,Intermediate,3.75,11
4167,TensorFlow Crash Course,Numpy,Beginner,4.04,33
4168,Python Basics,Python,Intermediate,3.74,2
4169,TensorFlow Crash Course,Deep Learning,Advanced,3.76,4
4170,Numpy Fundamentals,PyTorch,Advanced,4.78,2
4171,SQL for Data Science,Pandas,Intermediate,4.22,29
4172,Python Basics,Data Analysis,Intermediate,3.97,3
4173,Pandas for Data Analysis,TensorFlow,Beginner,4.31,34
4174,Python Basics,Machine Learning,Advanced,4.86,7
4175,Natural Language Processing,Data Analysis,Intermediate,3.97,30
4176,Natural Language Processing,SQL,Advanced,3.74,15
4177,Computer Vision Basics,Statistics,Intermediate,3.99,32
4178,Natural Language Processing,PyTorch,Beginner,4.84,39
4179,SQL for Data Science,Data Analysis,Advanced,3.47,34
4180,Deep Learning Fundamentals,PyTorch,Advanced,4.0,26
4181,Statistics for Data Science,Numpy,Advanced,3.15,17
4182,TensorFlow Crash Course,NLP,Beginner,3.86,12
4183,PyTorch for Deep Learning,Computer Vision,Beginner,4.37,30
4184,Neural Networks,Data Visualization,Advanced,4.42,19
4185,Pandas for Data Analysis,SQL,Beginner,4.89,39
4186,Advanced Python,Computer Vision,Advanced,3.17,18
4187,PyTorch for Deep Learning,Computer Vision,Advanced,3.62,30
4188,Machine Learning Intro,Machine Learning,Intermediate,3.61,16
4189,Numpy Fundamentals,Statistics,Beginner,3.8,9
4190,Natural Language Processing,Machine Learning,Intermediate,3.13,10
4191,Python Basics,Linear Algebra,Advanced,3.68,35
4192,PyTorch for Deep Learning,Computer Vision,Advanced,4.9,33
4193,Statistics for Data Science,Deep Learning,Beginner,3.61,4
4194,Advanced Python,Linear Algebra,Intermediate,3.9,26
4195,TensorFlow Crash Course,Machine Learning,Advanced,4.04,16
4196,TensorFlow Crash Course,Python,Intermediate,3.96,22
4197,Machine Learning Intro,Numpy,Beginner,3.47,28
4198,Natural Language Processing,NLP,Beginner,3.17,22
4199,Python Basics,PyTorch,Intermediate,4.36,4
4200,Machine Learning Intro,Deep Learning,Beginner,3.74,8
4201,Advanced Python,Statistics,Advanced,4.13,39
4202,Statistics for Data Science,Linear Algebra,Intermediate,4.78,21
4203,Deep Learning Fundamentals,Linear Algebra,Advanced,5.0,28
4204,Pandas for Data Analysis,Computer Vision,Advanced,4.05,17
4205,Numpy Fundamentals,Numpy,Advanced,3.56,40
4206,Computer Vision Basics,TensorFlow,Advanced,3.71,16
4207,Statistics for Data Science,Machine Learning,Advanced,4.63,27
4208,Numpy Fundamentals,Linear Algebra,Advanced,4.41,39
4209,Python Basics,Data Analysis,Advanced,3.35,20
4210,SQL for Data Science,Machine Learning,Advanced,4.87,29
4211,Statistics for Data Science,Python,Intermediate,4.66,40
4212,Deep Learning Fundamentals,Linear Algebra,Advanced,3.22,23
4213,Python Basics,Statistics,Beginner,4.67,24
4214,Neural Networks,SQL,Beginner,3.42,37
4215,Python Basics,Data Visualization,Advanced,4.75,5
4216,Computer Vision Basics,Data Analysis,Intermediate,4.45,34
4217,Python Basics,Machine Learning,Intermediate,4.96,27
4218,Statistics for Data Science,Machine Learning,Advanced,3.99,29
4219,Advanced Python,NLP,Advanced,4.4,15
4220,Computer Vision Basics,Computer Vision,Beginner,4.18,11
4221,Machine Learning Intro,Linear Algebra,Intermediate,3.79,38
4222,Python Basics,TensorFlow,Intermediate,4.93,20
4223,Advanced Python,Numpy,Intermediate,3.93,14
4224,Natural Language Processing,Statistics,Advanced,4.82,12
4225,Natural Language Processing,Numpy,Advanced,4.65,28
4226,TensorFlow Crash Course,Machine Learning,Advanced,4.71,37
4227,Neural Networks,Computer Vision,Beginner,3.63,36
4228,Deep Learning Fundamentals,PyTorch,Beginner,4.09,8
4229,TensorFlow Crash Course,NLP,Beginner,4.58,40
4230,Machine Learning Intro,Python,Advanced,3.23,34
4231,Computer Vision Basics,NLP,Advanced,4.54,14
4232,TensorFlow Crash Course,NLP,Advanced,4.01,12
4233,Pandas for Data Analysis,Statistics,Intermediate,4.96,23
4234,Computer Vision Basics,Data Analysis,Advanced,4.03,32
4235,Python Basics,Statistics,Beginner,4.63,15
4236,Statistics for Data Science,PyTorch,Advanced,3.36,22
4237,TensorFlow Crash Course,Computer Vision,Intermediate,3.48,7
4238,Advanced Python,Python,Beginner,3.01,29
4239,Statistics for Data Science,PyTorch,Intermediate,3.5,17
4240,Advanced Python,Pandas,Intermediate,3.35,26
4241,Deep Learning Fundamentals,NLP,Intermediate,4.85,31
4242,SQL for Data Science,Statistics,Beginner,3.7,7
4243,TensorFlow Crash Course,Numpy,Advanced,3.08,33
4244,Data Visualization with Python,SQL,Intermediate,4.68,35
4245,Advanced Python,Computer Vision,Advanced,4.56,17
4246,Python Basics,Pandas,Intermediate,4.39,3
4247,Advanced Python,Deep Learning,Intermediate,4.73,16
4248,Advanced Python,Data Analysis,Beginner,3.29,21
4249,Pandas for Data Analysis,PyTorch,Intermediate,4.93,27
4250,Neural Networks,Statistics,Beginner,3.61,34
4251,SQL for Data Science,Computer Vision,Advanced,4.52,3
4252,Deep Learning Fundamentals,Python,Advanced,3.69,38
4253,Machine Learning Intro,Deep Learning,Intermediate,3.61,25
4254,Python Basics,Linear Algebra,Advanced,4.94,28
4255,Machine Learning Intro,PyTorch,Advanced,3.47,11
4256,PyTorch for Deep Learning,Computer Vision,Advanced,3.42,37
4257,Python Basics,SQL,Beginner,3.37,24
4258,Advanced Python,TensorFlow,Intermediate,3.01,5
4259,Computer Vision Basics,PyTorch,Advanced,3.93,5
4260,Computer Vision Basics,NLP,Advanced,3.34,10
4261,Statistics for Data Science,Data Visualization,Intermediate,4.69,34
4262,Numpy Fundamentals,Numpy,Advanced,3.58,2
4263,Statistics for Data Science,Pandas,Beginner,4.57,7
4264,Deep Learning Fundamentals,TensorFlow,Intermediate,3.42,6
4265,Neural Networks,Machine Learning,Advanced,3.01,31
4266,Neural Networks,Data Visualization,Beginner,3.65,10
4267,Python Basics,Deep Learning,Beginner,3.68,20
4268,SQL for Data Science,PyTorch,Advanced,3.24,2
4269,Neural Networks,Linear Algebra,Advanced,3.75,36
4270,Advanced Python,Data Visualization,Intermediate,4.05,6
4271,TensorFlow Crash Course,SQL,Beginner,3.11,2
4272,Statistics for Data Science,SQL,Beginner,3.25,17
4273,Python Basics,Python,Beginner,4.97,7
4274,Data Visualization with Python,Deep Learning,Intermediate,4.01,10
4275,Computer Vision Basics,Python,Beginner,3.89,13
4276,Deep Learning Fundamentals,Linear Algebra,Intermediate,4.74,30
4277,Numpy Fundamentals,Pandas,Beginner,4.8,31
4278,Advanced Python,NLP,Advanced,4.33,3
4279,Natural Language Processing,PyTorch,Beginner,4.5,13
4280,Advanced Python,SQL,Intermediate,3.9,13
4281,Machine Learning Intro,TensorFlow,Advanced,4.63,11
4282,Statistics for Data Science,PyTorch,Advanced,3.46,19
4283,Numpy Fundamentals,Computer Vision,Intermediate,3.02,7
4284,Python Basics,SQL,Advanced,3.05,24
4285,Pandas for Data Analysis,Data Visualization,Intermediate,4.99,10
4286,Data Visualization with Python,PyTorch,Advanced,4.62,10
4287,Statistics for Data Science,Computer Vision,Intermediate,3.1,20
4288,Advanced Python,Computer Vision,Intermediate,3.24,8
4289,Machine Learning Intro,SQL,Advanced,4.73,4
4290,Pandas for Data Analysis,TensorFlow,Beginner,3.62,24
4291,Neural Networks,Numpy,Beginner,4.2,14
4292,Neural Networks,Data Visualization,Advanced,3.75,22
4293,Natural Language Processing,Computer Vision,Intermediate,3.21,40
4294,PyTorch for Deep Learning,PyTorch,Advanced,3.78,15
4295,TensorFlow Crash Course,NLP,Beginner,3.31,15
4296,TensorFlow Crash Course,TensorFlow,Beginner,3.18,34
4297,Advanced Python,SQL,Beginner,3.64,7
4298,Computer Vision Basics,Data Visualization,Beginner,3.45,21
4299,Computer Vision Basics,Computer Vision,Beginner,3.82,31
4300,Numpy Fundamentals,TensorFlow,Beginner,4.51,39
4301,Neural Networks,Linear Algebra,Advanced,3.59,9
4302,Numpy Fundamentals,Numpy,Intermediate,3.79,2
4303,Neural Networks,Computer Vision,Intermediate,3.25,19
4304,Computer Vision Basics,Data Analysis,Beginner,3.57,36
4305,Deep Learning Fundamentals,Pandas,Beginner,3.33,29
4306,Machine Learning Intro,SQL,Intermediate,4.45,25
4307,Python Basics,Pandas,Advanced,4.69,2
4308,Data Visualization with Python,Linear Algebra,Advanced,4.46,10
4309,Statistics for Data Science,PyTorch,Intermediate,3.1,37
4310,Computer Vision Basics,NLP,Intermediate,4.0,31
4311,Numpy Fundamentals,Python,Intermediate,4.16,18
4312,Neural Networks,TensorFlow,Intermediate,4.88,9
4313,Advanced Python,SQL,Advanced,4.66,27
4314,Machine Learning Intro,Python,Advanced,4.58,24
4315,Natural Language Processing,SQL,Advanced,4.1,2
4316,Deep Learning Fundamentals,PyTorch,Advanced,3.62,27
4317,TensorFlow Crash Course,Data Visualization,Beginner,3.43,25
4318,Data Visualization with Python,NLP,Intermediate,4.97,18
4319,Machine Learning Intro,Machine Learning,Intermediate,4.0,21
4320,Deep Learning Fundamentals,Data Visualization,Intermediate,3.1,26
4321,PyTorch for Deep Learning,Deep Learning,Intermediate,3.9,13
4322,Numpy Fundamentals,NLP,Beginner,4.24,3
4323,PyTorch for Deep Learning,Machine Learning,Intermediate,4.03,23
4324,Python Basics,PyTorch,Advanced,4.69,16
4325,SQL for Data Science,Machine Learning,Beginner,4.89,35
4326,Advanced Python,SQL,Intermediate,4.85,34
4327,Data Visualization with Python,Data Analysis,Beginner,4.09,16
4328,Advanced Python,Computer Vision,Advanced,4.18,40
4329,Numpy Fundamentals,Deep Learning,Advanced,4.89,21
4330,Natural Language Processing,Data Analysis,Advanced,3.49,38
4331,SQL for Data Science,Machine Learning,Intermediate,4.13,11
4332,Numpy Fundamentals,TensorFlow,Beginner,3.67,36
4333,Neural Networks,TensorFlow,Beginner,4.69,33
4334,Data Visualization with Python,Linear Algebra,Intermediate,3.18,21
4335,Pandas for Data Analysis,PyTorch,Intermediate,4.68,18
4336,Natural Language Processing,SQL,Beginner,3.79,12
4337,SQL for Data Science,Deep Learning,Beginner,4.9,40
4338,SQL for Data Science,Pandas,Intermediate,4.99,19
4339,Statistics for Data Science,SQL,Intermediate,3.09,25
4340,Pandas for Data Analysis,Python,Advanced,3.06,31
4341,Pandas for Data Analysis,Linear Algebra,Advanced,4.62,12
4342,Data Visualization with Python,Pandas,Intermediate,3.76,17
4343,Advanced Python,Python,Beginner,4.36,34
4344,Numpy Fundamentals,Data Analysis,Advanced,4.19,31
4345,Machine Learning Intro,Linear Algebra,Advanced,4.61,39
4346,Statistics for Data Science,Linear Algebra,Beginner,3.33,39
4347,Numpy Fundamentals,Computer Vision,Intermediate,4.2,21
4348,Natural Language Processing,Deep Learning,Intermediate,4.64,14
4349,Neural Networks,Statistics,Advanced,3.6,20
4350,Computer Vision Basics,SQL,Advanced,3.15,24
4351,Data Visualization with Python,Machine Learning,Intermediate,3.49,24
4352,Neural Networks,SQL,Beginner,4.47,21
4353,Data Visualization with Python,Numpy,Intermediate,3.27,38
4354,PyTorch for Deep Learning,Statistics,Beginner,4.03,31
4355,Machine Learning Intro,Numpy,Intermediate,4.04,26
4356,Computer Vision Basics,Data Analysis,Advanced,4.25,26
4357,Deep Learning Fundamentals,Pandas,Beginner,4.35,16
4358,Data Visualization with Python,Data Analysis,Intermediate,4.63,40
4359,Neural Networks,PyTorch,Intermediate,4.85,37
4360,Pandas for Data Analysis,SQL,Beginner,3.25,9
4361,Data Visualization with Python,Computer Vision,Advanced,3.64,10
4362,Statistics for Data Science,Numpy,Beginner,4.08,29
4363,Python Basics,Data Analysis,Intermediate,4.12,17
4364,Natural Language Processing,Python,Intermediate,3.67,35
4365,Machine Learning Intro,PyTorch,Intermediate,4.44,8
4366,Python Basics,Python,Beginner,4.41,33
4367,Natural Language Processing,Machine Learning,Advanced,3.72,10
4368,SQL for Data Science,PyTorch,Beginner,3.01,19
4369,Python Basics,Machine Learning,Beginner,4.45,36
4370,SQL for Data Science,Deep Learning,Advanced,4.3,9
4371,Deep Learning Fundamentals,SQL,Intermediate,4.85,15
4372,Computer Vision Basics,Deep Learning,Beginner,3.85,22
4373,Statistics for Data Science,Numpy,Advanced,3.11,17
4374,Deep Learning Fundamentals,Pandas,Intermediate,4.99,28
4375,Advanced Python,Linear Algebra,Intermediate,3.22,24
4376,Neural Networks,SQL,Intermediate,4.59,16
4377,Data Visualization with Python,SQL,Beginner,3.92,31
4378,Python Basics,Statistics,Advanced,4.46,14
4379,Data Visualization with Python,Computer Vision,Intermediate,3.51,22
4380,Pandas for Data Analysis,PyTorch,Advanced,4.65,33
4381,Deep Learning Fundamentals,Numpy,Intermediate,4.21,31
4382,Neural Networks,Data Visualization,Intermediate,4.21,26
4383,Data Visualization with Python,PyTorch,Advanced,4.79,34
4384,Advanced Python,Pandas,Advanced,3.44,20
4385,Python Basics,Machine Learning,Advanced,4.03,14
4386,Numpy Fundamentals,Machine Learning,Advanced,4.76,4
4387,Statistics for Data Science,Statistics,Advanced,3.3,19
4388,Computer Vision Basics,Data Visualization,Advanced,3.25,6
4389,Machine Learning Intro,Numpy,Advanced,4.47,14
4390,Deep Learning Fundamentals,Computer Vision,Intermediate,3.17,10
4391,Python Basics,Statistics,Beginner,3.85,21
4392,Advanced Python,Python,Beginner,4.89,3
4393,Data Visualization with Python,Python,Advanced,4.01,20
4394,PyTorch for Deep Learning,Pandas,Advanced,4.44,8
4395,Neural Networks,Numpy,Beginner,3.24,15
4396,Machine Learning Intro,Data Analysis,Beginner,3.05,21
4397,TensorFlow Crash Course,Data Analysis,Beginner,3.47,29
4398,Computer Vision Basics,Numpy,Intermediate,4.7,21
4399,Data Visualization with Python,Numpy,Advanced,3.36,38
4400,Numpy Fundamentals,Python,Advanced,4.98,35
4401,Computer Vision Basics,Data Analysis,Intermediate,3.17,18
4402,Pandas for Data Analysis,Numpy,Intermediate,4.19,5
4403,Pandas for Data Analysis,Deep Learning,Intermediate,3.66,36
4404,PyTorch for Deep Learning,NLP,Beginner,3.7,33
4405,Numpy Fundamentals,Deep Learning,Beginner,3.3,10
4406,Deep Learning Fundamentals,NLP,Beginner,3.03,34
4407,Advanced Python,TensorFlow,Beginner,3.19,21
4408,Machine Learning Intro,Numpy,Beginner,3.82,35
4409,Deep Learning Fundamentals,Pandas,Advanced,3.11,11
4410,SQL for Data Science,Deep Learning,Intermediate,4.34,14
4411,Python Basics,Data Analysis,Advanced,3.73,32
4412,Statistics for Data Science,Deep Learning,Intermediate,4.82,2
4413,TensorFlow Crash Course,Computer Vision,Beginner,3.88,10
4414,Numpy Fundamentals,PyTorch,Intermediate,4.82,16
4415,PyTorch for Deep Learning,Machine Learning,Advanced,4.39,24
4416,PyTorch for Deep Learning,Numpy,Beginner,3.23,39
4417,Neural Networks,Machine Learning,Intermediate,3.26,13
4418,Deep Learning Fundamentals,Numpy,Intermediate,4.01,27
4419,Machine Learning Intro,SQL,Beginner,4.73,19
4420,Pandas for Data Analysis,Numpy,Intermediate,3.56,6
4421,PyTorch for Deep Learning,Machine Learning,Intermediate,4.71,27
4422,Python Basics,Python,Intermediate,3.57,12
4423,SQL for Data Science,Machine Learning,Beginner,3.59,8
4424,Neural Networks,Linear Algebra,Intermediate,4.75,34
4425,Python Basics,Numpy,Beginner,4.59,23
4426,Numpy Fundamentals,NLP,Advanced,4.04,2
4427,Deep Learning Fundamentals,PyTorch,Intermediate,4.15,22
4428,Computer Vision Basics,Computer Vision,Advanced,4.29,12
4429,SQL for Data Science,NLP,Advanced,3.02,23
4430,Deep Learning Fundamentals,SQL,Intermediate,4.6,12
4431,Machine Learning Intro,Data Visualization,Intermediate,4.03,33
4432,SQL for Data Science,Deep Learning,Advanced,3.41,36
4433,Neural Networks,Numpy,Advanced,4.5,17
4434,Python Basics,Numpy,Beginner,4.44,17
4435,Python Basics,Computer Vision,Intermediate,4.9,6
4436,Machine Learning Intro,Pandas,Advanced,3.4,34
4437,Numpy Fundamentals,PyTorch,Intermediate,4.04,14
4438,TensorFlow Crash Course,Computer Vision,Beginner,3.83,26
4439,Numpy Fundamentals,TensorFlow,Beginner,3.15,11
4440,Pandas for Data Analysis,SQL,Intermediate,3.94,14
4441,Computer Vision Basics,SQL,Advanced,3.15,35
4442,Numpy Fundamentals,SQL,Advanced,4.82,29
4443,Machine Learning Intro,SQL,Beginner,3.24,33
4444,TensorFlow Crash Course,Data Visualization,Beginner,4.82,9
4445,TensorFlow Crash Course,Python,Intermediate,4.65,16
4446,Statistics for Data Science,Computer Vision,Advanced,3.82,18
4447,TensorFlow Crash Course,PyTorch,Intermediate,3.98,29
4448,Natural Language Processing,NLP,Intermediate,4.81,27
4449,TensorFlow Crash Course,Computer Vision,Intermediate,4.65,9
4450,Statistics for Data Science,Computer Vision,Intermediate,3.61,14
4451,Deep Learning Fundamentals,Linear Algebra,Beginner,4.83,18
4452,Deep Learning Fundamentals,Machine Learning,Intermediate,4.81,5
4453,Statistics for Data Science,PyTorch,Beginner,4.64,11
4454,SQL for Data Science,PyTorch,Intermediate,4.49,34
4455,Statistics for Data Science,NLP,Advanced,3.38,2
4456,SQL for Data Science,Python,Intermediate,4.59,7
4457,PyTorch for Deep Learning,Computer Vision,Advanced,3.75,26
4458,Natural Language Processing,Numpy,Intermediate,3.25,5
4459,PyTorch for Deep Learning,Computer Vision,Advanced,4.2,21
4460,Python Basics,Data Analysis,Intermediate,3.76,22
4461,Machine Learning Intro,Deep Learning,Beginner,4.65,23
4462,Natural Language Processing,Python,Advanced,3.15,30
4463,Advanced Python,SQL,Advanced,3.65,16
4464,Machine Learning Intro,TensorFlow,Intermediate,3.11,21
4465,Computer Vision Basics,Numpy,Intermediate,4.92,15
4466,Python Basics,Numpy,Intermediate,3.41,22
4467,Neural Networks,PyTorch,Intermediate,4.93,11
4468,Numpy Fundamentals,Numpy,Intermediate,4.13,12
4469,Advanced Python,NLP,Advanced,4.2,32
4470,Python Basics,NLP,Beginner,3.25,28
4471,Numpy Fundamentals,Machine Learning,Intermediate,3.31,20
4472,Deep Learning Fundamentals,NLP,Beginner,3.23,35
4473,SQL for Data Science,Linear Algebra,Beginner,4.92,8
4474,Machine Learning Intro,Linear Algebra,Beginner,3.76,37
4475,Statistics for Data Science,PyTorch,Advanced,3.63,38
4476,Pandas for Data Analysis,NLP,Advanced,3.35,21
4477,Neural Networks,TensorFlow,Advanced,3.09,6
4478,Natural Language Processing,NLP,Beginner,4.5,30
4479,Neural Networks,TensorFlow,Intermediate,3.9,11
4480,TensorFlow Crash Course,SQL,Beginner,3.02,37
4481,PyTorch for Deep Learning,Data Analysis,Intermediate,3.31,17
4482,Natural Language Processing,Data Visualization,Advanced,3.91,20
4483,Statistics for Data Science,Pandas,Beginner,3.9,15
4484,Computer Vision Basics,SQL,Beginner,3.96,32
4485,PyTorch for Deep Learning,TensorFlow,Intermediate,3.7,13
4486,TensorFlow Crash Course,Pandas,Beginner,4.82,15
4487,Deep Learning Fundamentals,PyTorch,Beginner,4.73,27
4488,Machine Learning Intro,Deep Learning,Advanced,3.93,4
4489,Advanced Python,Linear Algebra,Intermediate,4.88,34
4490,Pandas for Data Analysis,Numpy,Intermediate,3.7,2
4491,TensorFlow Crash Course,Data Visualization,Beginner,4.76,7
4492,PyTorch for Deep Learning,SQL,Intermediate,3.2,17
4493,Data Visualization with Python,Numpy,Advanced,3.06,15
4494,PyTorch for Deep Learning,Statistics,Beginner,3.51,34
4495,Computer Vision Basics,PyTorch,Beginner,3.16,2
4496,Data Visualization with Python,Data Analysis,Advanced,4.27,35
4497,Neural Networks,Data Visualization,Intermediate,4.86,2
4498,Neural Networks,NLP,Beginner,3.35,40
4499,Machine Learning Intro,PyTorch,Intermediate,3.87,11
4500,Deep Learning Fundamentals,PyTorch,Advanced,3.74,6
4501,Natural Language Processing,Linear Algebra,Intermediate,4.83,10
4502,Advanced Python,Statistics,Intermediate,4.58,3
4503,Data Visualization with Python,Data Visualization,Intermediate,4.37,26
4504,Neural Networks,SQL,Advanced,3.15,25
4505,Machine Learning Intro,PyTorch,Advanced,4.41,35
4506,Statistics for Data Science,SQL,Intermediate,3.67,35
4507,PyTorch for Deep Learning,Linear Algebra,Advanced,3.1,16
4508,Neural Networks,NLP,Beginner,3.85,28
4509,TensorFlow Crash Course,Linear Algebra,Intermediate,3.78,23
4510,Statistics for Data Science,TensorFlow,Intermediate,4.94,4
4511,Machine Learning Intro,Data Analysis,Advanced,3.09,14
4512,Machine Learning Intro,Python,Intermediate,3.15,16
4513,Neural Networks,Numpy,Advanced,4.17,8
4514,TensorFlow Crash Course,Linear Algebra,Intermediate,5.0,36
4515,Deep Learning Fundamentals,Linear Algebra,Beginner,3.42,13
4516,TensorFlow Crash Course,Statistics,Advanced,4.13,3
4517,Data Visualization with Python,Data Visualization,Intermediate,4.13,15
4518,TensorFlow Crash Course,Deep Learning,Advanced,3.21,12
4519,Statistics for Data Science,Numpy,Beginner,4.04,40
4520,Statistics for Data Science,TensorFlow,Beginner,3.09,33
4521,Advanced Python,Deep Learning,Intermediate,3.84,32
4522,SQL for Data Science,Data Visualization,Beginner,4.02,25
4523,Advanced Python,PyTorch,Advanced,4.04,38
4524,Numpy Fundamentals,Python,Beginner,4.24,36
4525,Data Visualization with Python,Machine Learning,Beginner,3.9,22
4526,Python Basics,SQL,Advanced,4.02,17
4527,Machine Learning Intro,TensorFlow,Intermediate,4.36,10
4528,Machine Learning Intro,Computer Vision,Beginner,3.6,13
4529,Neural Networks,Pandas,Intermediate,3.29,7
4530,SQL for Data Science,Statistics,Beginner,4.6,20
4531,Deep Learning Fundamentals,Python,Intermediate,3.63,16
4532,Neural Networks,Machine Learning,Advanced,3.6,19
4533,SQL for Data Science,Data Visualization,Intermediate,4.0,10
4534,Machine Learning Intro,Deep Learning,Advanced,3.84,20
4535,Numpy Fundamentals,Computer Vision,Beginner,3.65,22
4536,Statistics for Data Science,Python,Advanced,4.59,13
4537,Advanced Python,Deep Learning,Beginner,4.34,38
4538,Numpy Fundamentals,Machine Learning,Intermediate,4.31,29
4539,Natural Language Processing,Deep Learning,Intermediate,3.92,30
4540,Neural Networks,Data Analysis,Advanced,3.18,29
4541,Data Visualization with Python,Computer Vision,Advanced,3.76,7
4542,TensorFlow Crash Course,Python,Intermediate,3.37,3
4543,Statistics for Data Science,Python,Beginner,4.6,32
4544,Neural Networks,SQL,Intermediate,4.9,32
4545,Neural Networks,NLP,Intermediate,4.59,19
4546,SQL for Data Science,Linear Algebra,Beginner,4.42,22
4547,Data Visualization with Python,Data Analysis,Beginner,4.44,24
4548,Deep Learning Fundamentals,Numpy,Advanced,3.85,21
4549,Advanced Python,Data Analysis,Intermediate,3.47,5
4550,Computer Vision Basics,Deep Learning,Beginner,4.07,6
4551,SQL for Data Science,PyTorch,Intermediate,4.9,16
4552,Computer Vision Basics,NLP,Advanced,4.66,20
4553,Neural Networks,NLP,Intermediate,3.49,9
4554,TensorFlow Crash Course,Data Visualization,Beginner,3.2,39
4555,Advanced Python,Computer Vision,Intermediate,3.12,36
4556,Statistics for Data Science,Python,Beginner,4.59,2
4557,Neural Networks,NLP,Beginner,4.62,5
4558,Deep Learning Fundamentals,TensorFlow,Advanced,3.44,14
4559,Statistics for Data Science,Python,Beginner,4.13,9
4560,Pandas for Data Analysis,Data Visualization,Beginner,4.24,20
4561,Statistics for Data Science,Data Visualization,Intermediate,3.07,18
4562,Neural Networks,Linear Algebra,Intermediate,4.75,19
4563,Machine Learning Intro,NLP,Beginner,3.98,20
4564,TensorFlow Crash Course,Numpy,Advanced,3.83,7
4565,Numpy Fundamentals,Numpy,Intermediate,3.21,2
4566,SQL for Data Science,Linear Algebra,Advanced,4.35,2
4567,Machine Learning Intro,NLP,Beginner,4.35,15
4568,Natural Language Processing,Deep Learning,Intermediate,4.95,27
4569,Data Visualization with Python,PyTorch,Beginner,4.69,30
4570,Python Basics,Pandas,Advanced,4.87,9
4571,Natural Language Processing,TensorFlow,Intermediate,3.81,6
4572,SQL for Data Science,Deep Learning,Beginner,4.24,24
4573,Advanced Python,Pandas,Beginner,3.92,31
4574,Machine Learning Intro,Linear Algebra,Beginner,3.74,5
4575,Natural Language Processing,Data Visualization,Beginner,3.96,18
4576,Pandas for Data Analysis,PyTorch,Intermediate,3.02,31
4577,TensorFlow Crash Course,Data Visualization,Beginner,4.28,16
4578,Python Basics,Data Visualization,Intermediate,3.1,2
4579,Computer Vision Basics,Statistics,Intermediate,3.51,36
4580,PyTorch for Deep Learning,Computer Vision,Advanced,3.04,33
4581,Statistics for Data Science,Data Analysis,Advanced,3.24,25
4582,Neural Networks,Numpy,Advanced,4.05,24
4583,Statistics for Data Science,Machine Learning,Intermediate,4.54,27
4584,Advanced Python,PyTorch,Beginner,3.21,23
4585,SQL for Data Science,Numpy,Beginner,3.1,35
4586,PyTorch for Deep Learning,SQL,Advanced,3.36,40
4587,TensorFlow Crash Course,Numpy,Intermediate,4.42,39
4588,Neural Networks,Statistics,Beginner,4.65,28
4589,Numpy Fundamentals,Deep Learning,Advanced,4.71,12
4590,Machine Learning Intro,Data Visualization,Intermediate,3.09,25
4591,Data Visualization with Python,Computer Vision,Intermediate,3.72,26
4592,TensorFlow Crash Course,PyTorch,Intermediate,4.02,17
4593,Numpy Fundamentals,Computer Vision,Beginner,3.33,2
4594,SQL for Data Science,PyTorch,Advanced,4.44,35
4595,Advanced Python,Computer Vision,Advanced,4.68,29
4596,SQL for Data Science,TensorFlow,Intermediate,4.74,21
4597,PyTorch for Deep Learning,Pandas,Beginner,4.14,28
4598,PyTorch for Deep Learning,Statistics,Advanced,3.63,29
4599,Natural Language Processing,Statistics,Beginner,4.41,22
4600,Neural Networks,Machine Learning,Beginner,3.94,13
4601,Computer Vision Basics,SQL,Intermediate,4.5,24
4602,SQL for Data Science,Pandas,Beginner,4.53,14
4603,SQL for Data Science,Python,Intermediate,4.4,14
4604,Deep Learning Fundamentals,Data Visualization,Advanced,3.49,2
4605,Deep Learning Fundamentals,Pandas,Advanced,4.26,13
4606,Deep Learning Fundamentals,Statistics,Advanced,4.17,31
4607,Data Visualization with Python,Linear Algebra,Advanced,4.92,23
4608,Pandas for Data Analysis,Computer Vision,Intermediate,4.19,2
4609,Python Basics,Numpy,Beginner,4.0,26
4610,SQL for Data Science,Data Analysis,Beginner,3.93,35
4611,Python Basics,TensorFlow,Beginner,4.18,9
4612,PyTorch for Deep Learning,Numpy,Advanced,3.61,21
4613,Machine Learning Intro,NLP,Beginner,4.83,14
4614,Python Basics,Statistics,Advanced,4.29,36
4615,Deep Learning Fundamentals,SQL,Beginner,3.25,27
4616,Statistics for Data Science,Statistics,Advanced,3.41,22
4617,Advanced Python,Statistics,Advanced,4.65,23
4618,Data Visualization with Python,Pandas,Advanced,4.93,35
4619,Natural Language Processing,NLP,Advanced,3.24,21
4620,Machine Learning Intro,TensorFlow,Advanced,3.25,22
4621,Pandas for Data Analysis,Data Visualization,Intermediate,4.41,14
4622,Deep Learning Fundamentals,SQL,Intermediate,4.18,30
4623,Neural Networks,PyTorch,Beginner,3.63,35
4624,Computer Vision Basics,Data Visualization,Advanced,3.22,37
4625,Advanced Python,SQL,Beginner,4.31,38
4626,TensorFlow Crash Course,Deep Learning,Intermediate,4.88,23
4627,Neural Networks,Machine Learning,Advanced,4.47,17
4628,Computer Vision Basics,Data Visualization,Advanced,4.05,3
4629,Advanced Python,Computer Vision,Beginner,3.1,5
4630,Machine Learning Intro,Data Visualization,Intermediate,4.01,30
4631,Statistics for Data Science,PyTorch,Intermediate,4.65,24
4632,Machine Learning Intro,Statistics,Intermediate,4.65,32
4633,Computer Vision Basics,Data Visualization,Intermediate,4.8,35
4634,Python Basics,Machine Learning,Advanced,3.68,8
4635,Advanced Python,Python,Advanced,4.44,40
4636,Data Visualization with Python,Linear Algebra,Intermediate,3.84,28
4637,Natural Language Processing,NLP,Advanced,3.16,5
4638,Neural Networks,SQL,Advanced,3.21,16
4639,Neural Networks,Numpy,Beginner,4.48,22
4640,PyTorch for Deep Learning,Computer Vision,Intermediate,4.83,27
4641,Python Basics,Pandas,Beginner,4.83,24
4642,Deep Learning Fundamentals,PyTorch,Beginner,4.21,29
4643,TensorFlow Crash Course,Deep Learning,Beginner,4.5,21
4644,Advanced Python,Pandas,Beginner,3.04,22
4645,Machine Learning Intro,Deep Learning,Intermediate,3.67,13
4646,Neural Networks,Computer Vision,Advanced,3.39,29
4647,PyTorch for Deep Learning,Machine Learning,Beginner,3.77,28
4648,Numpy Fundamentals,Computer Vision,Advanced,4.8,24
4649,Pandas for Data Analysis,Linear Algebra,Advanced,4.37,26
4650,SQL for Data Science,Deep Learning,Beginner,3.79,3
4651,PyTorch for Deep Learning,Data Analysis,Advanced,4.59,11
4652,Pandas for Data Analysis,SQL,Advanced,3.75,40
4653,Machine Learning Intro,TensorFlow,Beginner,4.8,11
4654,SQL for Data Science,Computer Vision,Beginner,4.29,20
4655,SQL for Data Science,Pandas,Advanced,3.34,15
4656,Data Visualization with Python,Statistics,Intermediate,3.6,17
4657,Machine Learning Intro,Linear Algebra,Beginner,4.47,23
4658,PyTorch for Deep Learning,NLP,Beginner,4.1,8
4659,Natural Language Processing,NLP,Intermediate,4.45,27
4660,Data Visualization with Python,Statistics,Beginner,3.44,14
4661,Data Visualization with Python,Statistics,Beginner,4.11,7
4662,Numpy Fundamentals,NLP,Advanced,3.93,32
4663,Natural Language Processing,SQL,Beginner,4.07,12
4664,TensorFlow Crash Course,PyTorch,Advanced,4.88,13
4665,Numpy Fundamentals,Machine Learning,Intermediate,3.42,6
4666,Numpy Fundamentals,Pandas,Advanced,4.89,36
4667,SQL for Data Science,Data Visualization,Advanced,3.32,20
4668,PyTorch for Deep Learning,Data Analysis,Advanced,4.52,11
4669,TensorFlow Crash Course,Deep Learning,Intermediate,3.42,4
4670,Neural Networks,SQL,Beginner,3.91,26
4671,SQL for Data Science,Statistics,Intermediate,4.4,15
4672,SQL for Data Science,Numpy,Advanced,4.7,29
4673,TensorFlow Crash Course,Numpy,Intermediate,4.67,4
4674,SQL for Data Science,PyTorch,Intermediate,4.47,38
4675,Deep Learning Fundamentals,Pandas,Intermediate,3.91,36
4676,Statistics for Data Science,Deep Learning,Advanced,3.78,28
4677,Natural Language Processing,SQL,Beginner,3.44,3
4678,Machine Learning Intro,Data Visualization,Advanced,4.19,10
4679,Data Visualization with Python,NLP,Intermediate,4.84,11
4680,Pandas for Data Analysis,Machine Learning,Beginner,3.48,3
4681,Neural Networks,SQL,Intermediate,4.81,9
4682,Neural Networks,Python,Beginner,3.87,28
4683,Neural Networks,TensorFlow,Advanced,3.98,34
4684,Machine Learning Intro,Data Visualization,Intermediate,3.88,15
4685,Pandas for Data Analysis,NLP,Beginner,4.08,22
4686,TensorFlow Crash Course,TensorFlow,Intermediate,3.65,23
4687,Natural Language Processing,Data Visualization,Beginner,3.53,27
4688,Statistics for Data Science,Pandas,Beginner,4.63,13
4689,Computer Vision Basics,Machine Learning,Advanced,3.64,12
4690,Machine Learning Intro,SQL,Advanced,4.16,31
4691,Natural Language Processing,Linear Algebra,Intermediate,3.72,11
4692,Computer Vision Basics,Linear Algebra,Advanced,4.22,23
4693,Numpy Fundamentals,Statistics,Advanced,4.5,38
4694,Advanced Python,Statistics,Intermediate,4.99,20
4695,TensorFlow Crash Course,SQL,Intermediate,3.45,17
4696,Machine Learning Intro,Data Analysis,Beginner,4.02,35
4697,Python Basics,Pandas,Intermediate,4.84,13
4698,Statistics for Data Science,Python,Advanced,4.44,4
4699,SQL for Data Science,Numpy,Beginner,3.46,37
4700,PyTorch for Deep Learning,Data Analysis,Intermediate,4.96,17
4701,Advanced Python,Python,Beginner,4.5,12
4702,Numpy Fundamentals,Python,Intermediate,3.67,33
4703,Deep Learning Fundamentals,TensorFlow,Advanced,4.18,6
4704,Statistics for Data Science,PyTorch,Beginner,4.94,7
4705,Statistics for Data Science,Computer Vision,Advanced,3.79,10
4706,Natural Language Processing,Numpy,Advanced,3.63,27
4707,Machine Learning Intro,Computer Vision,Advanced,4.44,37
4708,Machine Learning Intro,Machine Learning,Intermediate,3.36,39
4709,Neural Networks,NLP,Advanced,3.61,34
4710,Natural Language Processing,Data Visualization,Advanced,4.61,11
4711,Numpy Fundamentals,Python,Advanced,4.89,6
4712,Numpy Fundamentals,TensorFlow,Beginner,4.64,24
4713,Computer Vision Basics,NLP,Intermediate,3.2,35
4714,Advanced Python,Computer Vision,Advanced,3.13,24
4715,Neural Networks,Pandas,Beginner,3.47,3
4716,Python Basics,Data Visualization,Beginner,3.07,31
4717,SQL for Data Science,Linear Algebra,Intermediate,4.59,38
4718,Machine Learning Intro,Linear Algebra,Intermediate,3.95,30
4719,Computer Vision Basics,Deep Learning,Advanced,3.56,10
4720,Pandas for Data Analysis,Numpy,Advanced,3.21,6
4721,Pandas for Data Analysis,Data Analysis,Beginner,4.14,29
4722,Computer Vision Basics,Statistics,Intermediate,4.18,16
4723,Numpy Fundamentals,Computer Vision,Beginner,3.28,22
4724,PyTorch for Deep Learning,PyTorch,Intermediate,4.8,35
4725,TensorFlow Crash Course,Data Visualization,Intermediate,3.49,19
4726,Deep Learning Fundamentals,TensorFlow,Advanced,3.65,25
4727,Deep Learning Fundamentals,Computer Vision,Intermediate,4.72,24
4728,Natural Language Processing,PyTorch,Beginner,4.89,28
4729,Computer Vision Basics,Deep Learning,Intermediate,3.3,35
4730,SQL for Data Science,SQL,Beginner,3.78,16
4731,Data Visualization with Python,PyTorch,Intermediate,4.56,9
4732,SQL for Data Science,Linear Algebra,Beginner,4.41,24
4733,Computer Vision Basics,Computer Vision,Intermediate,3.16,38
4734,Numpy Fundamentals,Statistics,Beginner,3.51,6
4735,Natural Language Processing,PyTorch,Beginner,3.83,3
4736,Computer Vision Basics,Statistics,Beginner,3.16,13
4737,Advanced Python,Linear Algebra,Intermediate,3.5,22
4738,Machine Learning Intro,PyTorch,Intermediate,3.98,11
4739,Data Visualization with Python,PyTorch,Intermediate,3.13,3
4740,Deep Learning Fundamentals,Data Analysis,Advanced,3.99,8
4741,Computer Vision Basics,Machine Learning,Intermediate,4.99,6
4742,Natural Language Processing,TensorFlow,Advanced,3.77,10
4743,Numpy Fundamentals,Statistics,Advanced,3.56,4
4744,Natural Language Processing,Machine Learning,Advanced,3.14,15
4745,Python Basics,Numpy,Beginner,3.02,13
4746,Neural Networks,Deep Learning,Intermediate,3.04,19
4747,Pandas for Data Analysis,NLP,Advanced,4.78,33
4748,Pandas for Data Analysis,Numpy,Intermediate,3.59,32
4749,Machine Learning Intro,Python,Advanced,3.24,38
4750,Computer Vision Basics,Python,Intermediate,3.49,32
4751,Natural Language Processing,Statistics,Beginner,3.82,10
4752,Numpy Fundamentals,Machine Learning,Intermediate,4.14,9
4753,Neural Networks,Numpy,Advanced,4.6,25
4754,Numpy Fundamentals,Python,Intermediate,4.92,10
4755,TensorFlow Crash Course,Data Analysis,Advanced,4.54,8
4756,Neural Networks,Pandas,Intermediate,4.57,28
4757,Data Visualization with Python,TensorFlow,Beginner,3.07,2
4758,Machine Learning Intro,Statistics,Advanced,3.42,40
4759,SQL for Data Science,Data Visualization,Intermediate,3.03,39
4760,Machine Learning Intro,NLP,Beginner,4.9,25
4761,Numpy Fundamentals,Pandas,Advanced,4.82,16
4762,Natural Language Processing,TensorFlow,Beginner,4.8,13
4763,Statistics for Data Science,Machine Learning,Intermediate,3.7,2
4764,SQL for Data Science,Pandas,Advanced,4.95,35
4765,SQL for Data Science,Numpy,Intermediate,3.53,26
4766,PyTorch for Deep Learning,TensorFlow,Advanced,3.15,5
4767,Neural Networks,Data Visualization,Advanced,4.46,16
4768,Data Visualization with Python,NLP,Advanced,3.13,24
4769,Numpy Fundamentals,Python,Beginner,3.08,15
4770,Deep Learning Fundamentals,Linear Algebra,Advanced,3.3,17
4771,Advanced Python,Data Visualization,Intermediate,4.87,14
4772,TensorFlow Crash Course,Numpy,Beginner,3.02,5
4773,Statistics for Data Science,Deep Learning,Advanced,3.41,32
4774,Machine Learning Intro,Machine Learning,Intermediate,4.04,16
4775,Machine Learning Intro,Pandas,Intermediate,4.65,37
4776,Deep Learning Fundamentals,Computer Vision,Beginner,4.61,2
4777,Pandas for Data Analysis,PyTorch,Intermediate,4.25,17
4778,Data Visualization with Python,Data Analysis,Advanced,4.25,16
4779,TensorFlow Crash Course,PyTorch,Advanced,3.13,10
4780,TensorFlow Crash Course,NLP,Intermediate,4.3,38
4781,Numpy Fundamentals,Computer Vision,Advanced,3.06,22
4782,Data Visualization with Python,Linear Algebra,Advanced,4.85,20
4783,Pandas for Data Analysis,NLP,Beginner,4.98,8
4784,PyTorch for Deep Learning,SQL,Intermediate,4.53,11
4785,Data Visualization with Python,Statistics,Advanced,3.89,34
4786,Numpy Fundamentals,PyTorch,Advanced,3.05,17
4787,Numpy Fundamentals,SQL,Intermediate,3.7,21
4788,Python Basics,Python,Intermediate,3.15,28
4789,TensorFlow Crash Course,Linear Algebra,Intermediate,3.88,7
4790,Neural Networks,Data Analysis,Beginner,3.06,20
4791,Pandas for Data Analysis,NLP,Intermediate,3.37,31
4792,Advanced Python,Deep Learning,Advanced,4.59,30
4793,Statistics for Data Science,NLP,Beginner,4.05,31
4794,PyTorch for Deep Learning,Numpy,Advanced,4.93,37
4795,TensorFlow Crash Course,Pandas,Advanced,3.78,4
4796,Deep Learning Fundamentals,Computer Vision,Advanced,4.95,11
4797,Neural Networks,Computer Vision,Beginner,3.68,32
4798,Python Basics,PyTorch,Intermediate,4.41,25
4799,Pandas for Data Analysis,NLP,Intermediate,4.04,4
4800,Neural Networks,TensorFlow,Intermediate,3.83,3
4801,Neural Networks,Computer Vision,Intermediate,3.84,17
4802,Computer Vision Basics,NLP,Advanced,4.69,11
4803,Natural Language Processing,Data Analysis,Advanced,4.33,35
4804,Deep Learning Fundamentals,Linear Algebra,Beginner,4.71,4
4805,Statistics for Data Science,NLP,Advanced,3.74,38
4806,Deep Learning Fundamentals,Statistics,Advanced,3.09,22
4807,Pandas for Data Analysis,Python,Advanced,3.98,33
4808,Neural Networks,PyTorch,Advanced,4.36,40
4809,TensorFlow Crash Course,Machine Learning,Intermediate,3.45,26
4810,Neural Networks,Data Analysis,Beginner,4.18,33
4811,Advanced Python,Data Visualization,Advanced,3.88,2
4812,Machine Learning Intro,Linear Algebra,Beginner,4.24,8
4813,Deep Learning Fundamentals,Linear Algebra,Beginner,4.45,8
4814,Deep Learning Fundamentals,Computer Vision,Intermediate,3.2,2
4815,Computer Vision Basics,Pandas,Intermediate,3.85,7
4816,Deep Learning Fundamentals,Data Visualization,Beginner,4.08,36
4817,Advanced Python,Data Analysis,Intermediate,4.85,36
4818,Python Basics,Pandas,Intermediate,4.65,6
4819,Python Basics,SQL,Advanced,3.93,16
4820,Advanced Python,Statistics,Beginner,3.47,32
4821,Natural Language Processing,Computer Vision,Advanced,3.81,10
4822,Pandas for Data Analysis,Machine Learning,Advanced,4.44,33
4823,SQL for Data Science,Python,Advanced,3.84,34
4824,Pandas for Data Analysis,Pandas,Intermediate,4.92,15
4825,Pandas for Data Analysis,Pandas,Intermediate,4.6,28
4826,Natural Language Processing,Numpy,Intermediate,4.86,35
4827,Statistics for Data Science,Computer Vision,Beginner,4.95,12
4828,Machine Learning Intro,Data Visualization,Advanced,4.29,8
4829,Neural Networks,SQL,Beginner,3.78,19
4830,Advanced Python,SQL,Beginner,4.03,14
4831,Numpy Fundamentals,Statistics,Intermediate,3.26,4
4832,Statistics for Data Science,Computer Vision,Beginner,3.47,33
4833,Neural Networks,Pandas,Beginner,3.16,11
4834,Pandas for Data Analysis,Python,Beginner,3.28,8
4835,Computer Vision Basics,Numpy,Intermediate,3.43,34
4836,Pandas for Data Analysis,Linear Algebra,Intermediate,4.19,27
4837,Computer Vision Basics,Linear Algebra,Intermediate,3.01,18
4838,Python Basics,Numpy,Intermediate,4.26,9
4839,Advanced Python,Numpy,Beginner,4.46,22
4840,Numpy Fundamentals,Data Analysis,Advanced,3.5,17
4841,Pandas for Data Analysis,SQL,Beginner,4.76,29
4842,Data Visualization with Python,Data Analysis,Advanced,3.79,34
4843,Numpy Fundamentals,NLP,Intermediate,4.43,29
4844,PyTorch for Deep Learning,Computer Vision,Advanced,3.34,34
4845,Computer Vision Basics,PyTorch,Beginner,4.89,15
4846,Computer Vision Basics,Deep Learning,Intermediate,4.45,2
4847,Advanced Python,Statistics,Intermediate,3.46,19
4848,TensorFlow Crash Course,Data Analysis,Advanced,4.67,17
4849,Neural Networks,Python,Beginner,4.67,27
4850,PyTorch for Deep Learning,SQL,Advanced,4.2,9
4851,Advanced Python,PyTorch,Advanced,3.08,28
4852,Numpy Fundamentals,Data Visualization,Intermediate,4.34,38
4853,Pandas for Data Analysis,Machine Learning,Beginner,4.07,35
4854,Deep Learning Fundamentals,Computer Vision,Advanced,4.11,35
4855,PyTorch for Deep Learning,Data Analysis,Advanced,4.63,24
4856,Advanced Python,NLP,Advanced,4.87,11
4857,Natural Language Processing,Machine Learning,Beginner,4.86,27
4858,Machine Learning Intro,Numpy,Intermediate,3.1,7
4859,Machine Learning Intro,Python,Intermediate,3.88,29
4860,Advanced Python,Linear Algebra,Intermediate,3.82,23
4861,Neural Networks,Statistics,Beginner,3.5,18
4862,TensorFlow Crash Course,Deep Learning,Intermediate,4.91,28
4863,Python Basics,Numpy,Beginner,4.44,15
4864,Data Visualization with Python,Statistics,Advanced,3.79,12
4865,PyTorch for Deep Learning,Computer Vision,Advanced,4.18,35
4866,Deep Learning Fundamentals,Data Visualization,Beginner,4.05,30
4867,Neural Networks,Computer Vision,Intermediate,3.63,5
4868,Statistics for Data Science,NLP,Intermediate,4.13,4
4869,Numpy Fundamentals,Statistics,Beginner,3.31,38
4870,Computer Vision Basics,Statistics,Advanced,4.37,31
4871,Natural Language Processing,Data Analysis,Beginner,4.88,15
4872,Natural Language Processing,Machine Learning,Beginner,3.82,7
4873,TensorFlow Crash Course,SQL,Intermediate,4.3,24
4874,Neural Networks,Pandas,Intermediate,3.22,7
4875,Statistics for Data Science,Linear Algebra,Beginner,4.41,8
4876,Statistics for Data Science,NLP,Beginner,3.81,20
4877,PyTorch for Deep Learning,Deep Learning,Beginner,4.42,34
4878,Neural Networks,Pandas,Intermediate,3.09,9
4879,Deep Learning Fundamentals,Linear Algebra,Beginner,3.93,30
4880,Statistics for Data Science,Pandas,Advanced,3.41,24
4881,Computer Vision Basics,SQL,Advanced,4.67,35
4882,Statistics for Data Science,NLP,Intermediate,4.59,28
4883,TensorFlow Crash Course,Computer Vision,Advanced,3.52,13
4884,Machine Learning Intro,Machine Learning,Advanced,4.18,39
4885,Natural Language Processing,Pandas,Intermediate,3.12,19
4886,Deep Learning Fundamentals,Data Visualization,Beginner,3.07,27
4887,Statistics for Data Science,Machine Learning,Advanced,3.18,16
4888,PyTorch for Deep Learning,PyTorch,Advanced,4.72,38
4889,Advanced Python,Computer Vision,Beginner,3.98,15
4890,Natural Language Processing,PyTorch,Advanced,3.94,10
4891,Statistics for Data Science,Numpy,Advanced,3.72,31
4892,Advanced Python,Deep Learning,Advanced,3.97,16
4893,Computer Vision Basics,TensorFlow,Beginner,4.02,40
4894,Computer Vision Basics,Pandas,Beginner,3.73,38
4895,Statistics for Data Science,SQL,Advanced,4.33,19
4896,Data Visualization with Python,Linear Algebra,Advanced,3.15,12
4897,Advanced Python,TensorFlow,Beginner,3.5,5
4898,TensorFlow Crash Course,Machine Learning,Intermediate,4.39,19
4899,PyTorch for Deep Learning,Data Visualization,Beginner,3.22,38
4900,Neural Networks,PyTorch,Advanced,3.83,30
4901,Natural Language Processing,Linear Algebra,Beginner,4.24,21
4902,Data Visualization with Python,Computer Vision,Intermediate,4.75,21
4903,Data Visualization with Python,Pandas,Beginner,4.57,20
4904,SQL for Data Science,Linear Algebra,Intermediate,4.9,26
4905,Numpy Fundamentals,Statistics,Intermediate,4.36,19
4906,Data Visualization with Python,Data Analysis,Advanced,4.54,30
4907,SQL for Data Science,Deep Learning,Beginner,4.06,9
4908,Python Basics,Python,Intermediate,3.74,25
4909,Python Basics,Numpy,Beginner,3.28,27
4910,Python Basics,Data Visualization,Advanced,3.54,25
4911,SQL for Data Science,PyTorch,Intermediate,3.07,34
4912,Computer Vision Basics,Python,Intermediate,3.43,12
4913,Machine Learning Intro,Deep Learning,Beginner,4.25,22
4914,Neural Networks,SQL,Beginner,4.61,5
4915,Python Basics,Data Analysis,Beginner,3.46,28
4916,TensorFlow Crash Course,Machine Learning,Beginner,3.09,20
4917,Data Visualization with Python,TensorFlow,Beginner,3.75,27
4918,SQL for Data Science,NLP,Intermediate,4.96,8
4919,Machine Learning Intro,Python,Advanced,4.53,8
4920,Deep Learning Fundamentals,Deep Learning,Intermediate,3.56,2
4921,Natural Language Processing,Python,Intermediate,3.19,37
4922,PyTorch for Deep Learning,Deep Learning,Beginner,3.92,25
4923,TensorFlow Crash Course,Numpy,Intermediate,4.31,20
4924,TensorFlow Crash Course,Data Visualization,Intermediate,4.1,15
4925,Data Visualization with Python,SQL,Advanced,4.63,5
4926,PyTorch for Deep Learning,Pandas,Beginner,4.9,7
4927,Statistics for Data Science,TensorFlow,Intermediate,3.62,26
4928,SQL for Data Science,SQL,Advanced,3.26,2
4929,Pandas for Data Analysis,Data Analysis,Beginner,3.39,17
4930,SQL for Data Science,NLP,Beginner,4.53,3
4931,Python Basics,Machine Learning,Advanced,4.74,4
4932,Natural Language Processing,Machine Learning,Beginner,3.11,35
4933,Statistics for Data Science,Data Visualization,Intermediate,3.94,32
4934,Pandas for Data Analysis,SQL,Advanced,4.97,11
4935,Deep Learning Fundamentals,Deep Learning,Advanced,4.83,8
4936,TensorFlow Crash Course,SQL,Beginner,4.07,33
4937,Numpy Fundamentals,TensorFlow,Advanced,3.76,5
4938,PyTorch for Deep Learning,SQL,Advanced,4.39,26
4939,Pandas for Data Analysis,Pandas,Beginner,3.32,6
4940,Python Basics,PyTorch,Intermediate,4.81,28
4941,Numpy Fundamentals,TensorFlow,Advanced,4.32,6
4942,TensorFlow Crash Course,Data Analysis,Intermediate,3.78,34
4943,Neural Networks,Computer Vision,Intermediate,4.21,27
4944,PyTorch for Deep Learning,Data Analysis,Beginner,3.57,9
4945,SQL for Data Science,Pandas,Advanced,4.62,36
4946,PyTorch for Deep Learning,Statistics,Advanced,4.66,31
4947,Advanced Python,SQL,Intermediate,3.95,33
4948,Neural Networks,SQL,Beginner,3.13,6
4949,Advanced Python,Python,Advanced,3.95,6
4950,Computer Vision Basics,Linear Algebra,Intermediate,4.66,7
4951,Neural Networks,Data Analysis,Intermediate,3.52,36
4952,TensorFlow Crash Course,Numpy,Intermediate,3.27,8
4953,SQL for Data Science,SQL,Intermediate,4.51,11
4954,PyTorch for Deep Learning,Statistics,Advanced,3.67,32
4955,Numpy Fundamentals,Linear Algebra,Intermediate,3.46,40
4956,Machine Learning Intro,NLP,Intermediate,3.23,12
4957,Natural Language Processing,Deep Learning,Intermediate,4.09,16
4958,Deep Learning Fundamentals,Machine Learning,Intermediate,3.21,9
4959,Numpy Fundamentals,Python,Advanced,4.95,31
4960,Pandas for Data Analysis,Statistics,Intermediate,3.59,22
4961,Statistics for Data Science,NLP,Intermediate,3.66,39
4962,PyTorch for Deep Learning,Statistics,Advanced,4.67,20
4963,Data Visualization with Python,SQL,Intermediate,4.73,27
4964,Machine Learning Intro,Pandas,Beginner,4.95,24
4965,SQL for Data Science,Machine Learning,Intermediate,4.14,6
4966,Numpy Fundamentals,TensorFlow,Advanced,3.87,22
4967,Data Visualization with Python,NLP,Intermediate,3.43,16
4968,Python Basics,SQL,Intermediate,3.86,10
4969,Deep Learning Fundamentals,Python,Beginner,4.03,32
4970,Pandas for Data Analysis,PyTorch,Beginner,3.44,25
4971,Pandas for Data Analysis,PyTorch,Advanced,4.09,7
4972,Pandas for Data Analysis,Computer Vision,Intermediate,4.08,39
4973,Statistics for Data Science,Data Analysis,Advanced,4.66,7
4974,Natural Language Processing,NLP,Beginner,3.3,31
4975,Neural Networks,Machine Learning,Intermediate,3.16,33
4976,Natural Language Processing,Numpy,Advanced,3.63,26
4977,Data Visualization with Python,Numpy,Advanced,4.48,29
4978,Computer Vision Basics,Numpy,Beginner,3.94,39
4979,Data Visualization with Python,Statistics,Advanced,3.19,4
4980,Computer Vision Basics,Pandas,Beginner,3.48,16
4981,Statistics for Data Science,Data Visualization,Intermediate,4.14,30
4982,Neural Networks,Pandas,Advanced,3.05,4
4983,Statistics for Data Science,Computer Vision,Beginner,4.11,32
4984,Neural Networks,Data Analysis,Beginner,3.26,40
4985,Statistics for Data Science,SQL,Beginner,4.02,23
4986,Python Basics,Data Analysis,Beginner,3.73,20
4987,Deep Learning Fundamentals,Computer Vision,Intermediate,3.49,2
4988,Computer Vision Basics,Data Analysis,Intermediate,3.83,8
4989,SQL for Data Science,Computer Vision,Advanced,3.73,7
4990,Statistics for Data Science,Computer Vision,Advanced,4.6,4
4991,TensorFlow Crash Course,PyTorch,Beginner,4.61,22
4992,Computer Vision Basics,Data Visualization,Beginner,4.48,32
4993,SQL for Data Science,Computer Vision,Intermediate,3.74,15
4994,Python Basics,Pandas,Advanced,3.83,33
4995,Statistics for Data Science,Deep Learning,Beginner,4.15,31
4996,Data Visualization with Python,Numpy,Intermediate,3.14,27
4997,Numpy Fundamentals,Data Analysis,Intermediate,4.48,12
4998,Statistics for Data Science,Data Visualization,Beginner,3.28,10
4999,Natural Language Processing,Statistics,Intermediate,3.02,6
5000,SQL for Data Science,Data Visualization,Advanced,4.16,14
5001,Python Basics,SQL,Intermediate,3.47,33
5002,TensorFlow Crash Course,Python,Intermediate,4.83,29
5003,Pandas for Data Analysis,Numpy,Advanced,4.54,34
5004,Advanced Python,Python,Intermediate,4.27,30
5005,Deep Learning Fundamentals,TensorFlow,Beginner,4.86,11
5006,Numpy Fundamentals,Statistics,Intermediate,3.59,7
5007,Advanced Python,Data Analysis,Advanced,4.18,33
5008,Deep Learning Fundamentals,Computer Vision,Beginner,4.64,21
5009,Numpy Fundamentals,Deep Learning,Beginner,4.36,18
5010,TensorFlow Crash Course,Computer Vision,Beginner,4.73,24
5011,Advanced Python,Numpy,Intermediate,4.92,15
5012,Numpy Fundamentals,Data Analysis,Beginner,3.75,27
5013,Computer Vision Basics,PyTorch,Beginner,3.29,22
5014,Neural Networks,Statistics,Intermediate,4.5,34
5015,Numpy Fundamentals,Numpy,Intermediate,3.66,35
5016,Python Basics,Computer Vision,Intermediate,4.89,32
5017,TensorFlow Crash Course,Data Visualization,Beginner,3.29,18
5018,Data Visualization with Python,Deep Learning,Advanced,4.8,36
5019,Pandas for Data Analysis,Statistics,Beginner,4.74,24
5020,Natural Language Processing,Deep Learning,Intermediate,3.07,35
5021,TensorFlow Crash Course,SQL,Intermediate,3.44,10
5022,Python Basics,NLP,Advanced,4.35,12
5023,Statistics for Data Science,Python,Beginner,4.63,9
5024,Machine Learning Intro,Linear Algebra,Advanced,4.67,30
5025,Numpy Fundamentals,NLP,Advanced,4.85,31
5026,Neural Networks,Data Analysis,Advanced,4.81,17
5027,TensorFlow Crash Course,TensorFlow,Intermediate,3.05,9
5028,Statistics for Data Science,Computer Vision,Advanced,4.72,30
5029,Python Basics,Statistics,Advanced,3.14,15
5030,Pandas for Data Analysis,Data Analysis,Intermediate,3.93,38
5031,SQL for Data Science,NLP,Advanced,3.66,34
5032,SQL for Data Science,Linear Algebra,Advanced,3.58,34
5033,Natural Language Processing,Linear Algebra,Beginner,4.84,38
5034,Statistics for Data Science,Linear Algebra,Intermediate,3.22,8
5035,Machine Learning Intro,SQL,Beginner,4.97,26
5036,Advanced Python,Computer Vision,Beginner,3.61,29
5037,Advanced Python,Python,Intermediate,4.82,34
5038,Neural Networks,PyTorch,Advanced,3.21,13
5039,Data Visualization with Python,Numpy,Advanced,3.77,26
5040,Neural Networks,Data Visualization,Beginner,3.93,36
5041,Numpy Fundamentals,Computer Vision,Advanced,4.11,4
5042,Pandas for Data Analysis,Numpy,Intermediate,3.98,20
5043,Numpy Fundamentals,SQL,Intermediate,3.23,11
5044,Deep Learning Fundamentals,Python,Intermediate,4.08,21
5045,Neural Networks,Deep Learning,Intermediate,4.73,8
5046,Advanced Python,NLP,Beginner,4.56,5
5047,Computer Vision Basics,PyTorch,Beginner,3.76,25
5048,PyTorch for Deep Learning,Python,Advanced,3.92,5
5049,Neural Networks,Machine Learning,Beginner,4.29,20
5050,SQL for Data Science,NLP,Beginner,4.06,29
5051,Neural Networks,PyTorch,Advanced,3.04,28
5052,Data Visualization with Python,Python,Intermediate,3.49,40
5053,Pandas for Data Analysis,SQL,Advanced,3.08,37
5054,Numpy Fundamentals,Linear Algebra,Intermediate,4.51,22
5055,Machine Learning Intro,Pandas,Intermediate,3.22,5
5056,Advanced Python,Python,Beginner,3.75,6
5057,Deep Learning Fundamentals,Computer Vision,Advanced,4.63,20
5058,Machine Learning Intro,Linear Algebra,Advanced,3.57,37
5059,SQL for Data Science,Python,Intermediate,3.07,10
5060,Statistics for Data Science,Data Visualization,Intermediate,4.21,36
5061,Pandas for Data Analysis,Machine Learning,Beginner,3.05,27
5062,TensorFlow Crash Course,NLP,Beginner,4.61,14
5063,Numpy Fundamentals,PyTorch,Advanced,4.93,20
5064,SQL for Data Science,Data Analysis,Advanced,3.14,3
5065,TensorFlow Crash Course,Pandas,Intermediate,3.34,16
5066,Data Visualization with Python,Python,Intermediate,4.08,36
5067,Computer Vision Basics,Data Analysis,Intermediate,4.57,36
5068,Advanced Python,Computer Vision,Advanced,4.89,10
5069,Deep Learning Fundamentals,Machine Learning,Advanced,3.41,33
5070,Natural Language Processing,NLP,Advanced,3.16,10
5071,TensorFlow Crash Course,Numpy,Intermediate,3.27,30
5072,Natural Language Processing,Computer Vision,Beginner,3.55,33
5073,Advanced Python,Linear Algebra,Advanced,3.87,18
5074,Machine Learning Intro,Linear Algebra,Advanced,3.09,5
5075,Python Basics,Deep Learning,Intermediate,3.07,21
5076,TensorFlow Crash Course,PyTorch,Beginner,3.55,8
5077,Numpy Fundamentals,PyTorch,Advanced,4.2,6
5078,Pandas for Data Analysis,SQL,Intermediate,3.99,7
5079,Deep Learning Fundamentals,Computer Vision,Beginner,4.71,11
5080,PyTorch for Deep Learning,Data Analysis,Beginner,3.29,6
5081,Neural Networks,Linear Algebra,Intermediate,3.79,19
5082,Neural Networks,Data Analysis,Intermediate,4.4,27
5083,Computer Vision Basics,Machine Learning,Beginner,4.43,19
5084,TensorFlow Crash Course,Data Analysis,Beginner,4.75,22
5085,Computer Vision Basics,Python,Intermediate,4.49,10
5086,SQL for Data Science,Deep Learning,Beginner,3.27,38
5087,Machine Learning Intro,Data Visualization,Beginner,4.55,32
5088,Computer Vision Basics,Linear Algebra,Advanced,4.35,14
5089,PyTorch for Deep Learning,Computer Vision,Intermediate,3.67,14
5090,Deep Learning Fundamentals,SQL,Advanced,3.46,29
5091,PyTorch for Deep Learning,Data Analysis,Beginner,3.53,3
5092,Deep Learning Fundamentals,Deep Learning,Advanced,4.58,40
5093,Advanced Python,SQL,Advanced,4.84,19
5094,Statistics for Data Science,Pandas,Beginner,4.96,6
5095,PyTorch for Deep Learning,Pandas,Intermediate,3.58,21
5096,TensorFlow Crash Course,TensorFlow,Intermediate,4.46,26
5097,Computer Vision Basics,Machine Learning,Beginner,3.05,18
5098,Pandas for Data Analysis,Deep Learning,Beginner,4.83,17
5099,Statistics for Data Science,Computer Vision,Intermediate,4.13,31
5100,TensorFlow Crash Course,TensorFlow,Intermediate,4.2,12
5101,Deep Learning Fundamentals,Pandas,Beginner,3.62,16
5102,Pandas for Data Analysis,Linear Algebra,Intermediate,4.96,2
5103,Data Visualization with Python,Data Analysis,Intermediate,3.88,36
5104,PyTorch for Deep Learning,Deep Learning,Intermediate,4.26,14
5105,Neural Networks,Numpy,Beginner,3.36,27
5106,Neural Networks,Machine Learning,Beginner,4.67,3
5107,Deep Learning Fundamentals,Data Visualization,Advanced,3.26,33
5108,Machine Learning Intro,Statistics,Intermediate,4.14,38
5109,Data Visualization with Python,Pandas,Advanced,4.64,6
5110,Data Visualization with Python,NLP,Intermediate,4.82,30
5111,Data Visualization with Python,Deep Learning,Advanced,3.9,29
5112,Python Basics,Computer Vision,Advanced,3.4,34
5113,Computer Vision Basics,Statistics,Beginner,3.68,10
5114,Neural Networks,NLP,Intermediate,3.44,31
5115,Statistics for Data Science,Pandas,Beginner,4.85,4
5116,Natural Language Processing,SQL,Intermediate,4.15,7
5117,Python Basics,Machine Learning,Intermediate,4.19,31
5118,Machine Learning Intro,Pandas,Intermediate,3.38,28
5119,Advanced Python,Deep Learning,Beginner,3.17,12
5120,Machine Learning Intro,Linear Algebra,Beginner,4.02,18
5121,Natural Language Processing,PyTorch,Beginner,4.58,33
5122,Python Basics,Computer Vision,Advanced,4.16,4
5123,Deep Learning Fundamentals,Python,Beginner,3.88,30
5124,Data Visualization with Python,NLP,Advanced,4.48,25
5125,Machine Learning Intro,Linear Algebra,Advanced,4.42,38
5126,Data Visualization with Python,Statistics,Beginner,4.64,3
5127,TensorFlow Crash Course,PyTorch,Advanced,3.23,8
5128,Data Visualization with Python,SQL,Intermediate,4.89,31
5129,Advanced Python,Statistics,Beginner,4.47,38
5130,TensorFlow Crash Course,PyTorch,Advanced,4.74,16
5131,Python Basics,TensorFlow,Beginner,4.18,32
5132,Python Basics,Linear Algebra,Intermediate,4.5,38
5133,Neural Networks,SQL,Intermediate,3.79,8
5134,PyTorch for Deep Learning,Numpy,Intermediate,4.77,10
5135,SQL for Data Science,Machine Learning,Intermediate,3.1,9
5136,Machine Learning Intro,Python,Intermediate,4.48,11
5137,SQL for Data Science,Statistics,Intermediate,4.41,34
5138,Natural Language Processing,NLP,Beginner,4.44,29
5139,TensorFlow Crash Course,Pandas,Intermediate,4.96,2
5140,TensorFlow Crash Course,Numpy,Intermediate,3.73,26
5141,Natural Language Processing,Deep Learning,Advanced,4.13,6
5142,Advanced Python,Statistics,Intermediate,4.12,12
5143,Pandas for Data Analysis,Pandas,Intermediate,4.83,5
5144,Statistics for Data Science,Numpy,Intermediate,3.68,7
5145,Pandas for Data Analysis,TensorFlow,Intermediate,3.4,27
5146,Python Basics,Pandas,Beginner,3.24,15
5147,Statistics for Data Science,Data Visualization,Beginner,3.96,7
5148,Data Visualization with Python,SQL,Intermediate,4.34,40
5149,SQL for Data Science,Computer Vision,Advanced,3.22,14
5150,Deep Learning Fundamentals,TensorFlow,Intermediate,3.18,20
5151,Advanced Python,Computer Vision,Advanced,3.67,24
5152,Numpy Fundamentals,Linear Algebra,Beginner,4.37,13
5153,Advanced Python,PyTorch,Intermediate,3.88,23
5154,Deep Learning Fundamentals,Numpy,Advanced,3.22,20
5155,Data Visualization with Python,Computer Vision,Intermediate,3.47,29
5156,Advanced Python,PyTorch,Intermediate,3.89,28
5157,SQL for Data Science,NLP,Beginner,4.11,38
5158,Computer Vision Basics,Data Analysis,Advanced,3.53,34
5159,TensorFlow Crash Course,Machine Learning,Advanced,3.53,35
5160,Natural Language Processing,Numpy,Advanced,4.09,40
5161,Deep Learning Fundamentals,SQL,Intermediate,4.9,29
5162,Advanced Python,Deep Learning,Intermediate,3.58,2
5163,Data Visualization with Python,NLP,Advanced,3.5,31
5164,TensorFlow Crash Course,Data Visualization,Intermediate,4.88,25
5165,SQL for Data Science,SQL,Advanced,4.63,10
5166,Natural Language Processing,SQL,Beginner,4.69,2
5167,Computer Vision Basics,SQL,Intermediate,3.92,25
5168,PyTorch for Deep Learning,Numpy,Intermediate,3.78,22
5169,Advanced Python,Machine Learning,Beginner,3.54,31
5170,Numpy Fundamentals,Linear Algebra,Advanced,4.76,26
5171,TensorFlow Crash Course,PyTorch,Intermediate,4.13,6
5172,Computer Vision Basics,Statistics,Beginner,4.26,35
5173,Data Visualization with Python,Computer Vision,Advanced,3.93,6
5174,Data Visualization with Python,Machine Learning,Intermediate,3.17,28
5175,Deep Learning Fundamentals,Linear Algebra,Beginner,4.27,38
5176,Advanced Python,Data Visualization,Advanced,4.02,20
5177,TensorFlow Crash Course,Data Analysis,Beginner,3.35,7
5178,Machine Learning Intro,Computer Vision,Advanced,4.9,26
5179,Machine Learning Intro,Linear Algebra,Beginner,4.35,25
5180,SQL for Data Science,Machine Learning,Beginner,3.1,31
5181,Statistics for Data Science,TensorFlow,Intermediate,4.31,16
5182,TensorFlow Crash Course,Computer Vision,Beginner,4.77,9
5183,Machine Learning Intro,Statistics,Beginner,3.87,36
5184,Advanced Python,Data Visualization,Advanced,4.76,13
5185,Machine Learning Intro,Deep Learning,Beginner,4.36,29
5186,Numpy Fundamentals,SQL,Intermediate,4.15,28
5187,Pandas for Data Analysis,SQL,Advanced,4.16,35
5188,PyTorch for Deep Learning,TensorFlow,Beginner,3.96,14
5189,Deep Learning Fundamentals,Numpy,Advanced,4.71,34
5190,Pandas for Data Analysis,Data Visualization,Advanced,3.13,16
5191,Data Visualization with Python,Numpy,Intermediate,4.29,38
5192,Natural Language Processing,TensorFlow,Advanced,4.19,33
5193,Deep Learning Fundamentals,Numpy,Intermediate,4.51,37
5194,TensorFlow Crash Course,Numpy,Beginner,3.01,27
5195,Computer Vision Basics,Machine Learning,Advanced,3.64,17
5196,Deep Learning Fundamentals,Pandas,Beginner,4.86,38
5197,SQL for Data Science,Numpy,Advanced,4.01,38
5198,Data Visualization with Python,Computer Vision,Beginner,4.79,25
5199,Python Basics,PyTorch,Intermediate,4.66,29
5200,Data Visualization with Python,SQL,Intermediate,3.89,2
5201,Machine Learning Intro,Pandas,Advanced,3.16,29
5202,PyTorch for Deep Learning,Python,Advanced,3.89,3
5203,TensorFlow Crash Course,Python,Intermediate,3.93,35
5204,Neural Networks,PyTorch,Beginner,4.19,19
5205,Computer Vision Basics,Computer Vision,Advanced,4.74,7
5206,Data Visualization with Python,Numpy,Advanced,4.49,9
5207,Advanced Python,TensorFlow,Beginner,3.13,14
5208,Computer Vision Basics,Pandas,Advanced,3.4,18
5209,Deep Learning Fundamentals,Data Visualization,Intermediate,4.04,24
5210,Statistics for Data Science,NLP,Advanced,4.75,29
5211,TensorFlow Crash Course,TensorFlow,Beginner,4.93,15
5212,Machine Learning Intro,Computer Vision,Advanced,3.95,37
5213,Neural Networks,Data Visualization,Advanced,3.01,11
5214,Advanced Python,Linear Algebra,Intermediate,4.33,23
5215,Data Visualization with Python,NLP,Beginner,3.26,34
5216,Data Visualization with Python,Python,Advanced,3.13,2
5217,Natural Language Processing,Data Analysis,Intermediate,4.52,16
5218,Numpy Fundamentals,Deep Learning,Intermediate,3.34,22
5219,Neural Networks,Data Visualization,Beginner,4.02,29
5220,Machine Learning Intro,Computer Vision,Intermediate,3.23,26
5221,Advanced Python,Machine Learning,Beginner,4.82,26
5222,Data Visualization with Python,SQL,Intermediate,3.35,6
5223,Deep Learning Fundamentals,Statistics,Advanced,3.61,4
5224,Natural Language Processing,NLP,Beginner,4.21,10
5225,Python Basics,Computer Vision,Advanced,4.64,29
5226,TensorFlow Crash Course,Linear Algebra,Intermediate,4.59,4
5227,Advanced Python,Deep Learning,Intermediate,4.55,29
5228,PyTorch for Deep Learning,Data Visualization,Advanced,4.35,12
5229,Machine Learning Intro,Data Visualization,Intermediate,3.67,38
5230,Natural Language Processing,NLP,Advanced,4.3,18
5231,Statistics for Data Science,Data Visualization,Intermediate,3.76,32
5232,Statistics for Data Science,SQL,Intermediate,4.27,20
5233,PyTorch for Deep Learning,TensorFlow,Intermediate,3.89,38
5234,PyTorch for Deep Learning,Pandas,Advanced,3.53,14
5235,Numpy Fundamentals,PyTorch,Intermediate,4.53,17
5236,Neural Networks,NLP,Advanced,3.51,19
5237,PyTorch for Deep Learning,Python,Intermediate,3.8,34
5238,Natural Language Processing,SQL,Beginner,3.72,32
5239,Deep Learning Fundamentals,Python,Advanced,4.96,2
5240,Neural Networks,Data Visualization,Beginner,3.79,39
5241,Computer Vision Basics,Data Visualization,Intermediate,3.54,22
5242,SQL for Data Science,Computer Vision,Intermediate,3.73,20
5243,Advanced Python,Computer Vision,Advanced,4.09,26
5244,PyTorch for Deep Learning,Computer Vision,Intermediate,4.95,14
5245,Natural Language Processing,Deep Learning,Beginner,3.73,31
5246,TensorFlow Crash Course,Data Analysis,Intermediate,3.52,34
5247,Deep Learning Fundamentals,NLP,Beginner,4.52,17
5248,Computer Vision Basics,PyTorch,Advanced,3.51,13
5249,Advanced Python,PyTorch,Intermediate,4.52,26
5250,Deep Learning Fundamentals,PyTorch,Beginner,4.66,4
5251,Neural Networks,Pandas,Beginner,3.03,36
5252,Natural Language Processing,Python,Beginner,4.05,18
5253,Advanced Python,Pandas,Intermediate,3.88,37
5254,Python Basics,Python,Intermediate,4.6,25
5255,Deep Learning Fundamentals,Numpy,Intermediate,3.45,17
5256,PyTorch for Deep Learning,SQL,Advanced,4.85,17
5257,Natural Language Processing,PyTorch,Advanced,4.47,19
5258,Statistics for Data Science,Numpy,Advanced,3.21,10
5259,Neural Networks,Deep Learning,Beginner,4.91,33
5260,Data Visualization with Python,SQL,Beginner,3.57,11
5261,Neural Networks,NLP,Beginner,3.02,5
5262,Deep Learning Fundamentals,TensorFlow,Advanced,4.33,4
5263,TensorFlow Crash Course,NLP,Intermediate,4.96,20
5264,Statistics for Data Science,Numpy,Beginner,4.33,21
5265,Advanced Python,TensorFlow,Intermediate,4.16,35
5266,Numpy Fundamentals,Pandas,Intermediate,4.68,28
5267,Machine Learning Intro,Machine Learning,Advanced,3.69,15
5268,Deep Learning Fundamentals,Machine Learning,Intermediate,3.56,22
5269,Machine Learning Intro,Numpy,Intermediate,4.37,32
5270,Numpy Fundamentals,Python,Advanced,4.77,10
5271,Pandas for Data Analysis,Machine Learning,Advanced,3.21,29
5272,Data Visualization with Python,Pandas,Beginner,3.92,34
5273,TensorFlow Crash Course,Linear Algebra,Beginner,4.67,4
5274,Neural Networks,Python,Intermediate,3.68,23
5275,SQL for Data Science,Data Visualization,Intermediate,3.69,17
5276,Advanced Python,TensorFlow,Beginner,3.29,15
5277,Data Visualization with Python,Statistics,Advanced,3.86,35
5278,TensorFlow Crash Course,PyTorch,Intermediate,3.93,13
5279,Machine Learning Intro,TensorFlow,Beginner,3.03,31
5280,Advanced Python,TensorFlow,Beginner,3.83,5
5281,Python Basics,Numpy,Intermediate,4.56,21
5282,Python Basics,Computer Vision,Advanced,3.52,23
5283,Advanced Python,SQL,Advanced,3.82,40
5284,Machine Learning Intro,Numpy,Beginner,4.29,19
5285,SQL for Data Science,Deep Learning,Advanced,4.01,23
5286,Pandas for Data Analysis,Data Analysis,Beginner,3.0,11
5287,PyTorch for Deep Learning,Machine Learning,Advanced,3.61,15
5288,Natural Language Processing,SQL,Advanced,3.86,30
5289,Pandas for Data Analysis,Machine Learning,Beginner,4.31,24
5290,PyTorch for Deep Learning,Pandas,Beginner,4.79,32
5291,Natural Language Processing,TensorFlow,Beginner,3.59,10
5292,Pandas for Data Analysis,Deep Learning,Advanced,3.31,39
5293,Neural Networks,TensorFlow,Beginner,4.1,23
5294,Data Visualization with Python,Statistics,Advanced,4.9,36
5295,Computer Vision Basics,PyTorch,Beginner,3.66,14
5296,Numpy Fundamentals,TensorFlow,Beginner,4.75,24
5297,SQL for Data Science,PyTorch,Advanced,4.3,29
5298,Advanced Python,Machine Learning,Beginner,3.95,36
5299,Natural Language Processing,NLP,Beginner,4.03,24
5300,Computer Vision Basics,Linear Algebra,Advanced,4.61,11
5301,Neural Networks,Machine Learning,Beginner,3.96,21
5302,Statistics for Data Science,Pandas,Beginner,3.04,20
5303,Statistics for Data Science,TensorFlow,Beginner,4.62,17
5304,Data Visualization with Python,Data Visualization,Advanced,4.99,31
5305,Data Visualization with Python,PyTorch,Intermediate,3.12,36
5306,Python Basics,NLP,Beginner,4.18,40
5307,SQL for Data Science,Data Visualization,Advanced,4.74,21
5308,Computer Vision Basics,Machine Learning,Beginner,3.47,25
5309,TensorFlow Crash Course,Data Visualization,Intermediate,4.73,21
5310,PyTorch for Deep Learning,Computer Vision,Beginner,4.4,2
5311,Machine Learning Intro,Data Analysis,Advanced,4.72,35
5312,Numpy Fundamentals,PyTorch,Advanced,3.09,13
5313,Pandas for Data Analysis,Numpy,Beginner,3.43,35
5314,Numpy Fundamentals,Numpy,Intermediate,3.03,20
5315,Numpy Fundamentals,Data Visualization,Advanced,3.81,18
5316,Statistics for Data Science,TensorFlow,Beginner,4.12,34
5317,Python Basics,Python,Intermediate,4.14,9
5318,Pandas for Data Analysis,Pandas,Beginner,4.94,11
5319,Deep Learning Fundamentals,Statistics,Advanced,3.5,33
5320,TensorFlow Crash Course,PyTorch,Beginner,3.2,27
5321,Natural Language Processing,Numpy,Advanced,4.42,13
5322,Neural Networks,SQL,Beginner,3.95,21
5323,Statistics for Data Science,Computer Vision,Beginner,3.87,33
5324,PyTorch for Deep Learning,Machine Learning,Beginner,4.46,21
5325,Natural Language Processing,Linear Algebra,Advanced,4.93,30
5326,SQL for Data Science,Linear Algebra,Advanced,4.82,19
5327,Advanced Python,Python,Intermediate,3.25,18
5328,Python Basics,Machine Learning,Beginner,3.39,33
5329,Deep Learning Fundamentals,Machine Learning,Beginner,4.28,26
5330,Python Basics,Data Visualization,Advanced,4.32,35
5331,SQL for Data Science,Data Analysis,Intermediate,4.72,27
5332,Machine Learning Intro,Pandas,Advanced,4.26,14
5333,SQL for Data Science,Python,Intermediate,3.42,3
5334,TensorFlow Crash Course,Data Analysis,Advanced,4.86,40
5335,Advanced Python,NLP,Beginner,4.79,12
5336,Machine Learning Intro,Pandas,Beginner,4.06,26
5337,Deep Learning Fundamentals,Computer Vision,Advanced,4.89,5
5338,Pandas for Data Analysis,Python,Intermediate,4.06,32
5339,SQL for Data Science,TensorFlow,Intermediate,3.05,38
5340,Natural Language Processing,Pandas,Beginner,4.89,30
5341,Machine Learning Intro,SQL,Beginner,4.73,38
5342,Data Visualization with Python,Python,Intermediate,4.91,28
5343,TensorFlow Crash Course,SQL,Beginner,4.67,6
5344,Python Basics,Numpy,Beginner,3.46,14
5345,SQL for Data Science,Statistics,Advanced,4.62,11
5346,Pandas for Data Analysis,Pandas,Intermediate,3.62,11
5347,SQL for Data Science,Data Analysis,Intermediate,4.36,5
5348,Python Basics,Numpy,Beginner,3.45,27
5349,PyTorch for Deep Learning,SQL,Beginner,3.28,4
5350,Neural Networks,Data Analysis,Beginner,3.57,28
5351,Statistics for Data Science,NLP,Advanced,3.8,24
5352,Advanced Python,Data Visualization,Advanced,3.11,22
5353,Data Visualization with Python,PyTorch,Beginner,3.97,37
5354,TensorFlow Crash Course,Computer Vision,Intermediate,3.7,31
5355,TensorFlow Crash Course,TensorFlow,Advanced,3.79,37
5356,Statistics for Data Science,Linear Algebra,Intermediate,4.86,16
5357,TensorFlow Crash Course,Machine Learning,Intermediate,4.98,6
5358,Advanced Python,TensorFlow,Intermediate,4.78,21
5359,Machine Learning Intro,Machine Learning,Intermediate,4.29,36
5360,Data Visualization with Python,Statistics,Intermediate,3.21,31
5361,SQL for Data Science,Data Visualization,Beginner,4.56,39
5362,TensorFlow Crash Course,SQL,Intermediate,3.42,35
5363,Statistics for Data Science,SQL,Advanced,4.79,38
5364,SQL for Data Science,Pandas,Beginner,4.69,4
5365,Pandas for Data Analysis,Pandas,Beginner,4.91,26
5366,Statistics for Data Science,NLP,Beginner,3.38,40
5367,Numpy Fundamentals,Computer Vision,Advanced,4.32,3
5368,Computer Vision Basics,NLP,Intermediate,3.35,7
5369,Deep Learning Fundamentals,Linear Algebra,Intermediate,3.31,10
5370,Advanced Python,Deep Learning,Intermediate,3.5,38
5371,Numpy Fundamentals,Pandas,Beginner,4.59,31
5372,Natural Language Processing,PyTorch,Intermediate,3.94,34
5373,Deep Learning Fundamentals,NLP,Intermediate,3.18,33
5374,PyTorch for Deep Learning,Pandas,Intermediate,3.99,29
5375,Numpy Fundamentals,Statistics,Beginner,4.1,27
5376,Numpy Fundamentals,Python,Beginner,3.2,14
5377,PyTorch for Deep Learning,Computer Vision,Beginner,3.37,4
5378,Statistics for Data Science,Numpy,Beginner,3.37,8
5379,SQL for Data Science,Numpy,Intermediate,4.21,18
5380,Numpy Fundamentals,Deep Learning,Advanced,3.52,16
5381,Natural Language Processing,Computer Vision,Beginner,3.5,3
5382,Machine Learning Intro,PyTorch,Advanced,3.25,34
5383,Python Basics,Statistics,Intermediate,4.22,40
5384,Advanced Python,Data Visualization,Beginner,4.83,9
5385,Natural Language Processing,Computer Vision,Advanced,4.73,32
5386,Statistics for Data Science,Data Analysis,Beginner,4.14,18
5387,Neural Networks,Deep Learning,Intermediate,3.29,12
5388,SQL for Data Science,Statistics,Intermediate,4.36,23
5389,Machine Learning Intro,TensorFlow,Advanced,4.58,5
5390,PyTorch for Deep Learning,SQL,Advanced,4.43,26
5391,Deep Learning Fundamentals,Deep Learning,Beginner,3.54,25
5392,Natural Language Processing,Data Visualization,Advanced,3.44,32
5393,Statistics for Data Science,SQL,Intermediate,4.36,26
5394,Pandas for Data Analysis,Statistics,Advanced,4.52,32
5395,Pandas for Data Analysis,SQL,Beginner,4.14,6
5396,Data Visualization with Python,Python,Beginner,4.01,27
5397,PyTorch for Deep Learning,Numpy,Intermediate,3.31,40
5398,Statistics for Data Science,Machine Learning,Advanced,3.66,31
5399,Computer Vision Basics,Statistics,Advanced,3.97,4
5400,Computer Vision Basics,Linear Algebra,Intermediate,4.02,7
5401,PyTorch for Deep Learning,Data Visualization,Beginner,3.83,30
5402,SQL for Data Science,Linear Algebra,Intermediate,4.04,6
5403,SQL for Data Science,Pandas,Intermediate,3.24,9
5404,Python Basics,Statistics,Beginner,4.01,28
5405,Advanced Python,Data Analysis,Advanced,3.53,5
5406,Advanced Python,NLP,Advanced,4.48,33
5407,Advanced Python,PyTorch,Intermediate,3.91,34
5408,Deep Learning Fundamentals,Linear Algebra,Intermediate,3.83,8
5409,Statistics for Data Science,PyTorch,Advanced,4.68,39
5410,Natural Language Processing,TensorFlow,Beginner,3.02,2
5411,Data Visualization with Python,NLP,Beginner,4.36,20
5412,Deep Learning Fundamentals,Deep Learning,Advanced,3.66,22
5413,Advanced Python,NLP,Beginner,3.71,38
5414,PyTorch for Deep Learning,Statistics,Beginner,4.82,39
5415,Statistics for Data Science,Numpy,Beginner,4.99,36
5416,Python Basics,Statistics,Beginner,3.57,4
5417,Pandas for Data Analysis,Statistics,Advanced,4.75,10
5418,TensorFlow Crash Course,TensorFlow,Intermediate,3.12,18
5419,TensorFlow Crash Course,Deep Learning,Advanced,3.6,7
5420,Deep Learning Fundamentals,Python,Advanced,3.64,22
5421,TensorFlow Crash Course,Data Analysis,Advanced,3.61,38
5422,Statistics for Data Science,Data Visualization,Beginner,3.07,12
5423,Pandas for Data Analysis,Computer Vision,Beginner,3.99,33
5424,Neural Networks,Statistics,Intermediate,4.99,18
5425,Statistics for Data Science,Data Analysis,Beginner,4.41,37
5426,Natural Language Processing,Statistics,Intermediate,3.46,34
5427,Numpy Fundamentals,Machine Learning,Advanced,3.11,39
5428,Advanced Python,SQL,Beginner,3.06,31
5429,Computer Vision Basics,Data Analysis,Advanced,4.0,4
5430,Python Basics,Python,Advanced,3.0,31
5431,Statistics for Data Science,Deep Learning,Beginner,4.02,18
5432,Natural Language Processing,Linear Algebra,Beginner,3.65,36
5433,Numpy Fundamentals,Computer Vision,Advanced,3.28,32
5434,TensorFlow Crash Course,NLP,Beginner,4.59,2
5435,Computer Vision Basics,Linear Algebra,Intermediate,4.24,18
5436,TensorFlow Crash Course,Numpy,Intermediate,4.13,32
5437,Numpy Fundamentals,Numpy,Intermediate,3.32,10
5438,Pandas for Data Analysis,Python,Advanced,3.03,27
5439,Statistics for Data Science,Data Visualization,Advanced,3.85,18
5440,PyTorch for Deep Learning,Pandas,Advanced,3.67,24
5441,Data Visualization with Python,Numpy,Intermediate,4.52,26
5442,Pandas for Data Analysis,Linear Algebra,Intermediate,4.88,27
5443,Numpy Fundamentals,NLP,Beginner,4.43,36
5444,Numpy Fundamentals,Data Visualization,Beginner,4.97,35
5445,Numpy Fundamentals,SQL,Intermediate,3.57,3
5446,Computer Vision Basics,Linear Algebra,Advanced,4.79,19
5447,Pandas for Data Analysis,Data Visualization,Beginner,4.74,26
5448,Python Basics,Statistics,Advanced,4.86,18
5449,Statistics for Data Science,Machine Learning,Beginner,4.13,6
5450,Data Visualization with Python,Pandas,Beginner,4.11,33
5451,Pandas for Data Analysis,Linear Algebra,Beginner,4.36,2
5452,Numpy Fundamentals,Data Analysis,Intermediate,3.75,2
5453,Computer Vision Basics,Numpy,Beginner,4.43,27
5454,Statistics for Data Science,Statistics,Advanced,3.92,36
5455,Neural Networks,TensorFlow,Intermediate,3.2,23
5456,PyTorch for Deep Learning,Deep Learning,Beginner,3.19,11
5457,TensorFlow Crash Course,PyTorch,Advanced,3.3,2
5458,Neural Networks,Python,Intermediate,4.63,17
5459,Deep Learning Fundamentals,SQL,Beginner,4.54,36
5460,Numpy Fundamentals,Data Analysis,Advanced,3.28,37
5461,Computer Vision Basics,TensorFlow,Advanced,3.59,34
5462,Python Basics,Linear Algebra,Advanced,4.24,11
5463,Deep Learning Fundamentals,Data Visualization,Beginner,4.64,36
5464,Natural Language Processing,PyTorch,Intermediate,4.12,34
5465,Numpy Fundamentals,Machine Learning,Beginner,4.34,38
5466,Numpy Fundamentals,Linear Algebra,Advanced,5.0,5
5467,Computer Vision Basics,Linear Algebra,Beginner,3.11,19
5468,Natural Language Processing,Statistics,Beginner,4.87,10
5469,Computer Vision Basics,Numpy,Beginner,3.87,29
5470,Neural Networks,Numpy,Intermediate,4.23,34
5471,Computer Vision Basics,Numpy,Intermediate,4.83,29
5472,Pandas for Data Analysis,Data Visualization,Intermediate,3.46,29
5473,Natural Language Processing,PyTorch,Intermediate,4.23,18
5474,Numpy Fundamentals,Numpy,Advanced,3.81,38
5475,Numpy Fundamentals,Data Analysis,Beginner,3.43,23
5476,Computer Vision Basics,NLP,Intermediate,4.96,5
5477,Machine Learning Intro,Statistics,Intermediate,3.97,29
5478,Deep Learning Fundamentals,Data Visualization,Intermediate,4.48,21
5479,TensorFlow Crash Course,Data Analysis,Beginner,4.18,18
5480,Neural Networks,Computer Vision,Beginner,3.85,2
5481,Advanced Python,PyTorch,Advanced,4.82,8
5482,PyTorch for Deep Learning,Data Visualization,Beginner,4.33,8
5483,Pandas for Data Analysis,Deep Learning,Intermediate,3.36,18
5484,SQL for Data Science,Computer Vision,Intermediate,4.89,27
5485,Statistics for Data Science,Data Analysis,Intermediate,3.93,13
5486,Machine Learning Intro,Pandas,Intermediate,4.97,7
5487,PyTorch for Deep Learning,Deep Learning,Beginner,3.59,34
5488,Computer Vision Basics,Python,Beginner,4.56,26
5489,TensorFlow Crash Course,Deep Learning,Advanced,3.73,28
5490,TensorFlow Crash Course,TensorFlow,Intermediate,4.3,28
5491,Numpy Fundamentals,Computer Vision,Advanced,3.8,39
5492,Python Basics,Deep Learning,Advanced,3.42,21
5493,Deep Learning Fundamentals,Computer Vision,Intermediate,3.47,7
5494,Machine Learning Intro,Linear Algebra,Advanced,3.64,16
5495,Statistics for Data Science,Data Visualization,Beginner,4.37,24
5496,Neural Networks,Data Analysis,Beginner,3.53,25
5497,Numpy Fundamentals,Python,Advanced,4.99,37
5498,Machine Learning Intro,Python,Intermediate,3.16,23
5499,Data Visualization with Python,Machine Learning,Advanced,3.45,26
5500,SQL for Data Science,Data Visualization,Intermediate,4.5,21
5501,Python Basics,Statistics,Beginner,3.84,14
5502,Natural Language Processing,Pandas,Advanced,3.98,25
5503,Data Visualization with Python,Deep Learning,Intermediate,3.24,20
5504,Natural Language Processing,NLP,Advanced,4.53,15
5505,TensorFlow Crash Course,PyTorch,Advanced,3.95,6
5506,Neural Networks,Computer Vision,Intermediate,3.3,25
5507,TensorFlow Crash Course,Data Analysis,Advanced,4.16,30
5508,Statistics for Data Science,Statistics,Intermediate,4.91,2
5509,Pandas for Data Analysis,Linear Algebra,Beginner,3.41,12
5510,Computer Vision Basics,PyTorch,Intermediate,4.02,29
5511,TensorFlow Crash Course,Data Visualization,Beginner,3.64,14
5512,Python Basics,Numpy,Advanced,3.06,31
5513,Pandas for Data Analysis,Data Analysis,Advanced,4.4,18
5514,Pandas for Data Analysis,Numpy,Intermediate,3.02,18
5515,Natural Language Processing,PyTorch,Advanced,4.86,35
5516,Numpy Fundamentals,Numpy,Advanced,4.76,14
5517,Advanced Python,Computer Vision,Beginner,3.13,7
5518,Machine Learning Intro,TensorFlow,Beginner,4.04,33
5519,Numpy Fundamentals,Pandas,Beginner,3.94,4
5520,Python Basics,Deep Learning,Intermediate,4.93,30
5521,Natural Language Processing,Pandas,Beginner,3.05,20
5522,Computer Vision Basics,Statistics,Beginner,3.88,31
5523,Neural Networks,Numpy,Intermediate,4.67,12
5524,Machine Learning Intro,TensorFlow,Advanced,4.59,15
5525,Statistics for Data Science,PyTorch,Advanced,3.2,13
5526,Python Basics,Pandas,Beginner,4.16,19
5527,Advanced Python,Numpy,Advanced,3.68,31
5528,Neural Networks,SQL,Advanced,4.41,18
5529,Statistics for Data Science,Python,Intermediate,3.92,4
5530,Advanced Python,Numpy,Beginner,3.18,3
5531,Deep Learning Fundamentals,Statistics,Advanced,3.3,25
5532,Python Basics,Linear Algebra,Beginner,4.34,8
5533,Advanced Python,Numpy,Advanced,4.05,19
5534,Deep Learning Fundamentals,PyTorch,Intermediate,3.77,21
5535,SQL for Data Science,Data Visualization,Intermediate,4.87,12
5536,Machine Learning Intro,NLP,Advanced,3.42,39
5537,Data Visualization with Python,NLP,Advanced,3.03,4
5538,Natural Language Processing,NLP,Beginner,3.55,23
5539,Deep Learning Fundamentals,Data Analysis,Advanced,4.62,6
5540,Computer Vision Basics,PyTorch,Beginner,4.35,4
5541,PyTorch for Deep Learning,Python,Beginner,4.49,36
5542,PyTorch for Deep Learning,Python,Beginner,4.81,36
5543,Numpy Fundamentals,Machine Learning,Beginner,3.62,30
5544,Neural Networks,Statistics,Advanced,3.26,38
5545,Statistics for Data Science,PyTorch,Advanced,4.67,37
5546,Neural Networks,Machine Learning,Intermediate,4.49,17
5547,Numpy Fundamentals,PyTorch,Intermediate,3.18,16
5548,Numpy Fundamentals,Python,Intermediate,3.13,16
5549,Advanced Python,PyTorch,Beginner,4.77,39
5550,SQL for Data Science,Python,Beginner,4.34,27
5551,SQL for Data Science,Pandas,Advanced,3.17,38
5552,Neural Networks,Computer Vision,Advanced,3.86,31
5553,Advanced Python,TensorFlow,Advanced,4.5,9
5554,Neural Networks,TensorFlow,Intermediate,4.67,26
5555,Numpy Fundamentals,Numpy,Advanced,4.13,25
5556,SQL for Data Science,Linear Algebra,Intermediate,3.89,21
5557,Neural Networks,Statistics,Intermediate,3.11,19
5558,SQL for Data Science,Pandas,Beginner,3.92,12
5559,Advanced Python,Machine Learning,Beginner,4.25,11
5560,TensorFlow Crash Course,Data Analysis,Intermediate,3.63,18
5561,Data Visualization with Python,Numpy,Intermediate,3.36,39
5562,Advanced Python,Computer Vision,Beginner,3.04,36
5563,Machine Learning Intro,Machine Learning,Intermediate,4.13,19
5564,Numpy Fundamentals,Machine Learning,Intermediate,3.72,21
5565,Computer Vision Basics,SQL,Advanced,4.97,32
5566,Statistics for Data Science,Computer Vision,Advanced,4.36,21
5567,Deep Learning Fundamentals,Python,Beginner,3.52,22
5568,Advanced Python,Data Visualization,Intermediate,3.45,40
5569,Neural Networks,NLP,Beginner,4.08,40
5570,Advanced Python,NLP,Intermediate,3.42,22
5571,Neural Networks,Data Visualization,Intermediate,3.77,33
5572,Data Visualization with Python,Data Analysis,Intermediate,3.55,2
5573,Advanced Python,Deep Learning,Advanced,3.4,28
5574,Pandas for Data Analysis,Statistics,Beginner,4.21,13
5575,Natural Language Processing,Python,Advanced,3.5,5
5576,TensorFlow Crash Course,SQL,Beginner,4.07,24
5577,Neural Networks,Machine Learning,Beginner,4.12,10
5578,Python Basics,Data Visualization,Intermediate,3.96,37
5579,Data Visualization with Python,TensorFlow,Beginner,3.22,9
5580,Statistics for Data Science,NLP,Beginner,4.5,12
5581,Python Basics,Python,Beginner,4.45,8
5582,Computer Vision Basics,Pandas,Advanced,4.76,9
5583,Deep Learning Fundamentals,TensorFlow,Beginner,4.33,19
5584,Computer Vision Basics,Data Analysis,Intermediate,3.87,28
5585,PyTorch for Deep Learning,SQL,Beginner,3.7,11
5586,Data Visualization with Python,Machine Learning,Beginner,4.96,14
5587,Advanced Python,TensorFlow,Intermediate,4.7,29
5588,SQL for Data Science,Deep Learning,Advanced,3.98,29
5589,Numpy Fundamentals,TensorFlow,Advanced,4.99,2
5590,Numpy Fundamentals,Pandas,Intermediate,3.25,17
5591,Machine Learning Intro,Numpy,Beginner,4.15,15
5592,Natural Language Processing,Data Analysis,Beginner,3.11,30
5593,Neural Networks,Numpy,Advanced,4.26,23
5594,SQL for Data Science,Pandas,Advanced,4.86,26
5595,Neural Networks,Statistics,Advanced,4.17,27
5596,Computer Vision Basics,Linear Algebra,Intermediate,4.75,17
5597,Machine Learning Intro,Data Visualization,Intermediate,3.78,34
5598,Neural Networks,Data Analysis,Beginner,4.91,11
5599,Statistics for Data Science,TensorFlow,Advanced,3.86,39
5600,Machine Learning Intro,Data Analysis,Beginner,4.36,2
5601,Computer Vision Basics,Statistics,Intermediate,3.76,27
5602,Deep Learning Fundamentals,Computer Vision,Beginner,4.67,31
5603,Statistics for Data Science,Deep Learning,Intermediate,3.99,10
5604,Deep Learning Fundamentals,TensorFlow,Advanced,4.12,31
5605,SQL for Data Science,NLP,Advanced,3.8,34
5606,Pandas for Data Analysis,PyTorch,Beginner,4.08,27
5607,Python Basics,SQL,Intermediate,3.13,7
5608,Advanced Python,Data Analysis,Beginner,4.42,29
5609,Statistics for Data Science,Statistics,Intermediate,3.58,10
5610,Computer Vision Basics,NLP,Advanced,4.15,7
5611,Natural Language Processing,PyTorch,Beginner,3.53,32
5612,Computer Vision Basics,Deep Learning,Beginner,3.1,14
5613,Advanced Python,PyTorch,Intermediate,4.59,40
5614,TensorFlow Crash Course,Computer Vision,Intermediate,4.69,34
5615,Neural Networks,Linear Algebra,Beginner,3.67,13
5616,SQL for Data Science,NLP,Beginner,4.96,36
5617,Deep Learning Fundamentals,Computer Vision,Beginner,3.72,27
5618,Neural Networks,SQL,Intermediate,3.53,34
5619,Numpy Fundamentals,Python,Intermediate,3.1,38
5620,Statistics for Data Science,Numpy,Advanced,4.29,9
5621,Statistics for Data Science,Linear Algebra,Beginner,4.31,39
5622,PyTorch for Deep Learning,Statistics,Beginner,4.98,39
5623,TensorFlow Crash Course,Data Visualization,Intermediate,3.38,32
5624,TensorFlow Crash Course,Deep Learning,Intermediate,4.93,37
5625,Data Visualization with Python,Data Visualization,Advanced,3.62,6
5626,Natural Language Processing,TensorFlow,Advanced,4.96,5
5627,Advanced Python,Data Visualization,Advanced,3.75,5
5628,Natural Language Processing,Python,Advanced,4.79,37
5629,Data Visualization with Python,PyTorch,Intermediate,3.95,29
5630,Deep Learning Fundamentals,SQL,Intermediate,4.98,25
5631,PyTorch for Deep Learning,Statistics,Advanced,3.48,14
5632,Machine Learning Intro,TensorFlow,Beginner,4.33,8
5633,Pandas for Data Analysis,Deep Learning,Beginner,4.54,18
5634,Data Visualization with Python,Data Analysis,Intermediate,4.38,2
5635,Python Basics,Data Analysis,Beginner,3.17,8
5636,TensorFlow Crash Course,TensorFlow,Beginner,3.59,3
5637,TensorFlow Crash Course,Data Analysis,Advanced,4.15,9
5638,PyTorch for Deep Learning,PyTorch,Intermediate,4.37,12
5639,Natural Language Processing,Linear Algebra,Intermediate,4.48,36
5640,Pandas for Data Analysis,Python,Intermediate,4.65,19
5641,Numpy Fundamentals,Statistics,Advanced,4.54,3
5642,Advanced Python,Data Visualization,Advanced,4.43,29
5643,Machine Learning Intro,Linear Algebra,Intermediate,4.31,3
5644,Numpy Fundamentals,Computer Vision,Advanced,3.64,24
5645,Computer Vision Basics,Machine Learning,Beginner,4.5,40
5646,Computer Vision Basics,NLP,Advanced,4.59,37
5647,SQL for Data Science,Pandas,Beginner,3.36,28
5648,Numpy Fundamentals,TensorFlow,Advanced,3.5,7
5649,Python Basics,PyTorch,Intermediate,3.67,38
5650,Machine Learning Intro,Machine Learning,Beginner,4.23,28
5651,Machine Learning Intro,SQL,Beginner,4.3,36
5652,Pandas for Data Analysis,Python,Beginner,3.93,15
5653,Natural Language Processing,Deep Learning,Intermediate,3.68,13
5654,Machine Learning Intro,Numpy,Intermediate,4.11,28
5655,Pandas for Data Analysis,TensorFlow,Beginner,4.71,9
5656,Advanced Python,PyTorch,Beginner,3.1,3
5657,Natural Language Processing,NLP,Beginner,3.42,6
5658,SQL for Data Science,Pandas,Intermediate,3.49,36
5659,Numpy Fundamentals,PyTorch,Advanced,3.06,21
5660,Data Visualization with Python,Pandas,Beginner,3.32,17
5661,Natural Language Processing,Statistics,Intermediate,3.84,31
5662,Machine Learning Intro,PyTorch,Beginner,3.29,36
5663,Deep Learning Fundamentals,Python,Advanced,4.21,15
5664,Computer Vision Basics,Statistics,Intermediate,3.84,32
5665,Data Visualization with Python,NLP,Intermediate,4.45,32
5666,Numpy Fundamentals,Deep Learning,Beginner,3.16,38
5667,Statistics for Data Science,TensorFlow,Intermediate,3.94,9
5668,PyTorch for Deep Learning,Pandas,Advanced,4.02,19
5669,Data Visualization with Python,TensorFlow,Advanced,4.02,32
5670,Python Basics,Pandas,Advanced,4.26,40
5671,Machine Learning Intro,TensorFlow,Intermediate,4.53,26
5672,Python Basics,Pandas,Advanced,4.69,34
5673,Natural Language Processing,SQL,Intermediate,4.03,5
5674,Statistics for Data Science,Data Visualization,Intermediate,3.46,20
5675,Statistics for Data Science,PyTorch,Beginner,3.77,29
5676,Advanced Python,NLP,Beginner,4.07,11
5677,Deep Learning Fundamentals,Machine Learning,Advanced,4.66,22
5678,PyTorch for Deep Learning,Data Analysis,Beginner,4.79,18
5679,Advanced Python,Deep Learning,Intermediate,4.41,26
5680,Neural Networks,Pandas,Advanced,3.69,5
5681,Pandas for Data Analysis,TensorFlow,Advanced,3.04,34
5682,Statistics for Data Science,Computer Vision,Intermediate,4.7,6
5683,Statistics for Data Science,SQL,Beginner,4.83,7
5684,Python Basics,Data Visualization,Beginner,4.35,14
5685,Statistics for Data Science,Linear Algebra,Beginner,3.31,16
5686,SQL for Data Science,TensorFlow,Intermediate,3.07,2
5687,Deep Learning Fundamentals,NLP,Beginner,4.46,23
5688,TensorFlow Crash Course,Statistics,Intermediate,4.17,11
5689,Advanced Python,Statistics,Advanced,4.11,6
5690,SQL for Data Science,SQL,Intermediate,3.81,27
5691,Statistics for Data Science,PyTorch,Advanced,3.13,7
5692,Data Visualization with Python,Python,Beginner,4.64,29
5693,Machine Learning Intro,Machine Learning,Intermediate,4.2,2
5694,Natural Language Processing,Linear Algebra,Intermediate,4.15,22
5695,Advanced Python,Data Analysis,Beginner,4.31,31
5696,Computer Vision Basics,Numpy,Intermediate,4.08,6
5697,Numpy Fundamentals,Data Visualization,Beginner,3.02,10
5698,Data Visualization with Python,Data Visualization,Advanced,4.75,37
5699,Data Visualization with Python,Pandas,Intermediate,4.75,26
5700,Deep Learning Fundamentals,SQL,Beginner,3.09,34
5701,Machine Learning Intro,Computer Vision,Intermediate,4.34,12
5702,Python Basics,PyTorch,Advanced,4.15,33
5703,Computer Vision Basics,NLP,Beginner,3.99,5
5704,Python Basics,Data Analysis,Beginner,4.39,25
5705,Python Basics,Data Visualization,Advanced,4.73,6
5706,Natural Language Processing,Machine Learning,Advanced,4.59,23
5707,Numpy Fundamentals,Linear Algebra,Advanced,3.3,3
5708,Advanced Python,Deep Learning,Beginner,3.85,33
5709,Neural Networks,Data Analysis,Intermediate,3.12,3
5710,Data Visualization with Python,Data Analysis,Beginner,3.06,24
5711,Advanced Python,Numpy,Intermediate,3.52,9
5712,Pandas for Data Analysis,Computer Vision,Beginner,4.82,15
5713,PyTorch for Deep Learning,Python,Advanced,3.29,37
5714,Numpy Fundamentals,Machine Learning,Intermediate,3.93,15
5715,Natural Language Processing,TensorFlow,Advanced,3.18,29
5716,Natural Language Processing,Statistics,Beginner,3.5,18
5717,Natural Language Processing,Pandas,Advanced,4.18,13
5718,Computer Vision Basics,Pandas,Intermediate,4.53,5
5719,Neural Networks,SQL,Beginner,3.55,33
5720,SQL for Data Science,Deep Learning,Intermediate,4.41,35
5721,Data Visualization with Python,Python,Beginner,4.25,22
5722,Data Visualization with Python,NLP,Intermediate,4.43,37
5723,Deep Learning Fundamentals,Data Analysis,Advanced,4.22,13
5724,Data Visualization with Python,Machine Learning,Advanced,4.41,39
5725,Neural Networks,SQL,Advanced,4.64,17
5726,Statistics for Data Science,TensorFlow,Beginner,3.52,21
5727,Neural Networks,PyTorch,Intermediate,3.95,20
5728,Pandas for Data Analysis,TensorFlow,Beginner,3.66,31
5729,Pandas for Data Analysis,Statistics,Advanced,3.77,19
5730,Natural Language Processing,SQL,Advanced,3.3,20
5731,Advanced Python,Data Analysis,Beginner,4.48,7
5732,Data Visualization with Python,Statistics,Beginner,3.11,28
5733,Numpy Fundamentals,SQL,Intermediate,4.77,14
5734,Natural Language Processing,Data Visualization,Intermediate,3.37,24
5735,Data Visualization with Python,Data Visualization,Intermediate,3.02,33
5736,TensorFlow Crash Course,SQL,Advanced,3.76,28
5737,Machine Learning Intro,Linear Algebra,Advanced,3.06,10
5738,Machine Learning Intro,PyTorch,Advanced,3.92,19
5739,TensorFlow Crash Course,NLP,Beginner,4.72,4
5740,PyTorch for Deep Learning,Data Analysis,Beginner,4.64,2
5741,TensorFlow Crash Course,Python,Beginner,4.62,37
5742,Python Basics,Statistics,Intermediate,4.42,26
5743,SQL for Data Science,Data Analysis,Beginner,3.77,25
5744,PyTorch for Deep Learning,Data Visualization,Intermediate,4.02,14
5745,Neural Networks,Data Analysis,Intermediate,3.86,18
5746,Python Basics,Python,Beginner,4.49,6
5747,Pandas for Data Analysis,Machine Learning,Beginner,4.79,16
5748,Neural Networks,Deep Learning,Beginner,3.51,38
5749,Data Visualization with Python,Statistics,Advanced,3.5,27
5750,TensorFlow Crash Course,Computer Vision,Intermediate,4.68,8
5751,Neural Networks,Numpy,Beginner,3.61,17
5752,Neural Networks,Linear Algebra,Advanced,3.19,11
5753,PyTorch for Deep Learning,Numpy,Advanced,3.45,29
5754,Neural Networks,PyTorch,Beginner,4.25,13
5755,Natural Language Processing,Python,Intermediate,4.72,27
5756,Data Visualization with Python,NLP,Beginner,4.28,22
5757,Data Visualization with Python,Pandas,Advanced,3.94,30
5758,Advanced Python,Pandas,Advanced,3.75,15
5759,Neural Networks,Statistics,Beginner,4.24,23
5760,Advanced Python,Machine Learning,Beginner,3.09,12
5761,PyTorch for Deep Learning,Computer Vision,Beginner,3.87,39
5762,PyTorch for Deep Learning,SQL,Intermediate,4.13,20
5763,TensorFlow Crash Course,SQL,Intermediate,4.76,19
5764,PyTorch for Deep Learning,Pandas,Advanced,3.95,4
5765,TensorFlow Crash Course,Machine Learning,Intermediate,4.21,11
5766,Pandas for Data Analysis,Statistics,Intermediate,4.28,14
5767,Deep Learning Fundamentals,Linear Algebra,Beginner,4.32,23
5768,TensorFlow Crash Course,Data Visualization,Advanced,3.17,34
5769,TensorFlow Crash Course,TensorFlow,Beginner,4.74,40
5770,Python Basics,Pandas,Intermediate,4.4,14
5771,Data Visualization with Python,Data Analysis,Advanced,4.52,11
5772,Advanced Python,Computer Vision,Beginner,4.77,3
5773,Computer Vision Basics,Data Analysis,Beginner,3.96,2
5774,Advanced Python,Machine Learning,Beginner,3.53,29
5775,Advanced Python,NLP,Beginner,3.79,21
5776,Natural Language Processing,SQL,Beginner,4.75,2
5777,Pandas for Data Analysis,Deep Learning,Beginner,4.2,12
5778,Data Visualization with Python,SQL,Advanced,3.96,39
5779,Deep Learning Fundamentals,Data Analysis,Intermediate,4.68,22
5780,Advanced Python,Data Visualization,Intermediate,3.93,25
5781,Statistics for Data Science,Linear Algebra,Intermediate,4.95,19
5782,Numpy Fundamentals,Numpy,Beginner,4.0,37
5783,Machine Learning Intro,SQL,Beginner,3.68,27
5784,SQL for Data Science,Computer Vision,Intermediate,3.12,34
5785,PyTorch for Deep Learning,Data Analysis,Advanced,4.79,36
5786,Deep Learning Fundamentals,NLP,Intermediate,3.63,5
5787,Advanced Python,Pandas,Beginner,4.91,36
5788,SQL for Data Science,NLP,Beginner,4.48,5
5789,PyTorch for Deep Learning,Machine Learning,Beginner,4.14,11
5790,Pandas for Data Analysis,PyTorch,Advanced,4.83,19
5791,Python Basics,Machine Learning,Intermediate,3.15,23
5792,SQL for Data Science,Python,Beginner,3.41,7
5793,Machine Learning Intro,Data Analysis,Intermediate,3.58,31
5794,Advanced Python,Statistics,Beginner,3.07,20
5795,Computer Vision Basics,Computer Vision,Intermediate,3.43,7
5796,Advanced Python,Linear Algebra,Beginner,4.53,23
5797,SQL for Data Science,SQL,Intermediate,4.99,37
5798,Python Basics,PyTorch,Advanced,4.13,12
5799,Machine Learning Intro,NLP,Advanced,3.01,34
5800,Pandas for Data Analysis,Deep Learning,Beginner,4.09,4
5801,TensorFlow Crash Course,Linear Algebra,Beginner,3.44,33
5802,PyTorch for Deep Learning,Python,Advanced,3.43,17
5803,Natural Language Processing,Numpy,Intermediate,3.31,12
5804,PyTorch for Deep Learning,Statistics,Beginner,4.75,34
5805,Numpy Fundamentals,Data Analysis,Advanced,3.74,29
5806,Pandas for Data Analysis,Deep Learning,Advanced,3.37,12
5807,Computer Vision Basics,Numpy,Beginner,4.77,22
5808,Statistics for Data Science,Linear Algebra,Intermediate,3.56,8
5809,Deep Learning Fundamentals,Data Analysis,Intermediate,3.47,9
5810,Numpy Fundamentals,Computer Vision,Advanced,4.64,24
5811,Computer Vision Basics,NLP,Beginner,3.78,27
5812,Deep Learning Fundamentals,Deep Learning,Advanced,3.79,21
5813,Numpy Fundamentals,Deep Learning,Intermediate,4.58,33
5814,Neural Networks,NLP,Beginner,3.93,29
5815,Computer Vision Basics,Data Visualization,Advanced,4.03,5
5816,Data Visualization with Python,Data Visualization,Intermediate,4.64,24
5817,SQL for Data Science,TensorFlow,Beginner,3.96,9
5818,Advanced Python,Data Analysis,Beginner,3.55,12
5819,Neural Networks,NLP,Intermediate,3.64,16
5820,PyTorch for Deep Learning,SQL,Intermediate,4.18,34
5821,Statistics for Data Science,Pandas,Intermediate,3.95,18
5822,Numpy Fundamentals,TensorFlow,Beginner,3.63,26
5823,Python Basics,Machine Learning,Advanced,3.72,23
5824,Neural Networks,Data Analysis,Intermediate,3.16,17
5825,Deep Learning Fundamentals,Numpy,Intermediate,4.9,5
5826,Pandas for Data Analysis,Pandas,Advanced,4.62,36
5827,Deep Learning Fundamentals,Deep Learning,Beginner,3.4,25
5828,Python Basics,Numpy,Beginner,4.43,12
5829,Advanced Python,Statistics,Beginner,4.24,17
5830,Pandas for Data Analysis,Machine Learning,Advanced,3.6,29
5831,TensorFlow Crash Course,Statistics,Advanced,3.55,2
5832,Advanced Python,NLP,Advanced,3.7,12
5833,TensorFlow Crash Course,Pandas,Beginner,4.36,17
5834,TensorFlow Crash Course,Data Visualization,Intermediate,4.27,24
5835,Machine Learning Intro,Data Visualization,Beginner,4.92,36
5836,Deep Learning Fundamentals,SQL,Advanced,3.53,9
5837,TensorFlow Crash Course,Linear Algebra,Beginner,4.21,34
5838,Statistics for Data Science,Statistics,Beginner,4.07,31
5839,Neural Networks,Computer Vision,Advanced,3.43,10
5840,Advanced Python,NLP,Advanced,3.21,25
5841,Neural Networks,Python,Advanced,4.8,6
5842,Numpy Fundamentals,PyTorch,Intermediate,3.54,24
5843,Neural Networks,TensorFlow,Advanced,3.18,10
5844,Advanced Python,Data Analysis,Beginner,3.87,32
5845,TensorFlow Crash Course,Deep Learning,Advanced,4.19,25
5846,Statistics for Data Science,NLP,Intermediate,4.07,2
5847,Machine Learning Intro,Deep Learning,Beginner,3.03,13
5848,Neural Networks,PyTorch,Advanced,4.29,9
5849,Numpy Fundamentals,Data Visualization,Advanced,3.52,6
5850,Advanced Python,Statistics,Beginner,4.98,15
5851,Pandas for Data Analysis,Numpy,Advanced,4.9,21
5852,Machine Learning Intro,Data Analysis,Intermediate,4.84,37
5853,PyTorch for Deep Learning,Statistics,Advanced,3.41,5
5854,Deep Learning Fundamentals,Data Analysis,Beginner,3.72,30
5855,Advanced Python,SQL,Advanced,3.75,12
5856,Statistics for Data Science,TensorFlow,Beginner,3.39,31
5857,Advanced Python,Statistics,Beginner,3.99,33
5858,PyTorch for Deep Learning,Numpy,Intermediate,3.4,17
5859,Advanced Python,TensorFlow,Advanced,4.16,10
5860,TensorFlow Crash Course,PyTorch,Intermediate,4.23,27
5861,Advanced Python,Data Visualization,Advanced,3.72,37
5862,Deep Learning Fundamentals,Statistics,Advanced,4.47,30
5863,Machine Learning Intro,Deep Learning,Advanced,3.54,11
5864,Numpy Fundamentals,SQL,Beginner,4.29,15
5865,Advanced Python,Machine Learning,Intermediate,3.67,38
5866,Statistics for Data Science,Machine Learning,Beginner,4.23,16
5867,Deep Learning Fundamentals,Linear Algebra,Advanced,4.32,20
5868,Computer Vision Basics,Data Visualization,Beginner,4.37,9
5869,Statistics for Data Science,SQL,Advanced,3.76,39
5870,Numpy Fundamentals,Deep Learning,Beginner,3.71,2
5871,Advanced Python,Python,Intermediate,3.95,21
5872,Statistics for Data Science,Deep Learning,Advanced,4.47,25
5873,Machine Learning Intro,Pandas,Beginner,4.13,14
5874,Natural Language Processing,PyTorch,Advanced,3.47,34
5875,Numpy Fundamentals,Deep Learning,Advanced,3.19,38
5876,Computer Vision Basics,Deep Learning,Advanced,3.15,28
5877,PyTorch for Deep Learning,Machine Learning,Intermediate,3.91,19
5878,Data Visualization with Python,Numpy,Intermediate,4.76,17
5879,Advanced Python,Python,Advanced,4.61,18
5880,TensorFlow Crash Course,Numpy,Beginner,4.95,2
5881,Pandas for Data Analysis,Computer Vision,Advanced,3.66,34
5882,Advanced Python,Linear Algebra,Beginner,4.61,40
5883,Python Basics,Linear Algebra,Advanced,4.8,10
5884,Data Visualization with Python,Machine Learning,Advanced,3.55,24
5885,PyTorch for Deep Learning,Python,Intermediate,4.0,2
5886,Deep Learning Fundamentals,NLP,Advanced,3.57,4
5887,Pandas for Data Analysis,Data Visualization,Beginner,3.03,3
5888,Pandas for Data Analysis,Computer Vision,Advanced,4.84,22
5889,Pandas for Data Analysis,Computer Vision,Advanced,3.94,40
5890,SQL for Data Science,Data Analysis,Advanced,3.5,26
5891,Machine Learning Intro,Python,Beginner,4.01,9
5892,Natural Language Processing,Numpy,Advanced,4.57,16
5893,Data Visualization with Python,Pandas,Beginner,4.62,34
5894,Neural Networks,Numpy,Beginner,4.2,24
5895,Deep Learning Fundamentals,TensorFlow,Intermediate,4.7,5
5896,Computer Vision Basics,Deep Learning,Intermediate,4.83,11
5897,Statistics for Data Science,Deep Learning,Beginner,3.38,36
5898,Deep Learning Fundamentals,Linear Algebra,Intermediate,4.1,8
5899,Data Visualization with Python,Statistics,Intermediate,3.24,18
5900,Statistics for Data Science,Computer Vision,Beginner,4.14,35
5901,Numpy Fundamentals,Numpy,Beginner,4.04,15
5902,Neural Networks,Machine Learning,Intermediate,3.7,26
5903,Natural Language Processing,TensorFlow,Intermediate,3.64,6
5904,SQL for Data Science,Data Analysis,Intermediate,3.15,10
5905,Advanced Python,Machine Learning,Intermediate,4.16,3
5906,TensorFlow Crash Course,PyTorch,Beginner,4.91,19
5907,Numpy Fundamentals,Deep Learning,Beginner,3.63,33
5908,SQL for Data Science,Numpy,Intermediate,3.19,4
5909,Python Basics,NLP,Beginner,3.84,20
5910,Data Visualization with Python,SQL,Beginner,3.38,15
5911,Python Basics,Computer Vision,Beginner,3.56,9
5912,Data Visualization with Python,TensorFlow,Advanced,4.99,34
5913,Advanced Python,Numpy,Beginner,4.97,6
5914,Numpy Fundamentals,Data Analysis,Advanced,3.42,40
5915,Computer Vision Basics,Machine Learning,Intermediate,3.02,2
5916,Advanced Python,PyTorch,Beginner,4.4,23
5917,TensorFlow Crash Course,Pandas,Intermediate,4.43,35
5918,Statistics for Data Science,Deep Learning,Beginner,4.39,22
5919,Python Basics,Computer Vision,Advanced,4.16,6
5920,SQL for Data Science,Data Analysis,Intermediate,3.95,23
5921,Numpy Fundamentals,Deep Learning,Advanced,3.42,32
5922,Machine Learning Intro,Linear Algebra,Advanced,4.12,32
5923,Pandas for Data Analysis,Data Visualization,Beginner,4.51,15
5924,Python Basics,Numpy,Intermediate,3.5,35
5925,Pandas for Data Analysis,Data Visualization,Advanced,3.06,16
5926,Advanced Python,Data Analysis,Advanced,4.46,10
5927,PyTorch for Deep Learning,Data Visualization,Beginner,3.47,40
5928,Computer Vision Basics,Linear Algebra,Beginner,3.52,37
5929,Numpy Fundamentals,Data Analysis,Beginner,3.7,20
5930,Pandas for Data Analysis,PyTorch,Intermediate,4.62,31
5931,Python Basics,NLP,Advanced,4.41,32
5932,Python Basics,PyTorch,Advanced,4.02,13
5933,Numpy Fundamentals,Data Visualization,Intermediate,3.2,28
5934,Computer Vision Basics,Deep Learning,Intermediate,4.88,17
5935,Python Basics,TensorFlow,Advanced,4.05,13
5936,PyTorch for Deep Learning,Machine Learning,Intermediate,3.66,19
5937,Statistics for Data Science,SQL,Advanced,3.12,16
5938,Data Visualization with Python,Pandas,Advanced,4.22,39
5939,Pandas for Data Analysis,Linear Algebra,Intermediate,4.3,3
5940,TensorFlow Crash Course,Pandas,Intermediate,3.6,4
5941,TensorFlow Crash Course,PyTorch,Advanced,4.68,35
5942,Natural Language Processing,Data Visualization,Intermediate,3.52,15
5943,PyTorch for Deep Learning,Python,Advanced,4.51,19
5944,Natural Language Processing,SQL,Beginner,3.76,27
5945,TensorFlow Crash Course,Python,Beginner,3.17,4
5946,Data Visualization with Python,Python,Beginner,3.88,6
5947,Computer Vision Basics,NLP,Advanced,3.46,12
5948,PyTorch for Deep Learning,Computer Vision,Intermediate,3.58,10
5949,Advanced Python,Linear Algebra,Intermediate,3.34,20
5950,Python Basics,Python,Intermediate,4.5,38
5951,Computer Vision Basics,TensorFlow,Beginner,3.36,15
5952,Machine Learning Intro,PyTorch,Advanced,3.19,8
5953,Machine Learning Intro,Pandas,Advanced,4.68,33
5954,Computer Vision Basics,NLP,Beginner,4.04,34
5955,Advanced Python,Python,Intermediate,4.96,31
5956,Pandas for Data Analysis,Linear Algebra,Beginner,3.99,36
5957,Deep Learning Fundamentals,TensorFlow,Advanced,4.7,11
5958,PyTorch for Deep Learning,Deep Learning,Intermediate,3.37,24
5959,Computer Vision Basics,Numpy,Intermediate,3.75,40
5960,Deep Learning Fundamentals,Python,Beginner,3.12,14
5961,PyTorch for Deep Learning,Machine Learning,Beginner,4.95,12
5962,TensorFlow Crash Course,TensorFlow,Intermediate,3.35,7
5963,Python Basics,TensorFlow,Advanced,3.79,9
5964,Deep Learning Fundamentals,TensorFlow,Intermediate,3.75,14
5965,Neural Networks,Machine Learning,Beginner,3.65,17
5966,Computer Vision Basics,SQL,Intermediate,3.46,17
5967,Deep Learning Fundamentals,Deep Learning,Intermediate,4.58,40
5968,Machine Learning Intro,NLP,Intermediate,3.49,35
5969,SQL for Data Science,Machine Learning,Intermediate,4.45,4
5970,Deep Learning Fundamentals,Data Visualization,Beginner,3.7,28
5971,Python Basics,NLP,Advanced,4.63,10
5972,Statistics for Data Science,Python,Beginner,4.62,16
5973,Machine Learning Intro,Statistics,Beginner,4.16,18
5974,Advanced Python,TensorFlow,Intermediate,3.11,28
5975,TensorFlow Crash Course,Numpy,Advanced,4.29,21
5976,Statistics for Data Science,SQL,Intermediate,3.37,30
5977,Numpy Fundamentals,Pandas,Beginner,4.66,4
5978,Machine Learning Intro,Pandas,Intermediate,4.22,20
5979,Pandas for Data Analysis,Numpy,Advanced,4.84,35
5980,Numpy Fundamentals,Statistics,Intermediate,3.73,18
5981,Data Visualization with Python,NLP,Intermediate,3.96,28
5982,TensorFlow Crash Course,Linear Algebra,Advanced,3.57,40
5983,Natural Language Processing,Numpy,Beginner,4.82,31
5984,Computer Vision Basics,Data Analysis,Advanced,4.73,6
5985,Deep Learning Fundamentals,PyTorch,Intermediate,4.4,26
5986,Machine Learning Intro,Deep Learning,Advanced,4.57,36
5987,Machine Learning Intro,Deep Learning,Intermediate,3.74,35
5988,Python Basics,Data Visualization,Intermediate,4.51,18
5989,Deep Learning Fundamentals,Pandas,Intermediate,4.61,2
5990,TensorFlow Crash Course,Pandas,Beginner,4.66,2
5991,Numpy Fundamentals,SQL,Beginner,4.31,40
5992,Computer Vision Basics,Statistics,Beginner,3.68,34
5993,TensorFlow Crash Course,Machine Learning,Beginner,3.36,37
5994,Numpy Fundamentals,Deep Learning,Advanced,3.79,4
5995,Deep Learning Fundamentals,TensorFlow,Advanced,3.13,3
5996,Computer Vision Basics,NLP,Beginner,4.29,16
5997,Computer Vision Basics,SQL,Beginner,3.01,24
5998,Statistics for Data Science,Pandas,Advanced,3.41,27
5999,Advanced Python,Linear Algebra,Intermediate,4.29,31
6000,Machine Learning Intro,Computer Vision,Advanced,3.47,9
6001,PyTorch for Deep Learning,Deep Learning,Intermediate,3.13,38
6002,SQL for Data Science,TensorFlow,Beginner,4.13,38
6003,Statistics for Data Science,Python,Advanced,3.48,20
6004,Neural Networks,PyTorch,Intermediate,3.83,14
6005,Computer Vision Basics,Python,Beginner,4.55,31
6006,TensorFlow Crash Course,Machine Learning,Beginner,4.54,33
6007,SQL for Data Science,Statistics,Advanced,4.81,37
6008,Natural Language Processing,Statistics,Intermediate,3.22,35
6009,Advanced Python,Computer Vision,Intermediate,3.99,21
6010,Statistics for Data Science,Machine Learning,Advanced,3.8,40
6011,Advanced Python,PyTorch,Advanced,4.8,40
6012,Data Visualization with Python,Machine Learning,Advanced,3.99,33
6013,Advanced Python,Statistics,Advanced,4.14,12
6014,Advanced Python,PyTorch,Beginner,4.24,20
6015,Computer Vision Basics,Statistics,Intermediate,3.46,12
6016,Deep Learning Fundamentals,Machine Learning,Advanced,3.66,31
6017,Natural Language Processing,Deep Learning,Advanced,3.12,11
6018,SQL for Data Science,NLP,Advanced,3.78,2
6019,Deep Learning Fundamentals,PyTorch,Beginner,4.88,17
6020,Deep Learning Fundamentals,Pandas,Beginner,3.88,26
6021,TensorFlow Crash Course,NLP,Intermediate,4.78,12
6022,Python Basics,TensorFlow,Beginner,3.67,6
6023,Natural Language Processing,Data Visualization,Beginner,4.33,25
6024,PyTorch for Deep Learning,Data Analysis,Intermediate,3.62,24
6025,Natural Language Processing,Python,Beginner,4.49,30
6026,Deep Learning Fundamentals,TensorFlow,Advanced,4.27,21
6027,Pandas for Data Analysis,Pandas,Intermediate,3.71,23
6028,SQL for Data Science,Deep Learning,Intermediate,3.81,18
6029,Data Visualization with Python,Data Visualization,Advanced,3.57,14
6030,Statistics for Data Science,Python,Intermediate,4.55,8
6031,Statistics for Data Science,Computer Vision,Advanced,3.37,3
6032,Computer Vision Basics,Numpy,Beginner,3.98,18
6033,TensorFlow Crash Course,Machine Learning,Beginner,4.32,4
6034,Python Basics,Pandas,Advanced,4.46,27
6035,Machine Learning Intro,Computer Vision,Advanced,3.13,40
6036,Python Basics,Statistics,Advanced,4.4,25
6037,Data Visualization with Python,Linear Algebra,Intermediate,4.72,29
6038,SQL for Data Science,Python,Advanced,3.19,19
6039,Deep Learning Fundamentals,Python,Beginner,3.27,8
6040,Computer Vision Basics,Statistics,Beginner,4.58,14
6041,Advanced Python,Deep Learning,Advanced,3.89,26
6042,TensorFlow Crash Course,Pandas,Intermediate,3.01,7
6043,Deep Learning Fundamentals,NLP,Advanced,4.05,18
6044,Machine Learning Intro,Computer Vision,Intermediate,3.11,13
6045,TensorFlow Crash Course,Numpy,Intermediate,4.26,26
6046,Computer Vision Basics,NLP,Beginner,4.95,39
6047,Python Basics,Data Visualization,Intermediate,3.88,19
6048,Statistics for Data Science,Data Visualization,Beginner,3.37,13
6049,Computer Vision Basics,SQL,Intermediate,3.91,2
6050,Deep Learning Fundamentals,Deep Learning,Beginner,4.49,4
6051,Statistics for Data Science,Pandas,Advanced,4.26,27
6052,Deep Learning Fundamentals,PyTorch,Intermediate,4.62,5
6053,SQL for Data Science,NLP,Intermediate,3.23,25
6054,Numpy Fundamentals,Computer Vision,Advanced,3.27,4
6055,Statistics for Data Science,PyTorch,Advanced,4.58,39
6056,PyTorch for Deep Learning,Deep Learning,Intermediate,4.78,5
6057,Advanced Python,TensorFlow,Beginner,3.17,10
6058,Data Visualization with Python,TensorFlow,Intermediate,4.99,25
6059,Advanced Python,Machine Learning,Intermediate,3.55,23
6060,Statistics for Data Science,Data Visualization,Advanced,3.32,18
6061,Neural Networks,Data Visualization,Beginner,3.86,28
6062,Neural Networks,Numpy,Intermediate,4.35,17
6063,Computer Vision Basics,Data Analysis,Advanced,4.09,7
6064,Natural Language Processing,PyTorch,Beginner,3.57,32
6065,TensorFlow Crash Course,Pandas,Intermediate,3.13,13
6066,Natural Language Processing,Pandas,Intermediate,4.93,12
6067,Statistics for Data Science,PyTorch,Advanced,3.19,8
6068,Numpy Fundamentals,PyTorch,Advanced,4.2,14
6069,Python Basics,Pandas,Beginner,3.17,27
6070,Computer Vision Basics,Statistics,Advanced,3.22,8
6071,Computer Vision Basics,SQL,Beginner,4.86,22
6072,Statistics for Data Science,SQL,Advanced,4.28,3
6073,Neural Networks,Computer Vision,Advanced,4.62,22
6074,Deep Learning Fundamentals,Deep Learning,Intermediate,3.79,23
6075,Advanced Python,Numpy,Advanced,4.79,35
6076,Deep Learning Fundamentals,Numpy,Beginner,4.38,5
6077,Machine Learning Intro,NLP,Beginner,3.59,9
6078,Numpy Fundamentals,Python,Advanced,3.65,30
6079,Data Visualization with Python,Python,Beginner,4.51,7
6080,Python Basics,Computer Vision,Advanced,3.99,28
6081,Statistics for Data Science,Data Visualization,Advanced,3.66,21
6082,Neural Networks,PyTorch,Intermediate,4.53,25
6083,Natural Language Processing,Numpy,Advanced,3.46,27
6084,Machine Learning Intro,NLP,Intermediate,4.78,10
6085,PyTorch for Deep Learning,Statistics,Intermediate,3.53,2
6086,Computer Vision Basics,TensorFlow,Advanced,4.83,25
6087,Advanced Python,Statistics,Advanced,3.96,4
6088,Computer Vision Basics,PyTorch,Intermediate,4.33,11
6089,Data Visualization with Python,Data Visualization,Advanced,4.79,18
6090,Neural Networks,Pandas,Beginner,4.26,28
6091,Advanced Python,Computer Vision,Advanced,4.48,25
6092,Data Visualization with Python,Machine Learning,Beginner,4.95,15
6093,Numpy Fundamentals,SQL,Beginner,4.32,16
6094,Machine Learning Intro,Machine Learning,Beginner,3.51,38
6095,Statistics for Data Science,Statistics,Advanced,3.37,8
6096,Natural Language Processing,Data Visualization,Intermediate,4.43,35
6097,Pandas for Data Analysis,Linear Algebra,Intermediate,4.05,27
6098,Data Visualization with Python,Computer Vision,Advanced,4.95,20
6099,TensorFlow Crash Course,Numpy,Intermediate,3.65,31
6100,Computer Vision Basics,Numpy,Beginner,3.05,25
6101,TensorFlow Crash Course,Data Analysis,Beginner,3.12,25
6102,Machine Learning Intro,Data Visualization,Advanced,3.79,37
6103,Machine Learning Intro,Linear Algebra,Advanced,4.93,8
6104,Computer Vision Basics,Data Visualization,Beginner,4.99,5
6105,Advanced Python,Machine Learning,Beginner,3.39,15
6106,Statistics for Data Science,Computer Vision,Intermediate,3.2,34
6107,Neural Networks,PyTorch,Intermediate,4.67,33
6108,Natural Language Processing,Linear Algebra,Intermediate,3.55,9
6109,SQL for Data Science,Statistics,Beginner,3.22,32
6110,Natural Language Processing,Statistics,Intermediate,3.21,21
6111,TensorFlow Crash Course,Numpy,Advanced,4.22,24
6112,SQL for Data Science,NLP,Intermediate,3.32,35
6113,Machine Learning Intro,Linear Algebra,Advanced,4.89,39
6114,Numpy Fundamentals,TensorFlow,Advanced,3.35,18
6115,Computer Vision Basics,Data Analysis,Advanced,4.96,9
6116,Python Basics,Linear Algebra,Intermediate,4.86,28
6117,Pandas for Data Analysis,Computer Vision,Beginner,3.83,16
6118,Data Visualization with Python,Numpy,Intermediate,3.58,3
6119,Deep Learning Fundamentals,Pandas,Advanced,3.63,26
6120,PyTorch for Deep Learning,TensorFlow,Intermediate,3.16,7
6121,PyTorch for Deep Learning,Statistics,Beginner,4.32,33
6122,Statistics for Data Science,Numpy,Intermediate,3.44,20
6123,Deep Learning Fundamentals,Data Analysis,Intermediate,3.73,9
6124,Deep Learning Fundamentals,TensorFlow,Advanced,4.34,17
6125,Neural Networks,Pandas,Intermediate,3.74,16
6126,Machine Learning Intro,Pandas,Beginner,4.52,29
6127,PyTorch for Deep Learning,Machine Learning,Beginner,4.2,5
6128,Numpy Fundamentals,Pandas,Intermediate,3.93,17
6129,TensorFlow Crash Course,Computer Vision,Advanced,3.66,10
6130,Python Basics,SQL,Intermediate,3.07,39
6131,Deep Learning Fundamentals,Pandas,Intermediate,4.55,11
6132,Machine Learning Intro,SQL,Advanced,4.68,19
6133,Python Basics,Numpy,Intermediate,3.3,28
6134,Natural Language Processing,PyTorch,Advanced,4.98,4
6135,Pandas for Data Analysis,NLP,Beginner,4.56,37
6136,Python Basics,Numpy,Advanced,3.88,30
6137,Natural Language Processing,PyTorch,Intermediate,3.59,8
6138,Natural Language Processing,Linear Algebra,Beginner,4.09,30
6139,Computer Vision Basics,SQL,Intermediate,3.35,24
6140,Natural Language Processing,Linear Algebra,Advanced,3.42,34
6141,Machine Learning Intro,Data Analysis,Intermediate,3.36,31
6142,Computer Vision Basics,Data Visualization,Intermediate,3.68,39
6143,Neural Networks,Machine Learning,Beginner,4.19,40
6144,PyTorch for Deep Learning,PyTorch,Beginner,4.81,19
6145,Deep Learning Fundamentals,Deep Learning,Intermediate,4.78,24
6146,SQL for Data Science,Numpy,Advanced,4.26,10
6147,Statistics for Data Science,Pandas,Beginner,3.01,33
6148,Computer Vision Basics,Numpy,Beginner,3.12,9
6149,Natural Language Processing,PyTorch,Advanced,4.73,14
6150,Neural Networks,NLP,Intermediate,3.06,35
6151,Natural Language Processing,Linear Algebra,Intermediate,3.22,28
6152,Pandas for Data Analysis,Data Visualization,Advanced,4.05,9
6153,Numpy Fundamentals,Numpy,Beginner,3.77,29
6154,Neural Networks,Linear Algebra,Beginner,3.22,30
6155,Pandas for Data Analysis,Computer Vision,Intermediate,3.59,7
6156,Data Visualization with Python,Data Visualization,Advanced,3.18,34
6157,Neural Networks,Statistics,Beginner,3.98,24
6158,SQL for Data Science,TensorFlow,Intermediate,3.53,39
6159,Data Visualization with Python,Data Visualization,Intermediate,4.95,25
6160,Machine Learning Intro,Deep Learning,Beginner,3.52,3
6161,Data Visualization with Python,Machine Learning,Advanced,3.18,36
6162,Deep Learning Fundamentals,Numpy,Beginner,4.28,28
6163,Deep Learning Fundamentals,Python,Beginner,3.33,19
6164,Natural Language Processing,Numpy,Beginner,3.14,16
6165,Data Visualization with Python,Computer Vision,Beginner,4.6,2
6166,Pandas for Data Analysis,Linear Algebra,Beginner,3.68,20
6167,Pandas for Data Analysis,SQL,Beginner,3.23,32
6168,Machine Learning Intro,PyTorch,Beginner,3.0,5
6169,TensorFlow Crash Course,Data Analysis,Advanced,4.19,34
6170,Computer Vision Basics,Numpy,Intermediate,4.87,4
6171,Neural Networks,Data Analysis,Advanced,3.69,17
6172,Computer Vision Basics,Statistics,Beginner,4.98,16
6173,SQL for Data Science,Pandas,Beginner,3.53,34
6174,PyTorch for Deep Learning,TensorFlow,Advanced,4.19,25
6175,Natural Language Processing,Pandas,Intermediate,4.81,37
6176,Natural Language Processing,Computer Vision,Intermediate,3.71,22
6177,Python Basics,Python,Beginner,4.81,7
6178,Data Visualization with Python,TensorFlow,Advanced,3.53,6
6179,SQL for Data Science,Linear Algebra,Advanced,3.31,6
6180,PyTorch for Deep Learning,Numpy,Advanced,4.14,19
6181,Natural Language Processing,Linear Algebra,Beginner,4.92,16
6182,Neural Networks,Deep Learning,Beginner,4.97,10
6183,PyTorch for Deep Learning,Computer Vision,Advanced,3.77,18
6184,Deep Learning Fundamentals,Python,Beginner,3.92,40
6185,PyTorch for Deep Learning,Machine Learning,Intermediate,4.49,33
6186,Neural Networks,Data Visualization,Beginner,3.01,5
6187,Computer Vision Basics,NLP,Intermediate,4.64,34
6188,TensorFlow Crash Course,PyTorch,Intermediate,4.2,3
6189,Statistics for Data Science,PyTorch,Beginner,3.33,27
6190,Statistics for Data Science,Machine Learning,Beginner,3.11,39
6191,Neural Networks,Data Analysis,Beginner,4.28,8
6192,Deep Learning Fundamentals,Python,Intermediate,3.95,28
6193,Numpy Fundamentals,PyTorch,Intermediate,3.79,16
6194,Deep Learning Fundamentals,Linear Algebra,Advanced,3.49,11
6195,Python Basics,Data Visualization,Intermediate,3.77,32
6196,SQL for Data Science,Statistics,Intermediate,3.06,16
6197,Pandas for Data Analysis,Deep Learning,Intermediate,4.59,37
6198,Computer Vision Basics,Data Visualization,Advanced,3.55,5
6199,Pandas for Data Analysis,Machine Learning,Beginner,3.91,32
6200,Python Basics,Python,Intermediate,3.57,21
6201,Advanced Python,Machine Learning,Intermediate,4.6,9
6202,Data Visualization with Python,Computer Vision,Beginner,4.6,35
6203,TensorFlow Crash Course,Numpy,Advanced,4.27,13
6204,Statistics for Data Science,Linear Algebra,Advanced,4.98,10
6205,Data Visualization with Python,Computer Vision,Advanced,4.22,27
6206,TensorFlow Crash Course,TensorFlow,Beginner,3.99,22
6207,Statistics for Data Science,Linear Algebra,Beginner,4.23,3
6208,Pandas for Data Analysis,Deep Learning,Beginner,3.06,17
6209,Advanced Python,Deep Learning,Advanced,4.88,37
6210,Deep Learning Fundamentals,NLP,Advanced,3.69,10
6211,Advanced Python,NLP,Beginner,3.31,17
6212,Computer Vision Basics,Machine Learning,Intermediate,3.67,18
6213,Advanced Python,NLP,Intermediate,4.77,21
6214,TensorFlow Crash Course,Computer Vision,Beginner,4.69,12
6215,Pandas for Data Analysis,Pandas,Advanced,4.34,5
6216,Statistics for Data Science,Data Analysis,Advanced,4.26,13
6217,Computer Vision Basics,NLP,Beginner,4.81,32
6218,Advanced Python,Data Analysis,Advanced,4.87,38
6219,Python Basics,Data Analysis,Advanced,4.6,18
6220,Neural Networks,Data Analysis,Intermediate,4.1,12
6221,Advanced Python,NLP,Advanced,3.24,4
6222,Python Basics,Computer Vision,Beginner,3.85,31
6223,SQL for Data Science,Statistics,Beginner,3.07,14
6224,Deep Learning Fundamentals,Numpy,Advanced,3.67,19
6225,Deep Learning Fundamentals,Linear Algebra,Advanced,3.88,16
6226,Machine Learning Intro,Data Analysis,Beginner,3.9,24
6227,PyTorch for Deep Learning,Statistics,Beginner,3.16,23
6228,Neural Networks,Deep Learning,Intermediate,4.56,27
6229,Statistics for Data Science,Computer Vision,Intermediate,4.81,16
6230,Python Basics,Pandas,Intermediate,4.05,38
6231,Computer Vision Basics,Data Analysis,Advanced,4.45,5
6232,PyTorch for Deep Learning,TensorFlow,Beginner,3.52,29
6233,Data Visualization with Python,Data Visualization,Intermediate,3.99,28
6234,Numpy Fundamentals,Computer Vision,Advanced,4.18,29
6235,TensorFlow Crash Course,Computer Vision,Advanced,3.63,2
6236,Python Basics,Computer Vision,Advanced,4.45,39
6237,SQL for Data Science,Statistics,Intermediate,3.12,26
6238,PyTorch for Deep Learning,TensorFlow,Intermediate,3.19,17
6239,Computer Vision Basics,SQL,Advanced,3.38,8
6240,Deep Learning Fundamentals,Linear Algebra,Advanced,4.77,19
6241,PyTorch for Deep Learning,Machine Learning,Advanced,4.56,3
6242,Natural Language Processing,PyTorch,Beginner,4.44,6
6243,SQL for Data Science,Computer Vision,Intermediate,4.35,24
6244,Machine Learning Intro,Machine Learning,Intermediate,4.98,34
6245,Computer Vision Basics,Statistics,Intermediate,4.34,23
6246,Machine Learning Intro,Statistics,Advanced,5.0,38
6247,Deep Learning Fundamentals,Linear Algebra,Beginner,3.09,3
6248,Machine Learning Intro,Deep Learning,Advanced,4.12,19
6249,Advanced Python,Statistics,Beginner,4.46,16
6250,TensorFlow Crash Course,SQL,Beginner,4.71,22
6251,Computer Vision Basics,Linear Algebra,Advanced,4.16,21
6252,Machine Learning Intro,PyTorch,Beginner,4.26,23
6253,Numpy Fundamentals,SQL,Intermediate,4.73,16
6254,Advanced Python,Pandas,Advanced,3.76,20
6255,Machine Learning Intro,TensorFlow,Advanced,3.97,7
6256,Neural Networks,TensorFlow,Advanced,3.94,39
6257,Python Basics,Pandas,Intermediate,4.75,7
6258,SQL for Data Science,TensorFlow,Intermediate,3.73,38
6259,Natural Language Processing,TensorFlow,Advanced,3.1,27
6260,Pandas for Data Analysis,NLP,Beginner,3.31,8
6261,PyTorch for Deep Learning,Computer Vision,Advanced,4.51,28
6262,TensorFlow Crash Course,PyTorch,Beginner,3.1,23
6263,Deep Learning Fundamentals,Deep Learning,Intermediate,4.96,29
6264,Statistics for Data Science,Data Analysis,Beginner,4.03,26
6265,Natural Language Processing,Statistics,Advanced,3.75,40
6266,PyTorch for Deep Learning,Pandas,Advanced,3.65,33
6267,Neural Networks,Pandas,Intermediate,3.49,22
6268,SQL for Data Science,Statistics,Beginner,4.37,19
6269,TensorFlow Crash Course,Pandas,Advanced,3.7,37
6270,Machine Learning Intro,PyTorch,Beginner,3.22,5
6271,Pandas for Data Analysis,Computer Vision,Advanced,3.45,2
6272,Python Basics,Python,Advanced,3.4,35
6273,Machine Learning Intro,Computer Vision,Beginner,4.12,31
6274,Python Basics,Computer Vision,Advanced,3.48,12
6275,Advanced Python,Data Analysis,Advanced,4.3,4
6276,Machine Learning Intro,PyTorch,Beginner,3.6,38
6277,PyTorch for Deep Learning,Linear Algebra,Intermediate,3.79,11
6278,Natural Language Processing,Pandas,Beginner,3.94,9
6279,TensorFlow Crash Course,Numpy,Intermediate,3.01,4
6280,Numpy Fundamentals,Computer Vision,Intermediate,4.46,40
6281,Python Basics,NLP,Intermediate,4.87,34
6282,PyTorch for Deep Learning,Python,Intermediate,4.25,36
6283,Advanced Python,SQL,Intermediate,3.58,27
6284,TensorFlow Crash Course,Deep Learning,Advanced,3.57,24
6285,Deep Learning Fundamentals,SQL,Advanced,4.59,7
6286,Machine Learning Intro,Machine Learning,Beginner,3.8,32
6287,Advanced Python,Python,Advanced,4.24,36
6288,Statistics for Data Science,NLP,Advanced,4.38,7
6289,Statistics for Data Science,Numpy,Beginner,3.14,39
6290,Pandas for Data Analysis,Numpy,Intermediate,4.74,23
6291,Python Basics,Data Visualization,Beginner,3.64,40
6292,Machine Learning Intro,Pandas,Advanced,3.02,33
6293,Machine Learning Intro,SQL,Intermediate,3.83,7
6294,TensorFlow Crash Course,Linear Algebra,Advanced,4.78,25
6295,Natural Language Processing,Data Visualization,Beginner,3.81,38
6296,Machine Learning Intro,Pandas,Advanced,3.83,34
6297,Machine Learning Intro,Machine Learning,Beginner,4.79,37
6298,Computer Vision Basics,NLP,Advanced,4.49,23
6299,Data Visualization with Python,Computer Vision,Beginner,3.79,22
6300,Python Basics,Machine Learning,Beginner,3.21,8
6301,Machine Learning Intro,Data Visualization,Intermediate,4.1,29
6302,Machine Learning Intro,PyTorch,Beginner,4.45,4
6303,Statistics for Data Science,Pandas,Beginner,3.31,28
6304,PyTorch for Deep Learning,Linear Algebra,Beginner,3.1,7
6305,PyTorch for Deep Learning,Statistics,Intermediate,3.09,30
6306,Statistics for Data Science,NLP,Intermediate,3.61,24
6307,Numpy Fundamentals,Data Analysis,Advanced,3.59,27
6308,Python Basics,NLP,Advanced,3.81,36
6309,Advanced Python,Linear Algebra,Beginner,3.69,9
6310,Neural Networks,Computer Vision,Intermediate,3.33,32
6311,Pandas for Data Analysis,Machine Learning,Beginner,4.42,27
6312,Data Visualization with Python,Python,Advanced,3.28,20
6313,SQL for Data Science,Machine Learning,Beginner,3.08,25
6314,TensorFlow Crash Course,TensorFlow,Beginner,3.21,38
6315,Numpy Fundamentals,Statistics,Intermediate,3.2,22
6316,Data Visualization with Python,PyTorch,Beginner,4.3,18
6317,Statistics for Data Science,TensorFlow,Intermediate,4.85,27
6318,TensorFlow Crash Course,Linear Algebra,Beginner,3.85,33
6319,PyTorch for Deep Learning,NLP,Beginner,4.77,3
6320,Deep Learning Fundamentals,SQL,Intermediate,3.24,7
6321,Statistics for Data Science,Data Analysis,Intermediate,4.4,2
6322,Statistics for Data Science,SQL,Advanced,3.22,14
6323,Deep Learning Fundamentals,TensorFlow,Intermediate,4.76,5
6324,Deep Learning Fundamentals,PyTorch,Beginner,3.52,29
6325,Statistics for Data Science,SQL,Beginner,3.18,11
6326,Machine Learning Intro,SQL,Advanced,4.26,40
6327,SQL for Data Science,Python,Beginner,4.68,29
6328,Machine Learning Intro,PyTorch,Advanced,4.2,8
6329,Computer Vision Basics,Numpy,Beginner,4.35,36
6330,Neural Networks,SQL,Beginner,3.22,7
6331,Statistics for Data Science,Computer Vision,Intermediate,3.67,6
6332,PyTorch for Deep Learning,Data Visualization,Beginner,4.91,26
6333,PyTorch for Deep Learning,SQL,Intermediate,4.7,33
6334,Python Basics,Machine Learning,Beginner,3.23,34
6335,Advanced Python,SQL,Beginner,3.75,32
6336,Deep Learning Fundamentals,Pandas,Beginner,4.28,4
6337,Natural Language Processing,Pandas,Beginner,3.33,30
6338,Machine Learning Intro,Data Visualization,Beginner,4.64,32
6339,Data Visualization with Python,Statistics,Advanced,3.59,11
6340,Statistics for Data Science,Deep Learning,Beginner,3.71,23
6341,Advanced Python,Data Visualization,Beginner,4.65,22
6342,Computer Vision Basics,Data Visualization,Advanced,3.25,13
6343,Data Visualization with Python,Statistics,Intermediate,4.43,11
6344,Machine Learning Intro,Linear Algebra,Intermediate,3.34,34
6345,Data Visualization with Python,Computer Vision,Intermediate,4.94,17
6346,Statistics for Data Science,Computer Vision,Intermediate,3.46,21
6347,Deep Learning Fundamentals,Statistics,Intermediate,4.03,34
6348,Advanced Python,Computer Vision,Intermediate,3.93,29
6349,Statistics for Data Science,Machine Learning,Beginner,4.19,31
6350,Numpy Fundamentals,Pandas,Intermediate,4.47,25
6351,Computer Vision Basics,PyTorch,Beginner,3.94,21
6352,Statistics for Data Science,Python,Intermediate,3.65,10
6353,Machine Learning Intro,Numpy,Beginner,4.24,11
6354,Data Visualization with Python,Computer Vision,Beginner,3.86,20
6355,Deep Learning Fundamentals,Data Visualization,Intermediate,3.31,12
6356,Natural Language Processing,PyTorch,Beginner,4.67,7
6357,Numpy Fundamentals,NLP,Beginner,3.09,35
6358,Machine Learning Intro,Linear Algebra,Advanced,3.79,13
6359,Pandas for Data Analysis,Data Visualization,Beginner,4.06,4
6360,PyTorch for Deep Learning,Computer Vision,Intermediate,3.52,7
6361,Advanced Python,Data Visualization,Intermediate,4.3,7
6362,Deep Learning Fundamentals,Computer Vision,Advanced,4.04,39
6363,Deep Learning Fundamentals,Deep Learning,Intermediate,3.9,10
6364,Python Basics,Linear Algebra,Beginner,3.1,11
6365,Neural Networks,Computer Vision,Beginner,4.79,33
6366,Advanced Python,Numpy,Intermediate,4.18,29
6367,Python Basics,TensorFlow,Beginner,4.1,26
6368,Neural Networks,NLP,Advanced,4.66,14
6369,Statistics for Data Science,Data Analysis,Advanced,4.81,27
6370,Data Visualization with Python,Pandas,Beginner,3.85,23
6371,TensorFlow Crash Course,Linear Algebra,Beginner,4.92,22
6372,Statistics for Data Science,Data Visualization,Beginner,4.52,15
6373,Pandas for Data Analysis,Deep Learning,Beginner,4.48,35
6374,Deep Learning Fundamentals,Numpy,Advanced,3.8,22
6375,TensorFlow Crash Course,Machine Learning,Beginner,3.49,21
6376,PyTorch for Deep Learning,Pandas,Intermediate,4.47,11
6377,Statistics for Data Science,Statistics,Beginner,4.9,7
6378,Neural Networks,SQL,Advanced,3.76,4
6379,Machine Learning Intro,TensorFlow,Intermediate,4.76,17
6380,Statistics for Data Science,Data Analysis,Advanced,4.08,25
6381,TensorFlow Crash Course,PyTorch,Beginner,3.63,2
6382,Python Basics,NLP,Intermediate,4.48,34
6383,Machine Learning Intro,Data Analysis,Advanced,3.62,5
6384,Computer Vision Basics,Data Visualization,Intermediate,4.71,24
6385,Numpy Fundamentals,NLP,Advanced,4.95,4
6386,Advanced Python,Deep Learning,Beginner,3.44,14
6387,Numpy Fundamentals,Computer Vision,Intermediate,4.49,40
6388,Machine Learning Intro,Machine Learning,Advanced,4.84,25
6389,Data Visualization with Python,Machine Learning,Intermediate,3.48,39
6390,Python Basics,Statistics,Beginner,4.51,2
6391,Advanced Python,SQL,Intermediate,3.06,13
6392,TensorFlow Crash Course,Statistics,Intermediate,3.11,12
6393,TensorFlow Crash Course,Deep Learning,Beginner,3.8,33
6394,Statistics for Data Science,Data Visualization,Intermediate,3.88,21
6395,Python Basics,PyTorch,Intermediate,3.16,32
6396,Statistics for Data Science,Deep Learning,Intermediate,4.29,33
6397,Data Visualization with Python,Numpy,Beginner,4.99,4
6398,SQL for Data Science,PyTorch,Intermediate,4.01,3
6399,Pandas for Data Analysis,TensorFlow,Advanced,3.9,11
6400,Deep Learning Fundamentals,Linear Algebra,Intermediate,4.95,27
6401,Natural Language Processing,Computer Vision,Intermediate,4.32,9
6402,Computer Vision Basics,NLP,Intermediate,3.18,22
6403,Data Visualization with Python,Statistics,Beginner,3.39,19
6404,Python Basics,PyTorch,Beginner,3.57,40
6405,SQL for Data Science,Data Analysis,Advanced,4.32,37
6406,Neural Networks,SQL,Beginner,4.4,23
6407,Computer Vision Basics,Statistics,Beginner,4.78,10
6408,Computer Vision Basics,PyTorch,Beginner,4.44,31
6409,Data Visualization with Python,Data Visualization,Intermediate,4.82,32
6410,Deep Learning Fundamentals,PyTorch,Intermediate,4.5,10
6411,Deep Learning Fundamentals,Linear Algebra,Beginner,3.11,31
6412,Natural Language Processing,PyTorch,Beginner,3.78,30
6413,Machine Learning Intro,Data Visualization,Advanced,3.89,13
6414,Deep Learning Fundamentals,Pandas,Beginner,3.56,5
6415,Numpy Fundamentals,Statistics,Advanced,3.09,29
6416,SQL for Data Science,NLP,Intermediate,3.84,32
6417,Deep Learning Fundamentals,Computer Vision,Intermediate,3.62,33
6418,Statistics for Data Science,Data Analysis,Beginner,3.65,28
6419,Numpy Fundamentals,Numpy,Beginner,3.75,20
6420,Neural Networks,Data Visualization,Advanced,4.47,37
6421,TensorFlow Crash Course,Pandas,Advanced,3.5,5
6422,Python Basics,Pandas,Intermediate,3.56,18
6423,Deep Learning Fundamentals,NLP,Intermediate,4.56,29
6424,Numpy Fundamentals,Deep Learning,Advanced,3.64,21
6425,Pandas for Data Analysis,Statistics,Intermediate,4.11,37
6426,TensorFlow Crash Course,PyTorch,Advanced,4.38,7
6427,Machine Learning Intro,Numpy,Advanced,3.38,8
6428,Neural Networks,Linear Algebra,Advanced,4.89,13
6429,Numpy Fundamentals,Deep Learning,Beginner,3.02,29
6430,PyTorch for Deep Learning,SQL,Intermediate,4.68,24
6431,Data Visualization with Python,Statistics,Beginner,4.95,11
6432,SQL for Data Science,Data Visualization,Beginner,3.61,8
6433,Pandas for Data Analysis,Machine Learning,Beginner,3.26,38
6434,Pandas for Data Analysis,Data Analysis,Advanced,3.3,20
6435,Deep Learning Fundamentals,NLP,Advanced,3.5,14
6436,Computer Vision Basics,Statistics,Advanced,3.09,27
6437,TensorFlow Crash Course,Machine Learning,Beginner,3.8,5
6438,Machine Learning Intro,Statistics,Advanced,3.96,7
6439,PyTorch for Deep Learning,Data Analysis,Advanced,3.48,3
6440,Machine Learning Intro,TensorFlow,Beginner,3.57,26
6441,Natural Language Processing,Data Visualization,Intermediate,3.09,25
6442,Pandas for Data Analysis,Statistics,Intermediate,4.15,9
6443,Natural Language Processing,Python,Advanced,4.31,19
6444,Python Basics,Machine Learning,Advanced,3.41,12
6445,Machine Learning Intro,PyTorch,Advanced,3.53,8
6446,Computer Vision Basics,Statistics,Beginner,3.92,30
6447,Computer Vision Basics,Statistics,Beginner,3.27,5
6448,PyTorch for Deep Learning,PyTorch,Advanced,3.16,7
6449,Machine Learning Intro,PyTorch,Beginner,3.09,33
6450,TensorFlow Crash Course,Deep Learning,Advanced,4.83,31
6451,Python Basics,Deep Learning,Intermediate,4.75,37
6452,Computer Vision Basics,NLP,Beginner,4.38,16
6453,SQL for Data Science,Machine Learning,Intermediate,3.18,10
6454,Advanced Python,Numpy,Advanced,3.28,26
6455,TensorFlow Crash Course,Pandas,Intermediate,4.17,6
6456,SQL for Data Science,Data Analysis,Beginner,4.09,5
6457,TensorFlow Crash Course,Statistics,Intermediate,3.03,4
6458,Pandas for Data Analysis,Data Visualization,Advanced,3.82,15
6459,Natural Language Processing,PyTorch,Advanced,4.93,17
6460,Natural Language Processing,Computer Vision,Intermediate,4.16,22
6461,SQL for Data Science,Python,Beginner,3.89,6
6462,Machine Learning Intro,Pandas,Intermediate,3.01,26
6463,Numpy Fundamentals,SQL,Intermediate,3.74,35
6464,Deep Learning Fundamentals,Linear Algebra,Beginner,4.77,35
6465,Deep Learning Fundamentals,Data Visualization,Beginner,4.94,7
6466,TensorFlow Crash Course,Data Analysis,Beginner,4.86,3
6467,Advanced Python,NLP,Advanced,4.15,12
6468,Statistics for Data Science,Python,Advanced,4.57,38
6469,Computer Vision Basics,Data Visualization,Intermediate,3.02,18
6470,Numpy Fundamentals,SQL,Advanced,3.33,40
6471,TensorFlow Crash Course,Machine Learning,Intermediate,4.18,28
6472,TensorFlow Crash Course,Data Analysis,Intermediate,3.59,4
6473,TensorFlow Crash Course,PyTorch,Beginner,3.18,35
6474,Advanced Python,SQL,Intermediate,3.7,4
6475,SQL for Data Science,Machine Learning,Beginner,4.6,9
6476,Statistics for Data Science,Linear Algebra,Advanced,3.38,20
6477,SQL for Data Science,TensorFlow,Intermediate,3.14,40
6478,Statistics for Data Science,Data Visualization,Beginner,3.9,14
6479,Advanced Python,NLP,Beginner,3.14,33
6480,Statistics for Data Science,TensorFlow,Advanced,3.18,10
6481,Natural Language Processing,Deep Learning,Beginner,3.05,24
6482,Machine Learning Intro,Numpy,Intermediate,4.42,14
6483,Python Basics,PyTorch,Intermediate,4.35,12
6484,Advanced Python,SQL,Advanced,3.27,15
6485,PyTorch for Deep Learning,TensorFlow,Intermediate,4.13,33
6486,Advanced Python,Numpy,Beginner,3.02,7
6487,Computer Vision Basics,PyTorch,Advanced,4.58,19
6488,PyTorch for Deep Learning,PyTorch,Advanced,4.04,4
6489,Advanced Python,Python,Advanced,3.93,24
6490,TensorFlow Crash Course,PyTorch,Beginner,4.72,19
6491,SQL for Data Science,Numpy,Beginner,3.42,12
6492,Computer Vision Basics,SQL,Beginner,4.54,11
6493,Computer Vision Basics,PyTorch,Advanced,3.4,38
6494,Pandas for Data Analysis,Data Visualization,Advanced,4.19,33
6495,Deep Learning Fundamentals,Deep Learning,Intermediate,4.51,15
6496,Machine Learning Intro,Data Analysis,Intermediate,4.1,12
6497,Data Visualization with Python,Statistics,Beginner,4.15,40
6498,Numpy Fundamentals,TensorFlow,Beginner,4.14,6
6499,Numpy Fundamentals,Data Visualization,Advanced,4.38,2
6500,Python Basics,Data Analysis,Advanced,3.54,31
6501,Natural Language Processing,NLP,Intermediate,3.29,34
6502,PyTorch for Deep Learning,TensorFlow,Intermediate,3.06,4
6503,Statistics for Data Science,Computer Vision,Advanced,3.61,8
6504,TensorFlow Crash Course,Linear Algebra,Advanced,3.36,31
6505,SQL for Data Science,Data Analysis,Beginner,3.2,38
6506,Deep Learning Fundamentals,Pandas,Beginner,3.71,15
6507,Data Visualization with Python,Machine Learning,Intermediate,3.87,15
6508,Natural Language Processing,Data Visualization,Beginner,3.13,13
6509,Deep Learning Fundamentals,SQL,Advanced,3.59,36
6510,Machine Learning Intro,TensorFlow,Beginner,4.25,4
6511,Statistics for Data Science,Machine Learning,Beginner,3.76,21
6512,Natural Language Processing,Deep Learning,Beginner,4.6,17
6513,TensorFlow Crash Course,Pandas,Intermediate,4.7,8
6514,Pandas for Data Analysis,Numpy,Intermediate,4.92,2
6515,Deep Learning Fundamentals,Pandas,Beginner,3.13,3
6516,Deep Learning Fundamentals,TensorFlow,Intermediate,4.68,38
6517,Advanced Python,Pandas,Beginner,4.96,27
6518,Natural Language Processing,Pandas,Intermediate,3.04,30
6519,Neural Networks,PyTorch,Beginner,3.75,21
6520,Neural Networks,Statistics,Intermediate,3.15,2
6521,TensorFlow Crash Course,NLP,Intermediate,3.67,15
6522,Natural Language Processing,PyTorch,Advanced,3.19,19
6523,Machine Learning Intro,PyTorch,Intermediate,3.21,29
6524,Natural Language Processing,Statistics,Advanced,4.23,2
6525,TensorFlow Crash Course,Linear Algebra,Advanced,3.02,10
6526,PyTorch for Deep Learning,Machine Learning,Intermediate,4.17,4
6527,SQL for Data Science,Data Analysis,Beginner,3.58,6
6528,Statistics for Data Science,Data Analysis,Beginner,3.17,9
6529,Neural Networks,Computer Vision,Intermediate,3.04,6
6530,Advanced Python,SQL,Beginner,3.52,24
6531,Machine Learning Intro,Numpy,Intermediate,4.24,27
6532,Neural Networks,Machine Learning,Intermediate,3.88,14
6533,Numpy Fundamentals,Statistics,Intermediate,4.86,5
6534,Numpy Fundamentals,Numpy,Intermediate,3.44,39
6535,Machine Learning Intro,NLP,Advanced,4.23,6
6536,Pandas for Data Analysis,Pandas,Advanced,3.16,34
6537,Pandas for Data Analysis,PyTorch,Beginner,3.87,8
6538,TensorFlow Crash Course,Statistics,Advanced,4.4,35
6539,Data Visualization with Python,PyTorch,Intermediate,4.23,12
6540,Neural Networks,Deep Learning,Beginner,4.25,35
6541,Pandas for Data Analysis,Machine Learning,Intermediate,4.01,35
6542,Computer Vision Basics,Computer Vision,Advanced,4.54,22
6543,SQL for Data Science,Data Analysis,Advanced,4.63,5
6544,TensorFlow Crash Course,Pandas,Advanced,4.54,10
6545,Numpy Fundamentals,Deep Learning,Beginner,4.19,12
6546,Machine Learning Intro,Data Visualization,Intermediate,4.27,13
6547,Numpy Fundamentals,Linear Algebra,Advanced,3.67,15
6548,Neural Networks,SQL,Intermediate,3.44,18
6549,TensorFlow Crash Course,Statistics,Advanced,3.87,18
6550,Computer Vision Basics,Deep Learning,Intermediate,4.44,33
6551,PyTorch for Deep Learning,TensorFlow,Intermediate,3.28,30
6552,TensorFlow Crash Course,Linear Algebra,Advanced,3.71,4
6553,Deep Learning Fundamentals,TensorFlow,Intermediate,3.7,25
6554,Data Visualization with Python,Deep Learning,Intermediate,3.83,30
6555,TensorFlow Crash Course,Deep Learning,Advanced,3.75,26
6556,Natural Language Processing,PyTorch,Intermediate,4.41,28
6557,Advanced Python,Python,Beginner,4.47,37
6558,Computer Vision Basics,SQL,Intermediate,3.07,19
6559,PyTorch for Deep Learning,TensorFlow,Intermediate,3.57,13
6560,Natural Language Processing,Python,Beginner,3.57,27
6561,Numpy Fundamentals,Data Visualization,Beginner,3.9,23
6562,Python Basics,Linear Algebra,Intermediate,3.08,38
6563,Deep Learning Fundamentals,Data Analysis,Advanced,4.55,40
6564,Machine Learning Intro,Computer Vision,Intermediate,4.88,5
6565,Computer Vision Basics,Python,Advanced,4.26,35
6566,Advanced Python,Python,Advanced,4.74,4
6567,Computer Vision Basics,NLP,Intermediate,3.46,11
6568,Data Visualization with Python,NLP,Intermediate,4.13,3
6569,Python Basics,Statistics,Intermediate,3.26,13
6570,Data Visualization with Python,Data Analysis,Advanced,4.11,23
6571,Machine Learning Intro,Numpy,Intermediate,4.93,11
6572,Pandas for Data Analysis,Computer Vision,Intermediate,4.64,5
6573,Statistics for Data Science,Data Visualization,Intermediate,4.29,22
6574,Pandas for Data Analysis,Data Analysis,Intermediate,3.91,11
6575,Natural Language Processing,Data Analysis,Beginner,4.24,16
6576,Numpy Fundamentals,PyTorch,Advanced,3.53,39
6577,Statistics for Data Science,Computer Vision,Beginner,3.24,38
6578,Python Basics,PyTorch,Advanced,3.3,33
6579,Natural Language Processing,Deep Learning,Intermediate,3.68,31
6580,Machine Learning Intro,Data Analysis,Advanced,3.66,27
6581,Computer Vision Basics,Python,Advanced,4.86,8
6582,Computer Vision Basics,Pandas,Advanced,3.67,30
6583,Pandas for Data Analysis,Linear Algebra,Intermediate,4.31,15
6584,Pandas for Data Analysis,Pandas,Beginner,3.5,24
6585,TensorFlow Crash Course,NLP,Beginner,4.85,20
6586,SQL for Data Science,Computer Vision,Advanced,3.37,36
6587,Pandas for Data Analysis,TensorFlow,Advanced,3.42,30
6588,Machine Learning Intro,Data Visualization,Beginner,3.38,24
6589,Pandas for Data Analysis,SQL,Intermediate,3.83,34
6590,Statistics for Data Science,Python,Intermediate,3.54,36
6591,Natural Language Processing,SQL,Intermediate,4.45,38
6592,TensorFlow Crash Course,Python,Beginner,3.04,6
6593,Statistics for Data Science,Statistics,Intermediate,4.81,36
6594,Machine Learning Intro,Numpy,Beginner,3.52,10
6595,SQL for Data Science,Computer Vision,Advanced,4.87,3
6596,PyTorch for Deep Learning,Python,Beginner,3.95,17
6597,Data Visualization with Python,Pandas,Intermediate,3.3,23
6598,Advanced Python,Statistics,Intermediate,3.9,6
6599,Neural Networks,TensorFlow,Beginner,4.71,3
6600,Python Basics,Pandas,Intermediate,4.37,8
6601,Data Visualization with Python,Deep Learning,Intermediate,4.86,22
6602,Pandas for Data Analysis,Numpy,Advanced,3.43,17
6603,TensorFlow Crash Course,Computer Vision,Intermediate,3.39,27
6604,Numpy Fundamentals,NLP,Intermediate,4.15,6
6605,Deep Learning Fundamentals,Linear Algebra,Beginner,3.16,5
6606,Statistics for Data Science,Python,Beginner,4.62,33
6607,Machine Learning Intro,NLP,Intermediate,4.27,25
6608,Machine Learning Intro,Pandas,Advanced,3.45,34
6609,Statistics for Data Science,Linear Algebra,Intermediate,3.42,4
6610,Statistics for Data Science,TensorFlow,Intermediate,4.26,7
6611,Neural Networks,Computer Vision,Advanced,4.34,31
6612,Statistics for Data Science,Linear Algebra,Advanced,3.41,24
6613,TensorFlow Crash Course,Linear Algebra,Intermediate,4.36,40
6614,Natural Language Processing,Data Visualization,Beginner,4.26,15
6615,PyTorch for Deep Learning,Machine Learning,Beginner,3.79,6
6616,Data Visualization with Python,NLP,Intermediate,4.55,39
6617,Pandas for Data Analysis,TensorFlow,Intermediate,3.68,2
6618,Numpy Fundamentals,Numpy,Advanced,4.75,23
6619,Numpy Fundamentals,SQL,Beginner,4.8,8
6620,Natural Language Processing,Data Analysis,Intermediate,3.72,35
6621,Deep Learning Fundamentals,Linear Algebra,Beginner,4.25,11
6622,Computer Vision Basics,Machine Learning,Advanced,4.29,16
6623,Neural Networks,Data Visualization,Advanced,3.67,20
6624,TensorFlow Crash Course,NLP,Intermediate,4.98,14
6625,Numpy Fundamentals,Machine Learning,Beginner,3.89,34
6626,Advanced Python,Machine Learning,Intermediate,4.59,9
6627,Machine Learning Intro,Data Visualization,Advanced,3.84,10
6628,Data Visualization with Python,TensorFlow,Beginner,3.08,22
6629,SQL for Data Science,Machine Learning,Beginner,3.42,8
6630,SQL for Data Science,Machine Learning,Intermediate,4.14,19
6631,Computer Vision Basics,Statistics,Intermediate,3.21,39
6632,PyTorch for Deep Learning,Pandas,Beginner,4.29,20
6633,TensorFlow Crash Course,Data Analysis,Intermediate,3.35,11
6634,Pandas for Data Analysis,Statistics,Intermediate,4.78,26
6635,Computer Vision Basics,Deep Learning,Beginner,4.54,16
6636,Deep Learning Fundamentals,Deep Learning,Advanced,3.59,35
6637,Numpy Fundamentals,Numpy,Advanced,4.8,26
6638,Data Visualization with Python,Computer Vision,Beginner,3.83,13
6639,Numpy Fundamentals,PyTorch,Advanced,4.41,21
6640,Statistics for Data Science,Numpy,Beginner,3.29,8
6641,Natural Language Processing,Pandas,Intermediate,3.59,37
6642,Deep Learning Fundamentals,PyTorch,Advanced,4.5,31
6643,Data Visualization with Python,Python,Beginner,3.11,26
6644,Python Basics,Machine Learning,Advanced,3.83,37
6645,Pandas for Data Analysis,Numpy,Intermediate,3.71,8
6646,TensorFlow Crash Course,Machine Learning,Beginner,3.34,21
6647,TensorFlow Crash Course,Machine Learning,Advanced,4.88,8
6648,Machine Learning Intro,Python,Advanced,3.38,8
6649,Neural Networks,Linear Algebra,Intermediate,4.33,34
6650,Advanced Python,SQL,Beginner,4.48,30
6651,Machine Learning Intro,Machine Learning,Advanced,3.25,38
6652,Machine Learning Intro,Data Analysis,Intermediate,4.46,4
6653,Natural Language Processing,SQL,Intermediate,3.05,19
6654,PyTorch for Deep Learning,Data Analysis,Beginner,4.45,28
6655,PyTorch for Deep Learning,Numpy,Advanced,3.71,12
6656,Advanced Python,TensorFlow,Beginner,4.52,19
6657,Pandas for Data Analysis,Pandas,Intermediate,3.99,34
6658,Statistics for Data Science,Machine Learning,Intermediate,3.54,23
6659,Statistics for Data Science,Numpy,Beginner,3.27,25
6660,Neural Networks,Python,Advanced,3.16,10
6661,Neural Networks,Deep Learning,Advanced,4.67,39
6662,Numpy Fundamentals,Machine Learning,Beginner,3.17,7
6663,Numpy Fundamentals,Data Analysis,Intermediate,4.72,40
6664,Computer Vision Basics,Numpy,Advanced,3.3,30
6665,Statistics for Data Science,Linear Algebra,Advanced,4.81,14
6666,Python Basics,PyTorch,Beginner,4.45,34
6667,Statistics for Data Science,Numpy,Intermediate,3.07,29
6668,Neural Networks,Deep Learning,Beginner,4.52,21
6669,Computer Vision Basics,SQL,Advanced,3.92,14
6670,Advanced Python,Machine Learning,Beginner,4.52,4
6671,Natural Language Processing,Data Visualization,Intermediate,3.19,24
6672,Neural Networks,Pandas,Advanced,3.65,22
6673,SQL for Data Science,Linear Algebra,Beginner,4.51,8
6674,TensorFlow Crash Course,Computer Vision,Intermediate,3.28,23
6675,Machine Learning Intro,Machine Learning,Beginner,4.86,39
6676,Data Visualization with Python,NLP,Advanced,4.79,36
6677,Natural Language Processing,SQL,Advanced,4.53,16
6678,PyTorch for Deep Learning,PyTorch,Beginner,4.74,8
6679,Numpy Fundamentals,Statistics,Beginner,4.41,35
6680,Statistics for Data Science,PyTorch,Beginner,4.92,10
6681,Deep Learning Fundamentals,Numpy,Beginner,4.18,26
6682,Pandas for Data Analysis,NLP,Beginner,3.55,16
6683,PyTorch for Deep Learning,PyTorch,Beginner,4.57,24
6684,SQL for Data Science,Deep Learning,Beginner,4.75,25
6685,PyTorch for Deep Learning,TensorFlow,Advanced,3.81,5
6686,PyTorch for Deep Learning,Machine Learning,Intermediate,4.64,13
6687,TensorFlow Crash Course,Data Visualization,Intermediate,3.8,26
6688,TensorFlow Crash Course,Pandas,Advanced,4.45,7
6689,Data Visualization with Python,Data Visualization,Beginner,4.81,4
6690,Numpy Fundamentals,Linear Algebra,Beginner,4.72,6
6691,Machine Learning Intro,Computer Vision,Advanced,4.0,8
6692,Machine Learning Intro,TensorFlow,Advanced,3.12,13
6693,Deep Learning Fundamentals,Pandas,Beginner,4.32,19
6694,SQL for Data Science,Pandas,Beginner,4.42,19
6695,Advanced Python,Linear Algebra,Beginner,3.85,24
6696,Pandas for Data Analysis,Numpy,Beginner,4.78,9
6697,Natural Language Processing,NLP,Intermediate,4.19,25
6698,Data Visualization with Python,NLP,Beginner,4.18,4
6699,Computer Vision Basics,Data Analysis,Beginner,3.31,36
6700,Data Visualization with Python,Python,Intermediate,3.39,12
6701,Computer Vision Basics,Deep Learning,Advanced,4.34,19
6702,Statistics for Data Science,NLP,Intermediate,3.86,22
6703,SQL for Data Science,Deep Learning,Beginner,3.73,27
6704,Numpy Fundamentals,Computer Vision,Advanced,4.23,37
6705,Advanced Python,Machine Learning,Advanced,4.1,6
6706,Computer Vision Basics,PyTorch,Intermediate,4.43,8
6707,Neural Networks,SQL,Advanced,3.57,3
6708,Machine Learning Intro,SQL,Intermediate,3.44,30
6709,Advanced Python,Statistics,Beginner,4.88,31
6710,Natural Language Processing,Data Analysis,Intermediate,4.93,31
6711,Python Basics,Statistics,Advanced,3.68,26
6712,Statistics for Data Science,TensorFlow,Intermediate,4.94,8
6713,Neural Networks,TensorFlow,Intermediate,4.36,34
6714,Machine Learning Intro,Data Visualization,Advanced,3.24,34
6715,Computer Vision Basics,Python,Advanced,3.08,10
6716,Deep Learning Fundamentals,Data Visualization,Beginner,4.05,29
6717,SQL for Data Science,NLP,Advanced,4.94,20
6718,TensorFlow Crash Course,Linear Algebra,Beginner,4.41,32
6719,Statistics for Data Science,Data Visualization,Advanced,3.92,3
6720,TensorFlow Crash Course,TensorFlow,Intermediate,4.09,28
6721,Python Basics,PyTorch,Intermediate,3.44,13
6722,Statistics for Data Science,Linear Algebra,Advanced,3.96,40
6723,Python Basics,Deep Learning,Beginner,3.33,38
6724,Python Basics,Data Visualization,Advanced,3.71,16
6725,Machine Learning Intro,PyTorch,Beginner,3.74,26
6726,Machine Learning Intro,NLP,Intermediate,4.07,37
6727,Statistics for Data Science,Machine Learning,Intermediate,4.13,22
6728,Natural Language Processing,Machine Learning,Advanced,3.96,19
6729,TensorFlow Crash Course,Data Visualization,Intermediate,4.49,6
6730,Machine Learning Intro,Linear Algebra,Beginner,4.66,30
6731,Statistics for Data Science,Numpy,Beginner,3.51,39
6732,SQL for Data Science,TensorFlow,Intermediate,4.73,21
6733,Deep Learning Fundamentals,SQL,Advanced,4.35,33
6734,Data Visualization with Python,PyTorch,Advanced,4.91,11
6735,Machine Learning Intro,Statistics,Intermediate,3.85,29
6736,TensorFlow Crash Course,Python,Advanced,4.4,2
6737,Machine Learning Intro,Pandas,Intermediate,3.28,5
6738,SQL for Data Science,TensorFlow,Advanced,4.67,28
6739,Computer Vision Basics,Machine Learning,Advanced,4.87,15
6740,Pandas for Data Analysis,Numpy,Advanced,3.96,27
6741,Numpy Fundamentals,PyTorch,Beginner,4.75,8
6742,Deep Learning Fundamentals,Numpy,Intermediate,3.1,16
6743,Deep Learning Fundamentals,Linear Algebra,Advanced,3.53,31
6744,Computer Vision Basics,Numpy,Beginner,4.21,22
6745,Neural Networks,SQL,Advanced,3.18,31
6746,Numpy Fundamentals,Statistics,Advanced,3.06,28
6747,Advanced Python,Statistics,Advanced,3.88,35
6748,Statistics for Data Science,Linear Algebra,Intermediate,3.79,3
6749,Numpy Fundamentals,Data Visualization,Beginner,3.91,37
6750,Neural Networks,PyTorch,Beginner,4.08,17
6751,Deep Learning Fundamentals,Numpy,Beginner,4.22,35
6752,SQL for Data Science,NLP,Beginner,4.58,3
6753,Deep Learning Fundamentals,Python,Intermediate,4.66,34
6754,Python Basics,NLP,Advanced,4.95,30
6755,TensorFlow Crash Course,Deep Learning,Advanced,3.3,32
6756,Computer Vision Basics,Deep Learning,Beginner,3.96,38
6757,Numpy Fundamentals,Pandas,Advanced,4.24,4
6758,SQL for Data Science,Numpy,Intermediate,4.75,17
6759,PyTorch for Deep Learning,Deep Learning,Beginner,3.62,22
6760,Advanced Python,Linear Algebra,Intermediate,4.97,35
6761,Deep Learning Fundamentals,Data Analysis,Advanced,4.57,4
6762,Natural Language Processing,SQL,Beginner,4.63,29
6763,Statistics for Data Science,Computer Vision,Advanced,3.64,26
6764,Statistics for Data Science,PyTorch,Beginner,3.02,28
6765,Advanced Python,Data Analysis,Intermediate,3.68,11
6766,Python Basics,Statistics,Advanced,3.66,25
6767,Machine Learning Intro,SQL,Intermediate,3.18,37
6768,SQL for Data Science,Statistics,Beginner,4.77,31
6769,Python Basics,Python,Intermediate,4.79,20
6770,Python Basics,Numpy,Intermediate,3.91,35
6771,Pandas for Data Analysis,Statistics,Beginner,3.31,32
6772,Deep Learning Fundamentals,PyTorch,Beginner,3.9,23
6773,Data Visualization with Python,Linear Algebra,Advanced,4.22,26
6774,Computer Vision Basics,Deep Learning,Intermediate,4.13,4
6775,Deep Learning Fundamentals,SQL,Intermediate,4.88,31
6776,Deep Learning Fundamentals,Statistics,Intermediate,3.28,36
6777,Python Basics,Machine Learning,Beginner,4.5,4
6778,PyTorch for Deep Learning,Deep Learning,Intermediate,3.73,2
6779,SQL for Data Science,Python,Intermediate,4.4,30
6780,Natural Language Processing,Data Analysis,Intermediate,3.91,10
6781,Machine Learning Intro,Python,Intermediate,3.16,15
6782,Neural Networks,Deep Learning,Intermediate,4.0,24
6783,TensorFlow Crash Course,Python,Advanced,3.06,23
6784,Statistics for Data Science,Data Visualization,Intermediate,4.3,2
6785,Pandas for Data Analysis,Statistics,Advanced,4.57,30
6786,SQL for Data Science,Deep Learning,Advanced,3.66,30
6787,Natural Language Processing,Data Analysis,Intermediate,4.88,30
6788,Computer Vision Basics,Computer Vision,Beginner,4.18,10
6789,Advanced Python,TensorFlow,Intermediate,4.22,8
6790,Natural Language Processing,Python,Advanced,4.84,33
6791,Machine Learning Intro,Statistics,Intermediate,3.01,25
6792,Deep Learning Fundamentals,Python,Intermediate,3.19,11
6793,Natural Language Processing,SQL,Advanced,3.12,26
6794,Machine Learning Intro,Data Analysis,Beginner,4.22,31
6795,Natural Language Processing,Statistics,Advanced,4.81,35
6796,TensorFlow Crash Course,Linear Algebra,Beginner,4.26,26
6797,Machine Learning Intro,Python,Advanced,3.45,9
6798,PyTorch for Deep Learning,NLP,Beginner,3.24,27
6799,Statistics for Data Science,Data Visualization,Intermediate,4.88,37
6800,SQL for Data Science,NLP,Beginner,4.77,26
6801,Deep Learning Fundamentals,SQL,Intermediate,3.92,21
6802,Data Visualization with Python,SQL,Advanced,4.32,32
6803,Pandas for Data Analysis,SQL,Beginner,4.17,10
6804,Advanced Python,Numpy,Advanced,3.96,7
6805,Data Visualization with Python,Deep Learning,Advanced,3.9,31
6806,Pandas for Data Analysis,Python,Advanced,3.12,31
6807,Neural Networks,Linear Algebra,Intermediate,4.25,35
6808,SQL for Data Science,TensorFlow,Beginner,4.3,39
6809,Neural Networks,Statistics,Advanced,4.52,24
6810,Advanced Python,NLP,Beginner,4.03,38
6811,Data Visualization with Python,SQL,Beginner,3.84,20
6812,Statistics for Data Science,TensorFlow,Beginner,4.61,31
6813,SQL for Data Science,Data Analysis,Beginner,4.67,5
6814,Python Basics,Linear Algebra,Advanced,3.13,22
6815,TensorFlow Crash Course,Linear Algebra,Intermediate,3.74,36
6816,Pandas for Data Analysis,Data Visualization,Intermediate,4.45,29
6817,Natural Language Processing,Python,Beginner,4.04,18
6818,Neural Networks,Data Analysis,Beginner,3.47,20
6819,Machine Learning Intro,Linear Algebra,Intermediate,4.3,15
6820,Natural Language Processing,Computer Vision,Advanced,4.98,38
6821,Data Visualization with Python,PyTorch,Beginner,4.78,2
6822,Pandas for Data Analysis,Python,Intermediate,4.3,14
6823,Advanced Python,NLP,Beginner,4.01,27
6824,Machine Learning Intro,Deep Learning,Advanced,4.51,40
6825,Advanced Python,Data Analysis,Intermediate,3.77,11
6826,Natural Language Processing,PyTorch,Advanced,3.02,12
6827,Statistics for Data Science,Python,Beginner,3.31,7
6828,PyTorch for Deep Learning,Deep Learning,Advanced,4.08,21
6829,Statistics for Data Science,Pandas,Beginner,4.24,6
6830,Machine Learning Intro,TensorFlow,Beginner,4.22,36
6831,Pandas for Data Analysis,Data Analysis,Advanced,3.15,3
6832,Neural Networks,Computer Vision,Intermediate,3.93,30
6833,Computer Vision Basics,Machine Learning,Beginner,3.28,21
6834,Deep Learning Fundamentals,Data Analysis,Beginner,4.41,6
6835,Numpy Fundamentals,SQL,Advanced,4.35,24
6836,Data Visualization with Python,Statistics,Beginner,3.9,30
6837,Python Basics,SQL,Beginner,3.88,17
6838,Python Basics,Pandas,Beginner,4.55,38
6839,Natural Language Processing,Deep Learning,Advanced,4.77,20
6840,TensorFlow Crash Course,SQL,Beginner,4.45,5
6841,Statistics for Data Science,Linear Algebra,Advanced,3.08,2
6842,Statistics for Data Science,Machine Learning,Advanced,3.82,23
6843,Python Basics,Data Analysis,Intermediate,3.56,12
6844,Advanced Python,Statistics,Advanced,3.35,36
6845,SQL for Data Science,TensorFlow,Beginner,4.8,13
6846,Python Basics,Deep Learning,Beginner,3.02,14
6847,Advanced Python,Data Analysis,Intermediate,3.41,4
6848,Neural Networks,Computer Vision,Intermediate,4.59,7
6849,Computer Vision Basics,Data Analysis,Advanced,4.16,6
6850,Machine Learning Intro,TensorFlow,Advanced,3.49,39
6851,Numpy Fundamentals,PyTorch,Intermediate,3.85,27
6852,PyTorch for Deep Learning,Linear Algebra,Intermediate,4.67,32
6853,SQL for Data Science,Machine Learning,Intermediate,3.44,11
6854,Neural Networks,Computer Vision,Intermediate,4.6,10
6855,Pandas for Data Analysis,PyTorch,Intermediate,3.27,4
6856,Data Visualization with Python,SQL,Beginner,4.4,29
6857,Machine Learning Intro,Linear Algebra,Advanced,3.55,7
6858,TensorFlow Crash Course,Pandas,Beginner,4.07,3
6859,Advanced Python,Data Visualization,Advanced,4.92,39
6860,Data Visualization with Python,Linear Algebra,Beginner,3.99,23
6861,TensorFlow Crash Course,Deep Learning,Intermediate,3.7,34
6862,Advanced Python,Data Visualization,Beginner,4.94,27
6863,Advanced Python,Machine Learning,Intermediate,3.16,27
6864,Natural Language Processing,TensorFlow,Advanced,4.53,7
6865,Python Basics,Data Analysis,Advanced,3.51,13
6866,SQL for Data Science,Linear Algebra,Intermediate,4.1,7
6867,Pandas for Data Analysis,Pandas,Intermediate,4.58,16
6868,Neural Networks,Computer Vision,Advanced,3.39,9
6869,Statistics for Data Science,Machine Learning,Beginner,4.44,31
6870,Statistics for Data Science,Numpy,Intermediate,3.7,15
6871,Neural Networks,Data Visualization,Advanced,3.28,4
6872,Computer Vision Basics,Numpy,Beginner,4.73,27
6873,Machine Learning Intro,TensorFlow,Intermediate,4.38,11
6874,Deep Learning Fundamentals,Machine Learning,Intermediate,4.05,24
6875,Numpy Fundamentals,Python,Advanced,4.72,4
6876,Deep Learning Fundamentals,Numpy,Advanced,4.61,40
6877,Advanced Python,Numpy,Intermediate,3.97,18
6878,SQL for Data Science,Python,Intermediate,4.51,6
6879,Data Visualization with Python,NLP,Intermediate,3.69,15
6880,SQL for Data Science,Computer Vision,Advanced,5.0,2
6881,Advanced Python,Python,Beginner,3.89,21
6882,SQL for Data Science,Deep Learning,Advanced,4.18,31
6883,Numpy Fundamentals,Computer Vision,Advanced,3.38,40
6884,PyTorch for Deep Learning,Numpy,Advanced,3.65,22
6885,Natural Language Processing,SQL,Advanced,4.04,11
6886,Neural Networks,Machine Learning,Beginner,4.18,39
6887,Statistics for Data Science,Data Analysis,Advanced,4.59,35
6888,Computer Vision Basics,Data Visualization,Beginner,3.88,5
6889,Statistics for Data Science,Data Analysis,Advanced,3.47,17
6890,Data Visualization with Python,Deep Learning,Advanced,3.81,26
6891,Python Basics,Data Visualization,Beginner,3.58,27
6892,Machine Learning Intro,Statistics,Beginner,4.57,13
6893,Data Visualization with Python,TensorFlow,Intermediate,3.28,12
6894,PyTorch for Deep Learning,Data Analysis,Beginner,4.64,28
6895,Statistics for Data Science,TensorFlow,Beginner,3.21,5
6896,Python Basics,Data Visualization,Beginner,4.2,31
6897,TensorFlow Crash Course,SQL,Intermediate,4.58,13
6898,Python Basics,Data Visualization,Beginner,4.88,2
6899,PyTorch for Deep Learning,Machine Learning,Advanced,3.25,26
6900,Computer Vision Basics,Statistics,Beginner,4.61,33
6901,Python Basics,NLP,Intermediate,4.2,6
6902,Numpy Fundamentals,NLP,Beginner,4.68,39
6903,Machine Learning Intro,TensorFlow,Beginner,4.05,9
6904,Neural Networks,Numpy,Advanced,3.93,38
6905,SQL for Data Science,Data Analysis,Beginner,3.65,24
6906,TensorFlow Crash Course,Deep Learning,Beginner,3.3,15
6907,Deep Learning Fundamentals,Statistics,Beginner,3.46,19
6908,Neural Networks,PyTorch,Intermediate,4.77,21
6909,Machine Learning Intro,Deep Learning,Beginner,4.52,7
6910,Neural Networks,Machine Learning,Advanced,4.41,29
6911,Machine Learning Intro,PyTorch,Intermediate,3.79,3
6912,Python Basics,Linear Algebra,Beginner,4.1,6
6913,Neural Networks,Pandas,Intermediate,3.79,3
6914,Pandas for Data Analysis,Pandas,Advanced,4.41,10
6915,SQL for Data Science,Linear Algebra,Beginner,3.07,38
6916,Data Visualization with Python,Deep Learning,Beginner,4.37,25
6917,Deep Learning Fundamentals,Machine Learning,Advanced,3.64,7
6918,Statistics for Data Science,Numpy,Beginner,4.46,21
6919,Python Basics,Python,Advanced,3.23,31
6920,Pandas for Data Analysis,Numpy,Intermediate,3.08,26
6921,Natural Language Processing,Numpy,Advanced,4.69,19
6922,Natural Language Processing,Data Analysis,Advanced,4.74,7
6923,Deep Learning Fundamentals,Python,Advanced,3.45,21
6924,Deep Learning Fundamentals,Machine Learning,Advanced,4.52,27
6925,Natural Language Processing,Data Analysis,Intermediate,3.35,16
6926,Natural Language Processing,Computer Vision,Intermediate,4.27,35
6927,Computer Vision Basics,Data Visualization,Intermediate,4.45,17
6928,Deep Learning Fundamentals,Computer Vision,Advanced,4.33,6
6929,Natural Language Processing,Data Visualization,Beginner,3.35,7
6930,Numpy Fundamentals,Pandas,Advanced,4.56,15
6931,Pandas for Data Analysis,Linear Algebra,Intermediate,4.02,13
6932,Machine Learning Intro,Linear Algebra,Intermediate,3.12,18
6933,Pandas for Data Analysis,Python,Advanced,4.32,38
6934,Natural Language Processing,Linear Algebra,Intermediate,3.41,12
6935,Pandas for Data Analysis,PyTorch,Advanced,3.07,10
6936,Statistics for Data Science,Statistics,Beginner,3.77,3
6937,Data Visualization with Python,Machine Learning,Advanced,3.1,25
6938,PyTorch for Deep Learning,Computer Vision,Intermediate,3.09,34
6939,Natural Language Processing,Python,Advanced,3.45,2
6940,Neural Networks,NLP,Intermediate,4.16,2
6941,Neural Networks,TensorFlow,Advanced,4.58,9
6942,Data Visualization with Python,Machine Learning,Intermediate,3.01,28
6943,Statistics for Data Science,SQL,Beginner,4.11,10
6944,Data Visualization with Python,Python,Advanced,3.32,29
6945,Data Visualization with Python,Python,Intermediate,4.48,21
6946,Data Visualization with Python,Python,Beginner,3.99,19
6947,Machine Learning Intro,Deep Learning,Beginner,3.01,36
6948,Statistics for Data Science,Numpy,Beginner,4.73,39
6949,Neural Networks,SQL,Intermediate,3.67,22
6950,Machine Learning Intro,Pandas,Beginner,4.7,10
6951,Deep Learning Fundamentals,Pandas,Beginner,4.86,22
6952,SQL for Data Science,PyTorch,Intermediate,4.7,9
6953,Python Basics,Data Visualization,Advanced,3.61,30
6954,Python Basics,Linear Algebra,Beginner,4.1,3
6955,Deep Learning Fundamentals,NLP,Intermediate,4.99,30
6956,Computer Vision Basics,Deep Learning,Advanced,3.18,26
6957,Numpy Fundamentals,Numpy,Beginner,4.97,13
6958,Computer Vision Basics,Statistics,Intermediate,4.29,40
6959,Numpy Fundamentals,NLP,Advanced,3.04,40
6960,Python Basics,TensorFlow,Beginner,5.0,39
6961,Python Basics,Computer Vision,Intermediate,3.64,20
6962,Numpy Fundamentals,PyTorch,Advanced,3.01,31
6963,Natural Language Processing,SQL,Beginner,3.45,16
6964,TensorFlow Crash Course,Machine Learning,Advanced,3.37,4
6965,TensorFlow Crash Course,Numpy,Beginner,4.82,19
6966,Computer Vision Basics,Linear Algebra,Beginner,3.73,5
6967,Advanced Python,Pandas,Intermediate,4.27,31
6968,Computer Vision Basics,Linear Algebra,Intermediate,3.61,4
6969,SQL for Data Science,Pandas,Beginner,3.78,29
6970,Machine Learning Intro,SQL,Intermediate,4.17,34
6971,Data Visualization with Python,NLP,Advanced,4.48,6
6972,Machine Learning Intro,TensorFlow,Beginner,3.12,36
6973,Statistics for Data Science,Deep Learning,Advanced,4.74,13
6974,Neural Networks,Linear Algebra,Advanced,3.21,27
6975,Natural Language Processing,Numpy,Advanced,4.43,29
6976,Statistics for Data Science,TensorFlow,Advanced,4.64,37
6977,Machine Learning Intro,Machine Learning,Advanced,4.81,35
6978,Computer Vision Basics,Numpy,Advanced,3.05,21
6979,Natural Language Processing,NLP,Beginner,3.93,14
6980,Deep Learning Fundamentals,Data Visualization,Beginner,4.23,18
6981,Machine Learning Intro,Computer Vision,Advanced,4.54,20
6982,Numpy Fundamentals,Linear Algebra,Advanced,4.38,2
6983,Natural Language Processing,Data Visualization,Beginner,4.9,39
6984,Numpy Fundamentals,Linear Algebra,Intermediate,3.55,6
6985,Pandas for Data Analysis,Python,Intermediate,4.09,40
6986,Natural Language Processing,Numpy,Advanced,4.2,9
6987,Computer Vision Basics,NLP,Beginner,4.97,17
6988,Deep Learning Fundamentals,Linear Algebra,Advanced,3.38,2
6989,Neural Networks,Data Visualization,Intermediate,3.95,35
6990,Deep Learning Fundamentals,Machine Learning,Beginner,3.94,8
6991,Natural Language Processing,PyTorch,Advanced,4.02,40
6992,PyTorch for Deep Learning,Pandas,Intermediate,3.25,14
6993,Numpy Fundamentals,Statistics,Beginner,3.61,18
6994,Python Basics,TensorFlow,Advanced,3.52,29
6995,Statistics for Data Science,Linear Algebra,Advanced,3.74,23
6996,Python Basics,Machine Learning,Intermediate,4.87,2
6997,Deep Learning Fundamentals,PyTorch,Beginner,4.08,4
6998,SQL for Data Science,Pandas,Intermediate,3.61,21
6999,Computer Vision Basics,Linear Algebra,Beginner,4.56,28
7000,Statistics for Data Science,Pandas,Advanced,4.18,36
7001,Computer Vision Basics,TensorFlow,Intermediate,4.48,14
7002,Neural Networks,PyTorch,Advanced,3.71,16
7003,Numpy Fundamentals,Machine Learning,Intermediate,3.98,8
7004,SQL for Data Science,NLP,Intermediate,3.97,36
7005,Neural Networks,PyTorch,Beginner,4.41,33
7006,PyTorch for Deep Learning,PyTorch,Intermediate,4.29,37
7007,TensorFlow Crash Course,Pandas,Beginner,3.77,38
7008,TensorFlow Crash Course,NLP,Intermediate,4.53,14
7009,PyTorch for Deep Learning,Data Analysis,Advanced,4.58,26
7010,Numpy Fundamentals,Data Visualization,Advanced,4.83,12
7011,PyTorch for Deep Learning,Pandas,Advanced,4.73,26
7012,Data Visualization with Python,Pandas,Advanced,4.28,33
7013,Neural Networks,Linear Algebra,Beginner,4.7,32
7014,PyTorch for Deep Learning,Machine Learning,Advanced,3.14,28
7015,Deep Learning Fundamentals,Numpy,Advanced,4.95,27
7016,Computer Vision Basics,SQL,Intermediate,4.48,40
7017,Computer Vision Basics,SQL,Intermediate,4.6,31
7018,Neural Networks,NLP,Advanced,3.21,16
7019,Statistics for Data Science,TensorFlow,Intermediate,4.31,11
7020,Deep Learning Fundamentals,Computer Vision,Advanced,3.66,29
7021,Deep Learning Fundamentals,Linear Algebra,Advanced,3.07,8
7022,Statistics for Data Science,Python,Advanced,4.83,25
7023,Data Visualization with Python,Machine Learning,Intermediate,3.17,25
7024,Pandas for Data Analysis,TensorFlow,Advanced,4.69,6
7025,Machine Learning Intro,Python,Intermediate,3.0,21
7026,Statistics for Data Science,Python,Beginner,3.03,3
7027,Numpy Fundamentals,Data Analysis,Intermediate,4.46,15
7028,Machine Learning Intro,Linear Algebra,Beginner,4.85,22
7029,Advanced Python,Statistics,Beginner,3.68,4
7030,Data Visualization with Python,Numpy,Beginner,4.88,26
7031,Deep Learning Fundamentals,TensorFlow,Advanced,3.55,5
7032,Numpy Fundamentals,Linear Algebra,Beginner,3.65,11
7033,TensorFlow Crash Course,Data Analysis,Beginner,3.22,20
7034,Pandas for Data Analysis,Deep Learning,Advanced,4.64,22
7035,Advanced Python,Numpy,Advanced,4.81,4
7036,SQL for Data Science,Python,Advanced,3.56,13
7037,TensorFlow Crash Course,Python,Beginner,3.23,28
7038,Statistics for Data Science,PyTorch,Beginner,3.51,2
7039,SQL for Data Science,Data Visualization,Advanced,3.6,25
7040,Advanced Python,Computer Vision,Intermediate,4.94,8
7041,TensorFlow Crash Course,Data Analysis,Beginner,3.84,29
7042,Statistics for Data Science,Deep Learning,Beginner,4.65,7
7043,SQL for Data Science,Computer Vision,Beginner,3.3,4
7044,Natural Language Processing,PyTorch,Intermediate,3.56,24
7045,Machine Learning Intro,Linear Algebra,Beginner,3.04,22
7046,Computer Vision Basics,PyTorch,Beginner,3.9,5
7047,Pandas for Data Analysis,Data Visualization,Beginner,3.86,22
7048,Neural Networks,Data Visualization,Beginner,4.77,2
7049,Numpy Fundamentals,TensorFlow,Advanced,3.45,40
7050,Statistics for Data Science,Linear Algebra,Advanced,4.99,21
7051,PyTorch for Deep Learning,PyTorch,Advanced,4.92,32
7052,PyTorch for Deep Learning,Python,Intermediate,3.98,19
7053,Data Visualization with Python,Python,Advanced,4.45,7
7054,SQL for Data Science,Pandas,Advanced,3.06,30
7055,Numpy Fundamentals,Data Visualization,Beginner,3.44,10
7056,PyTorch for Deep Learning,Pandas,Beginner,4.37,15
7057,PyTorch for Deep Learning,Data Analysis,Beginner,3.84,20
7058,SQL for Data Science,Statistics,Beginner,4.28,15
7059,Python Basics,NLP,Intermediate,3.4,12
7060,Neural Networks,Linear Algebra,Advanced,4.26,11
7061,Computer Vision Basics,Linear Algebra,Advanced,3.14,19
7062,Data Visualization with Python,Linear Algebra,Advanced,4.2,34
7063,Machine Learning Intro,Data Analysis,Advanced,3.27,17
7064,Python Basics,Statistics,Advanced,3.91,40
7065,PyTorch for Deep Learning,Python,Advanced,3.5,20
7066,Neural Networks,Pandas,Intermediate,3.9,15
7067,Pandas for Data Analysis,Python,Beginner,4.81,35
7068,Statistics for Data Science,Pandas,Beginner,4.69,18
7069,Computer Vision Basics,Machine Learning,Advanced,3.13,38
7070,SQL for Data Science,TensorFlow,Intermediate,3.32,3
7071,Machine Learning Intro,Linear Algebra,Beginner,3.2,28
7072,Statistics for Data Science,Pandas,Beginner,4.35,29
7073,Advanced Python,Machine Learning,Advanced,3.03,23
7074,Machine Learning Intro,Linear Algebra,Advanced,4.46,29
7075,Data Visualization with Python,Python,Advanced,3.22,12
7076,Deep Learning Fundamentals,Machine Learning,Intermediate,3.09,31
7077,Computer Vision Basics,Data Analysis,Intermediate,3.49,24
7078,PyTorch for Deep Learning,Pandas,Intermediate,4.9,17
7079,Neural Networks,Statistics,Beginner,3.57,29
7080,Numpy Fundamentals,Data Analysis,Beginner,4.44,30
7081,Numpy Fundamentals,NLP,Advanced,4.92,12
7082,Python Basics,Python,Intermediate,3.51,36
7083,Data Visualization with Python,Numpy,Beginner,4.5,35
7084,Data Visualization with Python,Linear Algebra,Advanced,4.03,3
7085,Machine Learning Intro,NLP,Beginner,3.8,36
7086,TensorFlow Crash Course,Data Visualization,Advanced,4.11,40
7087,Statistics for Data Science,SQL,Beginner,3.66,28
7088,Computer Vision Basics,TensorFlow,Beginner,3.8,19
7089,TensorFlow Crash Course,Machine Learning,Beginner,3.33,15
7090,Neural Networks,Computer Vision,Advanced,3.7,27
7091,TensorFlow Crash Course,Linear Algebra,Advanced,4.27,3
7092,Natural Language Processing,Data Analysis,Intermediate,3.6,33
7093,Computer Vision Basics,PyTorch,Beginner,3.92,38
7094,Machine Learning Intro,Numpy,Beginner,4.44,29
7095,Data Visualization with Python,Data Analysis,Beginner,4.96,5
7096,PyTorch for Deep Learning,Numpy,Advanced,3.74,31
7097,Natural Language Processing,Statistics,Intermediate,3.69,26
7098,TensorFlow Crash Course,Computer Vision,Advanced,3.57,8
7099,Advanced Python,Deep Learning,Intermediate,3.69,30
7100,SQL for Data Science,Machine Learning,Intermediate,3.06,8
7101,Natural Language Processing,Linear Algebra,Intermediate,3.03,34
7102,Pandas for Data Analysis,Numpy,Beginner,3.59,36
7103,Machine Learning Intro,PyTorch,Advanced,3.57,8
7104,Machine Learning Intro,Data Visualization,Advanced,3.88,23
7105,Neural Networks,Python,Advanced,4.67,13
7106,PyTorch for Deep Learning,Deep Learning,Beginner,4.06,21
7107,Pandas for Data Analysis,Numpy,Beginner,4.51,13
7108,Statistics for Data Science,Numpy,Advanced,4.48,24
7109,Statistics for Data Science,Computer Vision,Advanced,3.92,34
7110,Machine Learning Intro,Pandas,Intermediate,3.29,27
7111,Machine Learning Intro,Data Analysis,Intermediate,3.09,39
7112,Computer Vision Basics,Computer Vision,Beginner,4.54,29
7113,Numpy Fundamentals,NLP,Beginner,4.88,23
7114,Numpy Fundamentals,Computer Vision,Beginner,3.96,35
7115,Python Basics,Machine Learning,Beginner,4.53,13
7116,Machine Learning Intro,Data Analysis,Advanced,4.79,7
7117,Pandas for Data Analysis,PyTorch,Advanced,4.42,4
7118,Natural Language Processing,PyTorch,Beginner,4.92,10
7119,Advanced Python,TensorFlow,Advanced,4.24,4
7120,Python Basics,Numpy,Beginner,4.99,35
7121,Machine Learning Intro,Python,Beginner,4.66,27
7122,PyTorch for Deep Learning,Data Visualization,Advanced,4.81,8
7123,Natural Language Processing,Data Analysis,Beginner,3.59,10
7124,PyTorch for Deep Learning,Deep Learning,Beginner,3.91,35
7125,Neural Networks,Pandas,Advanced,3.12,23
7126,Numpy Fundamentals,Numpy,Intermediate,4.91,7
7127,Pandas for Data Analysis,TensorFlow,Advanced,3.18,16
7128,Machine Learning Intro,Computer Vision,Intermediate,4.61,4
7129,Python Basics,SQL,Intermediate,3.91,34
7130,Advanced Python,Linear Algebra,Intermediate,4.9,8
7131,Deep Learning Fundamentals,Machine Learning,Intermediate,3.58,20
7132,Python Basics,Data Analysis,Advanced,4.85,22
7133,Natural Language Processing,Deep Learning,Advanced,3.66,24
7134,PyTorch for Deep Learning,Python,Beginner,4.63,7
7135,PyTorch for Deep Learning,SQL,Beginner,4.37,28
7136,Advanced Python,NLP,Advanced,4.77,34
7137,Pandas for Data Analysis,Numpy,Advanced,3.38,5
7138,Numpy Fundamentals,Data Visualization,Beginner,3.18,36
7139,Machine Learning Intro,Statistics,Intermediate,4.28,31
7140,Neural Networks,Data Visualization,Beginner,4.85,10
7141,Deep Learning Fundamentals,Linear Algebra,Intermediate,3.28,36
7142,Numpy Fundamentals,Computer Vision,Intermediate,3.71,13
7143,Numpy Fundamentals,NLP,Intermediate,4.89,37
7144,Deep Learning Fundamentals,SQL,Advanced,3.35,36
7145,TensorFlow Crash Course,Pandas,Intermediate,4.93,39
7146,Python Basics,PyTorch,Beginner,4.08,6
7147,Python Basics,Statistics,Intermediate,3.53,11
7148,Advanced Python,Computer Vision,Advanced,3.75,21
7149,Advanced Python,PyTorch,Advanced,3.19,21
7150,Python Basics,Computer Vision,Beginner,4.13,39
7151,Deep Learning Fundamentals,Data Visualization,Intermediate,3.49,18
7152,PyTorch for Deep Learning,Machine Learning,Advanced,4.96,28
7153,Computer Vision Basics,Linear Algebra,Beginner,4.02,10
7154,Pandas for Data Analysis,Computer Vision,Beginner,4.03,14
7155,Neural Networks,Deep Learning,Beginner,3.89,18
7156,Statistics for Data Science,Data Analysis,Beginner,3.76,13
7157,Machine Learning Intro,Linear Algebra,Advanced,3.56,26
7158,Machine Learning Intro,Data Analysis,Intermediate,3.93,15
7159,SQL for Data Science,Numpy,Intermediate,4.19,40
7160,Advanced Python,Linear Algebra,Intermediate,3.7,30
7161,Neural Networks,NLP,Beginner,3.3,4
7162,SQL for Data Science,Data Visualization,Intermediate,3.27,38
7163,Neural Networks,Statistics,Advanced,4.44,37
7164,Machine Learning Intro,NLP,Advanced,3.31,29
7165,Python Basics,Machine Learning,Intermediate,3.83,37
7166,Neural Networks,Linear Algebra,Advanced,3.71,36
7167,Statistics for Data Science,Deep Learning,Intermediate,3.75,2
7168,Neural Networks,Linear Algebra,Intermediate,4.51,11
7169,Pandas for Data Analysis,Computer Vision,Intermediate,4.83,8
7170,TensorFlow Crash Course,Data Analysis,Advanced,4.46,15
7171,Deep Learning Fundamentals,PyTorch,Intermediate,3.06,29
7172,Python Basics,Pandas,Advanced,3.07,33
7173,Statistics for Data Science,Numpy,Intermediate,3.06,6
7174,Deep Learning Fundamentals,TensorFlow,Beginner,4.73,39
7175,Python Basics,Machine Learning,Intermediate,3.88,10
7176,Deep Learning Fundamentals,TensorFlow,Beginner,3.78,15
7177,PyTorch for Deep Learning,Python,Intermediate,3.19,24
7178,Statistics for Data Science,Python,Intermediate,4.92,10
7179,Python Basics,PyTorch,Advanced,4.99,36
7180,Data Visualization with Python,Deep Learning,Intermediate,4.69,26
7181,Python Basics,Numpy,Beginner,3.56,36
7182,Computer Vision Basics,Statistics,Intermediate,4.47,26
7183,SQL for Data Science,Data Visualization,Intermediate,3.37,20
7184,Data Visualization with Python,TensorFlow,Beginner,3.04,28
7185,Natural Language Processing,Numpy,Intermediate,3.26,23
7186,Deep Learning Fundamentals,Deep Learning,Advanced,3.92,3
7187,Natural Language Processing,PyTorch,Advanced,4.89,27
7188,SQL for Data Science,Machine Learning,Intermediate,3.23,23
7189,Pandas for Data Analysis,NLP,Beginner,3.02,5
7190,PyTorch for Deep Learning,Pandas,Intermediate,4.02,13
7191,Numpy Fundamentals,Data Analysis,Beginner,4.63,37
7192,TensorFlow Crash Course,Machine Learning,Intermediate,4.78,14
7193,Natural Language Processing,SQL,Advanced,4.98,38
7194,Machine Learning Intro,Machine Learning,Intermediate,3.71,34
7195,PyTorch for Deep Learning,Machine Learning,Intermediate,4.92,25
7196,Statistics for Data Science,Machine Learning,Beginner,3.96,22
7197,Pandas for Data Analysis,PyTorch,Intermediate,3.44,32
7198,Advanced Python,Numpy,Advanced,3.15,6
7199,TensorFlow Crash Course,PyTorch,Intermediate,4.32,6
7200,Python Basics,Data Visualization,Advanced,4.86,21
7201,Python Basics,Numpy,Intermediate,4.03,13
7202,Natural Language Processing,Linear Algebra,Advanced,4.79,18
7203,Numpy Fundamentals,Python,Advanced,3.75,24
7204,PyTorch for Deep Learning,Computer Vision,Beginner,4.36,19
7205,Advanced Python,NLP,Advanced,4.29,13
7206,Natural Language Processing,Computer Vision,Intermediate,3.52,20
7207,Statistics for Data Science,Statistics,Advanced,3.07,30
7208,Numpy Fundamentals,PyTorch,Intermediate,4.39,5
7209,TensorFlow Crash Course,Data Analysis,Beginner,3.64,19
7210,Statistics for Data Science,Machine Learning,Intermediate,4.77,3
7211,Natural Language Processing,Numpy,Intermediate,3.56,33
7212,Statistics for Data Science,Data Visualization,Advanced,4.03,2
7213,Python Basics,Deep Learning,Beginner,4.84,31
7214,Deep Learning Fundamentals,Linear Algebra,Beginner,3.21,39
7215,Deep Learning Fundamentals,Data Visualization,Advanced,3.26,24
7216,Machine Learning Intro,PyTorch,Intermediate,3.01,7
7217,Numpy Fundamentals,NLP,Intermediate,3.95,6
7218,Pandas for Data Analysis,Data Analysis,Advanced,3.04,36
7219,Data Visualization with Python,Linear Algebra,Advanced,4.93,26
7220,Natural Language Processing,Python,Advanced,4.42,15
7221,Statistics for Data Science,Data Visualization,Intermediate,3.39,16
7222,Pandas for Data Analysis,Linear Algebra,Beginner,4.55,27
7223,TensorFlow Crash Course,Statistics,Advanced,3.27,14
7224,Data Visualization with Python,Deep Learning,Beginner,4.3,29
7225,Neural Networks,Python,Beginner,3.17,23
7226,Python Basics,SQL,Advanced,3.68,26
7227,Deep Learning Fundamentals,PyTorch,Beginner,4.54,2
7228,Machine Learning Intro,SQL,Intermediate,3.3,18
7229,Numpy Fundamentals,Machine Learning,Advanced,4.16,34
7230,Natural Language Processing,Computer Vision,Advanced,3.9,22
7231,Neural Networks,Pandas,Intermediate,4.66,12
7232,Natural Language Processing,Statistics,Intermediate,3.25,17
7233,TensorFlow Crash Course,Statistics,Intermediate,4.91,25
7234,Python Basics,Linear Algebra,Intermediate,4.45,28
7235,Pandas for Data Analysis,Data Analysis,Intermediate,3.99,7
7236,Machine Learning Intro,Deep Learning,Beginner,4.52,39
7237,PyTorch for Deep Learning,Machine Learning,Intermediate,3.06,32
7238,Python Basics,Linear Algebra,Beginner,3.69,35
7239,TensorFlow Crash Course,PyTorch,Beginner,3.51,16
7240,Deep Learning Fundamentals,PyTorch,Advanced,4.36,17
7241,Pandas for Data Analysis,Data Analysis,Advanced,4.45,31
7242,Pandas for Data Analysis,Deep Learning,Intermediate,4.12,9
7243,Numpy Fundamentals,SQL,Intermediate,4.09,40
7244,Computer Vision Basics,TensorFlow,Advanced,4.84,8
7245,Numpy Fundamentals,Data Visualization,Advanced,4.23,17
7246,Machine Learning Intro,Python,Advanced,4.27,33
7247,Machine Learning Intro,PyTorch,Intermediate,3.57,30
7248,Statistics for Data Science,SQL,Advanced,3.89,2
7249,Deep Learning Fundamentals,NLP,Intermediate,3.95,31
7250,Data Visualization with Python,SQL,Beginner,3.54,17
7251,Statistics for Data Science,Pandas,Advanced,3.56,12
7252,Statistics for Data Science,Python,Advanced,3.39,24
7253,Machine Learning Intro,Computer Vision,Intermediate,3.77,15
7254,TensorFlow Crash Course,Deep Learning,Beginner,3.62,19
7255,PyTorch for Deep Learning,Numpy,Beginner,3.97,15
7256,Deep Learning Fundamentals,Python,Advanced,4.43,33
7257,Neural Networks,Data Visualization,Advanced,3.04,40
7258,TensorFlow Crash Course,Machine Learning,Advanced,4.7,18
7259,Advanced Python,Data Visualization,Advanced,3.57,37
7260,Advanced Python,NLP,Advanced,3.29,11
7261,Python Basics,Python,Intermediate,3.52,31
7262,Pandas for Data Analysis,Statistics,Beginner,4.04,21
7263,Pandas for Data Analysis,Linear Algebra,Beginner,4.26,14
7264,Python Basics,NLP,Beginner,4.57,40
7265,Neural Networks,Statistics,Beginner,4.45,33
7266,Statistics for Data Science,Computer Vision,Beginner,3.89,40
7267,SQL for Data Science,Data Analysis,Beginner,3.14,6
7268,PyTorch for Deep Learning,Data Analysis,Beginner,3.74,25
7269,Statistics for Data Science,Machine Learning,Advanced,4.69,34
7270,SQL for Data Science,PyTorch,Beginner,3.95,21
7271,SQL for Data Science,Pandas,Advanced,3.65,20
7272,Python Basics,Python,Intermediate,4.69,7
7273,Advanced Python,Statistics,Advanced,4.9,28
7274,Deep Learning Fundamentals,Computer Vision,Beginner,4.39,31
7275,Computer Vision Basics,Pandas,Advanced,4.24,35
7276,Computer Vision Basics,Data Analysis,Intermediate,3.22,10
7277,Computer Vision Basics,Linear Algebra,Beginner,3.36,12
7278,Deep Learning Fundamentals,Statistics,Intermediate,4.33,31
7279,Machine Learning Intro,Python,Intermediate,4.05,11
7280,Pandas for Data Analysis,NLP,Beginner,4.27,12
7281,Pandas for Data Analysis,Machine Learning,Beginner,4.42,27
7282,Python Basics,TensorFlow,Intermediate,3.61,21
7283,Numpy Fundamentals,NLP,Intermediate,4.19,15
7284,Neural Networks,Data Visualization,Beginner,4.97,12
7285,PyTorch for Deep Learning,PyTorch,Beginner,3.58,22
7286,Advanced Python,Numpy,Beginner,3.95,29
7287,Advanced Python,SQL,Intermediate,4.42,29
7288,Statistics for Data Science,Numpy,Intermediate,3.85,22
7289,Machine Learning Intro,Machine Learning,Advanced,3.08,34
7290,Machine Learning Intro,NLP,Beginner,4.59,32
7291,Deep Learning Fundamentals,Data Analysis,Beginner,3.06,14
7292,PyTorch for Deep Learning,Statistics,Beginner,3.3,14
7293,Advanced Python,Linear Algebra,Advanced,4.79,24
7294,Statistics for Data Science,Pandas,Beginner,4.66,38
7295,TensorFlow Crash Course,Deep Learning,Advanced,4.29,38
7296,Statistics for Data Science,PyTorch,Beginner,4.8,18
7297,Python Basics,PyTorch,Beginner,4.92,32
7298,Statistics for Data Science,Computer Vision,Intermediate,3.85,4
7299,SQL for Data Science,NLP,Beginner,4.72,25
7300,Pandas for Data Analysis,Data Analysis,Beginner,4.76,5
7301,Pandas for Data Analysis,Data Visualization,Beginner,3.43,29
7302,PyTorch for Deep Learning,Data Visualization,Beginner,4.8,34
7303,Pandas for Data Analysis,Statistics,Beginner,4.65,37
7304,Pandas for Data Analysis,SQL,Beginner,4.74,16
7305,SQL for Data Science,NLP,Advanced,3.35,9
7306,Statistics for Data Science,Linear Algebra,Intermediate,4.32,31
7307,Neural Networks,Linear Algebra,Beginner,3.34,16
7308,Pandas for Data Analysis,Linear Algebra,Intermediate,4.97,39
7309,Computer Vision Basics,TensorFlow,Intermediate,3.0,8
7310,Computer Vision Basics,Pandas,Beginner,3.82,2
7311,Machine Learning Intro,Numpy,Advanced,4.75,39
7312,TensorFlow Crash Course,PyTorch,Beginner,4.15,18
7313,Statistics for Data Science,Data Analysis,Advanced,4.08,18
7314,Natural Language Processing,NLP,Intermediate,3.43,24
7315,Numpy Fundamentals,Data Visualization,Intermediate,4.96,34
7316,PyTorch for Deep Learning,TensorFlow,Beginner,4.93,32
7317,Pandas for Data Analysis,NLP,Beginner,4.38,19
7318,SQL for Data Science,Machine Learning,Advanced,3.42,2
7319,Advanced Python,SQL,Intermediate,3.43,28
7320,Advanced Python,Data Analysis,Advanced,3.59,20
7321,Pandas for Data Analysis,Machine Learning,Advanced,3.57,12
7322,Statistics for Data Science,Deep Learning,Advanced,3.46,21
7323,TensorFlow Crash Course,NLP,Advanced,4.23,22
7324,PyTorch for Deep Learning,Data Visualization,Beginner,4.68,6
7325,Statistics for Data Science,Machine Learning,Intermediate,4.07,40
7326,Numpy Fundamentals,PyTorch,Intermediate,3.0,19
7327,Natural Language Processing,Linear Algebra,Beginner,3.4,31
7328,PyTorch for Deep Learning,Machine Learning,Intermediate,4.7,11
7329,Numpy Fundamentals,Machine Learning,Beginner,4.59,19
7330,Data Visualization with Python,Deep Learning,Intermediate,3.06,30
7331,Computer Vision Basics,Pandas,Intermediate,3.12,12
7332,Statistics for Data Science,Deep Learning,Advanced,3.17,21
7333,Natural Language Processing,Linear Algebra,Advanced,4.88,18
7334,Deep Learning Fundamentals,Statistics,Advanced,4.0,4
7335,Statistics for Data Science,Numpy,Intermediate,4.4,13
7336,Python Basics,PyTorch,Advanced,3.1,30
7337,PyTorch for Deep Learning,Data Visualization,Intermediate,3.77,34
7338,SQL for Data Science,Computer Vision,Advanced,4.53,30
7339,Pandas for Data Analysis,NLP,Advanced,4.41,28
7340,Statistics for Data Science,Data Analysis,Beginner,4.16,23
7341,Data Visualization with Python,Numpy,Advanced,3.4,34
7342,PyTorch for Deep Learning,PyTorch,Beginner,3.5,6
7343,TensorFlow Crash Course,SQL,Intermediate,3.75,2
7344,PyTorch for Deep Learning,Numpy,Beginner,4.82,11
7345,Deep Learning Fundamentals,Deep Learning,Intermediate,4.86,6
7346,SQL for Data Science,Statistics,Beginner,3.01,32
7347,Machine Learning Intro,Numpy,Intermediate,3.2,16
7348,Machine Learning Intro,Pandas,Advanced,4.34,36
7349,Python Basics,Deep Learning,Intermediate,3.01,3
7350,Numpy Fundamentals,NLP,Advanced,3.17,25
7351,PyTorch for Deep Learning,Statistics,Beginner,3.82,23
7352,Python Basics,NLP,Intermediate,4.39,6
7353,Natural Language Processing,Python,Advanced,3.02,20
7354,Python Basics,Data Visualization,Beginner,3.38,29
7355,Data Visualization with Python,Linear Algebra,Advanced,4.57,38
7356,Statistics for Data Science,Data Analysis,Beginner,3.12,35
7357,TensorFlow Crash Course,TensorFlow,Advanced,4.55,21
7358,Deep Learning Fundamentals,SQL,Intermediate,3.76,29
7359,Pandas for Data Analysis,Data Visualization,Advanced,4.36,7
7360,Deep Learning Fundamentals,Linear Algebra,Intermediate,4.34,5
7361,Deep Learning Fundamentals,Pandas,Beginner,4.59,16
7362,Pandas for Data Analysis,Numpy,Advanced,3.72,22
7363,Python Basics,Pandas,Intermediate,3.46,22
7364,Python Basics,Linear Algebra,Beginner,3.24,11
7365,SQL for Data Science,Deep Learning,Beginner,3.42,8
7366,TensorFlow Crash Course,Numpy,Advanced,3.47,10
7367,Natural Language Processing,Python,Beginner,3.37,2
7368,SQL for Data Science,TensorFlow,Advanced,4.29,14
7369,Numpy Fundamentals,PyTorch,Beginner,3.0,18
7370,Advanced Python,Data Analysis,Advanced,4.33,31
7371,Numpy Fundamentals,Data Analysis,Beginner,4.67,13
7372,Neural Networks,Python,Advanced,3.78,37
7373,Neural Networks,TensorFlow,Advanced,4.28,38
7374,Advanced Python,Python,Intermediate,3.42,30
7375,PyTorch for Deep Learning,Machine Learning,Intermediate,4.56,21
7376,TensorFlow Crash Course,Statistics,Beginner,4.05,31
7377,SQL for Data Science,Data Visualization,Intermediate,3.07,31
7378,Data Visualization with Python,PyTorch,Advanced,3.79,26
7379,Data Visualization with Python,Statistics,Advanced,4.4,29
7380,Neural Networks,SQL,Beginner,4.95,28
7381,TensorFlow Crash Course,Pandas,Advanced,3.4,37
7382,Neural Networks,Data Analysis,Advanced,4.86,24
7383,Pandas for Data Analysis,Statistics,Beginner,3.08,22
7384,TensorFlow Crash Course,NLP,Advanced,4.82,17
7385,TensorFlow Crash Course,Data Analysis,Advanced,4.29,22
7386,SQL for Data Science,TensorFlow,Advanced,3.56,36
7387,Neural Networks,Data Visualization,Beginner,3.79,3
7388,Advanced Python,Machine Learning,Advanced,4.61,15
7389,Neural Networks,TensorFlow,Beginner,3.71,23
7390,SQL for Data Science,Data Analysis,Intermediate,3.15,18
7391,SQL for Data Science,Deep Learning,Intermediate,3.98,37
7392,Deep Learning Fundamentals,Python,Advanced,4.58,40
7393,Natural Language Processing,Data Analysis,Beginner,3.59,16
7394,Natural Language Processing,Statistics,Advanced,3.74,33
7395,Data Visualization with Python,Pandas,Advanced,4.81,22
7396,Data Visualization with Python,PyTorch,Advanced,3.16,8
7397,PyTorch for Deep Learning,Data Visualization,Intermediate,3.77,23
7398,Machine Learning Intro,Data Visualization,Advanced,4.11,24
7399,Natural Language Processing,Statistics,Intermediate,3.44,33
7400,TensorFlow Crash Course,Pandas,Advanced,3.8,8
7401,Data Visualization with Python,Machine Learning,Beginner,3.14,14
7402,Pandas for Data Analysis,Data Visualization,Intermediate,3.83,39
7403,Python Basics,Deep Learning,Intermediate,4.24,18
7404,TensorFlow Crash Course,Data Analysis,Advanced,3.25,6
7405,Neural Networks,PyTorch,Beginner,3.02,4
7406,Numpy Fundamentals,Data Analysis,Beginner,3.02,14
7407,Computer Vision Basics,Machine Learning,Advanced,3.68,9
7408,SQL for Data Science,PyTorch,Beginner,4.6,26
7409,Numpy Fundamentals,Data Analysis,Intermediate,4.07,27
7410,Statistics for Data Science,Data Analysis,Advanced,3.34,28
7411,Data Visualization with Python,Data Visualization,Intermediate,3.23,35
7412,Advanced Python,Data Visualization,Intermediate,4.89,27
7413,Numpy Fundamentals,Machine Learning,Advanced,4.66,31
7414,Statistics for Data Science,Computer Vision,Intermediate,4.2,39
7415,Statistics for Data Science,Data Analysis,Beginner,3.33,3
7416,Computer Vision Basics,Linear Algebra,Intermediate,3.2,5
7417,Statistics for Data Science,Statistics,Beginner,3.02,33
7418,Computer Vision Basics,Numpy,Intermediate,4.7,17
7419,Machine Learning Intro,TensorFlow,Advanced,3.45,9
7420,Pandas for Data Analysis,Deep Learning,Intermediate,4.6,34
7421,Natural Language Processing,Linear Algebra,Advanced,4.56,4
7422,Computer Vision Basics,Statistics,Intermediate,3.4,28
7423,Advanced Python,Deep Learning,Beginner,3.07,21
7424,PyTorch for Deep Learning,Data Analysis,Advanced,4.54,17
7425,Data Visualization with Python,Statistics,Intermediate,3.42,33
7426,Statistics for Data Science,Machine Learning,Intermediate,4.03,36
7427,Advanced Python,Statistics,Advanced,3.65,8
7428,Neural Networks,Pandas,Beginner,4.01,10
7429,Pandas for Data Analysis,PyTorch,Advanced,4.52,6
7430,SQL for Data Science,Python,Beginner,4.2,39
7431,SQL for Data Science,Data Visualization,Beginner,4.27,23
7432,PyTorch for Deep Learning,NLP,Advanced,4.39,17
7433,Pandas for Data Analysis,Computer Vision,Beginner,3.74,33
7434,Natural Language Processing,Computer Vision,Beginner,3.41,34
7435,Numpy Fundamentals,Computer Vision,Advanced,3.31,20
7436,Advanced Python,Computer Vision,Beginner,4.79,34
7437,Computer Vision Basics,Python,Intermediate,3.4,29
7438,SQL for Data Science,Data Analysis,Intermediate,4.15,17
7439,Python Basics,SQL,Intermediate,4.21,32
7440,Advanced Python,Linear Algebra,Advanced,4.41,2
7441,Machine Learning Intro,Python,Intermediate,4.34,37
7442,Machine Learning Intro,Pandas,Intermediate,4.13,16
7443,Machine Learning Intro,NLP,Advanced,3.95,37
7444,SQL for Data Science,Data Visualization,Advanced,3.97,27
7445,Machine Learning Intro,Machine Learning,Advanced,4.26,2
7446,Pandas for Data Analysis,Linear Algebra,Intermediate,3.92,4
7447,Numpy Fundamentals,Pandas,Beginner,4.17,9
7448,Statistics for Data Science,TensorFlow,Advanced,3.49,19
7449,PyTorch for Deep Learning,Data Analysis,Advanced,4.88,31
7450,Numpy Fundamentals,Deep Learning,Advanced,4.55,17
7451,PyTorch for Deep Learning,SQL,Intermediate,4.53,22
7452,Data Visualization with Python,Pandas,Advanced,3.06,31
7453,Data Visualization with Python,Statistics,Advanced,3.72,10
7454,SQL for Data Science,Statistics,Intermediate,3.92,31
7455,Machine Learning Intro,Deep Learning,Advanced,3.22,26
7456,Computer Vision Basics,Numpy,Intermediate,4.4,28
7457,Machine Learning Intro,Deep Learning,Beginner,4.4,15
7458,Python Basics,Linear Algebra,Beginner,4.12,6
7459,Advanced Python,Python,Intermediate,3.75,34
7460,Pandas for Data Analysis,PyTorch,Intermediate,4.49,40
7461,Pandas for Data Analysis,Pandas,Intermediate,4.75,20
7462,Neural Networks,PyTorch,Advanced,4.23,26
7463,Deep Learning Fundamentals,Computer Vision,Beginner,3.15,31
7464,Pandas for Data Analysis,SQL,Beginner,3.58,28
7465,Neural Networks,Data Visualization,Beginner,4.97,40
7466,Numpy Fundamentals,Numpy,Advanced,4.55,24
7467,PyTorch for Deep Learning,Deep Learning,Beginner,4.27,33
7468,Deep Learning Fundamentals,TensorFlow,Beginner,3.6,25
7469,Machine Learning Intro,Linear Algebra,Intermediate,4.55,40
7470,Deep Learning Fundamentals,Machine Learning,Advanced,4.5,21
7471,Statistics for Data Science,Computer Vision,Advanced,4.75,28
7472,Computer Vision Basics,SQL,Intermediate,4.2,36
7473,Neural Networks,Python,Intermediate,3.89,9
7474,Data Visualization with Python,PyTorch,Beginner,4.93,17
7475,Python Basics,SQL,Intermediate,4.57,8
7476,Machine Learning Intro,PyTorch,Intermediate,4.4,20
7477,SQL for Data Science,SQL,Beginner,3.54,13
7478,SQL for Data Science,Machine Learning,Intermediate,4.82,11
7479,Data Visualization with Python,Machine Learning,Advanced,3.36,7
7480,TensorFlow Crash Course,SQL,Beginner,3.61,7
7481,Statistics for Data Science,Machine Learning,Beginner,4.11,4
7482,Natural Language Processing,Data Visualization,Advanced,4.47,22
7483,Computer Vision Basics,Pandas,Advanced,3.4,11
7484,PyTorch for Deep Learning,Computer Vision,Intermediate,3.65,34
7485,Neural Networks,Data Analysis,Advanced,3.77,34
7486,Python Basics,SQL,Advanced,4.96,18
7487,PyTorch for Deep Learning,Deep Learning,Beginner,4.0,10
7488,TensorFlow Crash Course,Data Visualization,Intermediate,3.66,20
7489,Statistics for Data Science,Python,Intermediate,3.42,40
7490,Pandas for Data Analysis,Statistics,Intermediate,3.52,31
7491,Deep Learning Fundamentals,Data Visualization,Advanced,3.2,21
7492,Computer Vision Basics,Pandas,Advanced,4.96,39
7493,PyTorch for Deep Learning,Data Analysis,Intermediate,3.58,34
7494,Advanced Python,Python,Advanced,3.75,27
7495,PyTorch for Deep Learning,PyTorch,Beginner,4.32,3
7496,Deep Learning Fundamentals,Statistics,Beginner,3.11,30
7497,Computer Vision Basics,Deep Learning,Advanced,3.88,13
7498,PyTorch for Deep Learning,Linear Algebra,Beginner,4.91,25
7499,Natural Language Processing,Computer Vision,Intermediate,3.39,21
7500,PyTorch for Deep Learning,Computer Vision,Advanced,4.81,10
7501,Machine Learning Intro,PyTorch,Advanced,3.62,23
7502,Numpy Fundamentals,Data Visualization,Beginner,4.8,25
7503,PyTorch for Deep Learning,Pandas,Advanced,3.98,19
7504,Statistics for Data Science,PyTorch,Beginner,4.48,32
7505,Python Basics,Statistics,Intermediate,4.07,11
7506,Neural Networks,Machine Learning,Beginner,3.65,33
7507,PyTorch for Deep Learning,Computer Vision,Advanced,4.03,28
7508,Statistics for Data Science,Pandas,Advanced,3.78,22
7509,SQL for Data Science,Linear Algebra,Beginner,4.68,19
7510,TensorFlow Crash Course,Deep Learning,Advanced,3.87,13
7511,PyTorch for Deep Learning,Machine Learning,Advanced,4.98,16
7512,Natural Language Processing,Computer Vision,Advanced,3.9,19
7513,Natural Language Processing,PyTorch,Beginner,3.58,13
7514,Data Visualization with Python,Deep Learning,Intermediate,4.6,38
7515,PyTorch for Deep Learning,Numpy,Beginner,3.39,8
7516,PyTorch for Deep Learning,Deep Learning,Advanced,4.72,35
7517,Neural Networks,Deep Learning,Beginner,3.21,8
7518,Machine Learning Intro,Numpy,Intermediate,4.2,40
7519,Machine Learning Intro,Pandas,Intermediate,4.72,13
7520,PyTorch for Deep Learning,PyTorch,Intermediate,3.35,36
7521,Natural Language Processing,NLP,Beginner,4.07,24
7522,SQL for Data Science,NLP,Beginner,3.57,22
7523,Data Visualization with Python,Pandas,Beginner,4.62,24
7524,Deep Learning Fundamentals,Linear Algebra,Advanced,4.15,21
7525,Computer Vision Basics,TensorFlow,Beginner,3.05,3
7526,SQL for Data Science,Linear Algebra,Advanced,4.2,12
7527,Python Basics,SQL,Intermediate,4.13,6
7528,PyTorch for Deep Learning,TensorFlow,Intermediate,3.94,28
7529,Deep Learning Fundamentals,SQL,Beginner,3.76,8
7530,Pandas for Data Analysis,Data Analysis,Beginner,3.65,22
7531,Pandas for Data Analysis,PyTorch,Beginner,4.49,31
7532,TensorFlow Crash Course,Deep Learning,Beginner,4.43,8
7533,Statistics for Data Science,NLP,Advanced,4.29,9
7534,Data Visualization with Python,TensorFlow,Beginner,4.29,21
7535,Neural Networks,PyTorch,Intermediate,4.89,30
7536,PyTorch for Deep Learning,TensorFlow,Beginner,4.62,40
7537,Numpy Fundamentals,Data Analysis,Intermediate,3.62,38
7538,TensorFlow Crash Course,Statistics,Beginner,3.52,36
7539,Deep Learning Fundamentals,Data Visualization,Advanced,4.69,11
7540,Deep Learning Fundamentals,Pandas,Beginner,4.5,35
7541,Advanced Python,Computer Vision,Intermediate,4.92,14
7542,Data Visualization with Python,Machine Learning,Intermediate,4.06,2
7543,Python Basics,Data Visualization,Advanced,4.94,19
7544,Computer Vision Basics,Pandas,Advanced,4.22,20
7545,Numpy Fundamentals,Statistics,Intermediate,4.45,29
7546,Numpy Fundamentals,PyTorch,Beginner,4.43,10
7547,Numpy Fundamentals,Pandas,Intermediate,4.33,17
7548,Advanced Python,Linear Algebra,Beginner,4.97,30
7549,Neural Networks,Data Analysis,Beginner,3.63,15
7550,Advanced Python,Pandas,Advanced,4.16,8
7551,Advanced Python,Data Analysis,Intermediate,3.98,37
7552,PyTorch for Deep Learning,Computer Vision,Beginner,3.97,18
7553,Pandas for Data Analysis,Python,Beginner,3.52,25
7554,Machine Learning Intro,SQL,Intermediate,3.63,19
7555,Numpy Fundamentals,Numpy,Intermediate,4.9,33
7556,Advanced Python,NLP,Advanced,4.1,6
7557,Neural Networks,TensorFlow,Intermediate,3.05,24
7558,Advanced Python,NLP,Intermediate,4.28,16
7559,Numpy Fundamentals,Machine Learning,Intermediate,4.3,7
7560,Neural Networks,PyTorch,Intermediate,3.59,9
7561,Numpy Fundamentals,SQL,Beginner,4.48,16
7562,TensorFlow Crash Course,Linear Algebra,Beginner,3.93,35
7563,Machine Learning Intro,Data Visualization,Advanced,5.0,5
7564,Deep Learning Fundamentals,Python,Advanced,4.03,2
7565,Statistics for Data Science,NLP,Intermediate,3.31,2
7566,Pandas for Data Analysis,Computer Vision,Beginner,4.9,34
7567,SQL for Data Science,PyTorch,Beginner,3.64,6
7568,Statistics for Data Science,Deep Learning,Beginner,3.74,17
7569,Pandas for Data Analysis,Deep Learning,Intermediate,4.91,18
7570,Computer Vision Basics,Pandas,Intermediate,3.02,22
7571,Pandas for Data Analysis,Data Visualization,Beginner,4.08,14
7572,Advanced Python,PyTorch,Intermediate,4.41,22
7573,Computer Vision Basics,PyTorch,Beginner,3.15,30
7574,Natural Language Processing,Linear Algebra,Beginner,4.92,6
7575,PyTorch for Deep Learning,Data Visualization,Beginner,3.7,33
7576,Python Basics,Pandas,Beginner,4.14,30
7577,Computer Vision Basics,Data Visualization,Advanced,3.29,35
7578,Machine Learning Intro,Machine Learning,Beginner,4.22,3
7579,Data Visualization with Python,Pandas,Intermediate,4.23,3
7580,Data Visualization with Python,Linear Algebra,Beginner,3.82,7
7581,SQL for Data Science,TensorFlow,Intermediate,3.82,23
7582,Data Visualization with Python,SQL,Beginner,4.39,36
7583,Pandas for Data Analysis,Computer Vision,Intermediate,3.27,8
7584,TensorFlow Crash Course,PyTorch,Intermediate,3.64,40
7585,Computer Vision Basics,Computer Vision,Beginner,4.36,16
7586,Deep Learning Fundamentals,Machine Learning,Advanced,3.57,34
7587,Deep Learning Fundamentals,Machine Learning,Beginner,3.87,13
7588,Natural Language Processing,PyTorch,Intermediate,3.61,38
7589,Machine Learning Intro,Numpy,Intermediate,3.92,36
7590,Deep Learning Fundamentals,Linear Algebra,Intermediate,3.65,2
7591,Statistics for Data Science,SQL,Beginner,3.45,16
7592,Computer Vision Basics,SQL,Advanced,4.97,7
7593,PyTorch for Deep Learning,Computer Vision,Beginner,3.07,40
7594,Numpy Fundamentals,Statistics,Advanced,4.02,39
7595,Deep Learning Fundamentals,Computer Vision,Intermediate,4.67,17
7596,Deep Learning Fundamentals,Computer Vision,Intermediate,3.22,2
7597,Machine Learning Intro,Numpy,Beginner,3.42,31
7598,Neural Networks,Python,Advanced,3.51,30
7599,Pandas for Data Analysis,Linear Algebra,Intermediate,3.26,11
7600,Computer Vision Basics,Pandas,Beginner,3.03,14
7601,Data Visualization with Python,Python,Beginner,3.71,19
7602,SQL for Data Science,TensorFlow,Intermediate,4.04,37
7603,Pandas for Data Analysis,Statistics,Intermediate,4.19,36
7604,Machine Learning Intro,Statistics,Beginner,3.01,31
7605,Natural Language Processing,NLP,Intermediate,3.38,35
7606,Python Basics,Statistics,Intermediate,4.33,19
7607,Statistics for Data Science,Deep Learning,Advanced,3.85,8
7608,Machine Learning Intro,Computer Vision,Intermediate,3.57,32
7609,SQL for Data Science,Machine Learning,Beginner,3.64,16
7610,Natural Language Processing,TensorFlow,Beginner,4.03,18
7611,Statistics for Data Science,SQL,Intermediate,4.64,30
7612,Natural Language Processing,Data Analysis,Advanced,3.26,23
7613,Numpy Fundamentals,Pandas,Intermediate,4.07,17
7614,Advanced Python,Pandas,Advanced,4.58,14
7615,Machine Learning Intro,Data Visualization,Beginner,4.27,26
7616,Data Visualization with Python,NLP,Beginner,3.23,29
7617,Pandas for Data Analysis,Pandas,Intermediate,4.73,15
7618,Data Visualization with Python,Deep Learning,Advanced,3.56,35
7619,Neural Networks,Numpy,Intermediate,4.49,13
7620,Machine Learning Intro,Linear Algebra,Intermediate,4.44,22
7621,Data Visualization with Python,Data Analysis,Intermediate,3.24,10
7622,Numpy Fundamentals,Data Analysis,Beginner,3.39,12
7623,Computer Vision Basics,Linear Algebra,Advanced,3.55,36
7624,SQL for Data Science,Data Visualization,Beginner,4.87,4
7625,Deep Learning Fundamentals,Linear Algebra,Beginner,3.55,35
7626,PyTorch for Deep Learning,Data Visualization,Intermediate,4.17,27
7627,Deep Learning Fundamentals,SQL,Advanced,3.88,16
7628,SQL for Data Science,Data Visualization,Intermediate,3.1,38
7629,Numpy Fundamentals,PyTorch,Intermediate,3.91,26
7630,Python Basics,Computer Vision,Beginner,3.32,10
7631,Natural Language Processing,PyTorch,Intermediate,3.26,2
7632,Natural Language Processing,NLP,Advanced,4.59,39
7633,Advanced Python,NLP,Advanced,3.64,38
7634,Python Basics,Numpy,Advanced,3.2,2
7635,Numpy Fundamentals,Data Analysis,Advanced,4.12,17
7636,Numpy Fundamentals,Data Visualization,Intermediate,4.97,9
7637,Python Basics,Pandas,Intermediate,4.18,5
7638,PyTorch for Deep Learning,TensorFlow,Beginner,3.92,40
7639,Advanced Python,Numpy,Advanced,4.89,37
7640,Python Basics,Python,Beginner,3.63,12
7641,SQL for Data Science,Data Analysis,Advanced,3.06,5
7642,Advanced Python,SQL,Advanced,3.8,6
7643,SQL for Data Science,PyTorch,Intermediate,3.11,18
7644,Neural Networks,Numpy,Advanced,3.02,14
7645,Pandas for Data Analysis,Data Analysis,Advanced,4.34,20
7646,Python Basics,Pandas,Intermediate,3.56,7
7647,PyTorch for Deep Learning,Numpy,Beginner,4.85,4
7648,Numpy Fundamentals,Pandas,Intermediate,3.79,29
7649,Natural Language Processing,NLP,Intermediate,4.14,11
7650,Python Basics,Data Visualization,Beginner,4.39,23
7651,Neural Networks,Python,Beginner,3.76,29
7652,Natural Language Processing,Data Visualization,Intermediate,3.26,26
7653,Data Visualization with Python,Computer Vision,Advanced,3.32,36
7654,Machine Learning Intro,Pandas,Beginner,4.5,3
7655,Statistics for Data Science,NLP,Advanced,4.38,34
7656,Advanced Python,NLP,Beginner,4.35,13
7657,Python Basics,SQL,Beginner,4.58,30
7658,Statistics for Data Science,SQL,Beginner,3.24,36
7659,Data Visualization with Python,NLP,Beginner,3.43,24
7660,Natural Language Processing,Machine Learning,Advanced,4.02,37
7661,Pandas for Data Analysis,Linear Algebra,Advanced,3.65,6
7662,Deep Learning Fundamentals,Computer Vision,Advanced,3.98,6
7663,SQL for Data Science,Deep Learning,Advanced,3.59,13
7664,Numpy Fundamentals,Deep Learning,Intermediate,3.58,40
7665,Statistics for Data Science,Pandas,Advanced,3.48,30
7666,Deep Learning Fundamentals,Data Visualization,Advanced,4.07,18
7667,Natural Language Processing,Linear Algebra,Advanced,4.46,24
7668,Natural Language Processing,TensorFlow,Advanced,4.22,10
7669,Computer Vision Basics,Python,Advanced,4.19,24
7670,Natural Language Processing,Data Visualization,Advanced,3.34,7
7671,SQL for Data Science,Deep Learning,Beginner,4.83,10
7672,Numpy Fundamentals,Computer Vision,Beginner,3.19,10
7673,Machine Learning Intro,Data Analysis,Beginner,3.45,3
7674,Statistics for Data Science,Python,Advanced,3.51,39
7675,TensorFlow Crash Course,Deep Learning,Beginner,3.97,36
7676,Numpy Fundamentals,PyTorch,Intermediate,4.45,21
7677,PyTorch for Deep Learning,Statistics,Advanced,3.38,22
7678,Statistics for Data Science,NLP,Beginner,4.59,17
7679,Python Basics,Data Analysis,Advanced,4.47,14
7680,PyTorch for Deep Learning,Statistics,Beginner,4.31,24
7681,TensorFlow Crash Course,Data Analysis,Advanced,4.22,32
7682,TensorFlow Crash Course,Linear Algebra,Intermediate,3.59,21
7683,Python Basics,Data Analysis,Beginner,4.05,11
7684,Pandas for Data Analysis,PyTorch,Intermediate,4.19,38
7685,Computer Vision Basics,NLP,Intermediate,3.73,11
7686,Computer Vision Basics,Data Analysis,Intermediate,3.03,22
7687,Statistics for Data Science,Machine Learning,Beginner,4.69,27
7688,Neural Networks,Pandas,Intermediate,3.59,16
7689,Neural Networks,Computer Vision,Beginner,3.63,27
7690,Machine Learning Intro,Computer Vision,Advanced,3.09,25
7691,Pandas for Data Analysis,Numpy,Beginner,4.65,12
7692,SQL for Data Science,Machine Learning,Intermediate,4.45,11
7693,Machine Learning Intro,Data Analysis,Advanced,4.24,6
7694,Statistics for Data Science,Data Analysis,Intermediate,3.53,5
7695,Natural Language Processing,Data Analysis,Beginner,3.06,29
7696,Machine Learning Intro,TensorFlow,Intermediate,4.91,39
7697,Computer Vision Basics,Deep Learning,Beginner,4.21,11
7698,PyTorch for Deep Learning,NLP,Intermediate,4.31,4
7699,Machine Learning Intro,Deep Learning,Beginner,3.78,37
7700,Numpy Fundamentals,Python,Advanced,3.99,39
7701,Computer Vision Basics,PyTorch,Advanced,4.82,40
7702,Python Basics,Deep Learning,Advanced,4.62,22
7703,Machine Learning Intro,Data Visualization,Advanced,3.74,26
7704,PyTorch for Deep Learning,Data Visualization,Advanced,3.79,25
7705,Computer Vision Basics,TensorFlow,Advanced,3.43,9
7706,Machine Learning Intro,Pandas,Intermediate,3.68,32
7707,TensorFlow Crash Course,Deep Learning,Beginner,3.15,3
7708,Python Basics,Statistics,Intermediate,3.63,14
7709,PyTorch for Deep Learning,NLP,Beginner,3.3,20
7710,Machine Learning Intro,Python,Beginner,3.96,6
7711,Computer Vision Basics,Numpy,Beginner,4.48,10
7712,Neural Networks,Numpy,Intermediate,3.66,15
7713,Neural Networks,NLP,Beginner,4.94,25
7714,Neural Networks,Linear Algebra,Intermediate,3.14,14
7715,Deep Learning Fundamentals,TensorFlow,Advanced,3.42,26
7716,SQL for Data Science,Statistics,Beginner,3.49,20
7717,TensorFlow Crash Course,SQL,Advanced,4.2,20
7718,Numpy Fundamentals,Data Analysis,Beginner,4.16,14
7719,Neural Networks,Data Visualization,Advanced,3.48,28
7720,Deep Learning Fundamentals,Numpy,Intermediate,3.35,18
7721,Python Basics,Numpy,Advanced,3.53,37
7722,Neural Networks,Computer Vision,Beginner,4.12,27
7723,Neural Networks,Numpy,Advanced,4.78,20
7724,SQL for Data Science,Data Visualization,Advanced,4.62,39
7725,Machine Learning Intro,PyTorch,Beginner,4.38,16
7726,Machine Learning Intro,TensorFlow,Advanced,4.89,8
7727,Deep Learning Fundamentals,Computer Vision,Intermediate,3.79,9
7728,Advanced Python,Deep Learning,Advanced,4.3,6
7729,Numpy Fundamentals,SQL,Beginner,4.42,40
7730,Numpy Fundamentals,Data Visualization,Advanced,3.16,10
7731,Machine Learning Intro,Computer Vision,Beginner,4.17,35
7732,PyTorch for Deep Learning,Computer Vision,Intermediate,3.56,2
7733,Computer Vision Basics,Statistics,Advanced,4.54,34
7734,Neural Networks,SQL,Intermediate,3.42,14
7735,SQL for Data Science,Pandas,Beginner,3.38,3
7736,SQL for Data Science,Computer Vision,Advanced,3.66,24
7737,Statistics for Data Science,PyTorch,Intermediate,3.56,33
7738,Computer Vision Basics,TensorFlow,Beginner,3.65,21
7739,Numpy Fundamentals,TensorFlow,Intermediate,3.29,14
7740,PyTorch for Deep Learning,Numpy,Advanced,4.4,9
7741,PyTorch for Deep Learning,Pandas,Beginner,4.19,26
7742,Machine Learning Intro,PyTorch,Advanced,4.23,12
7743,Advanced Python,Machine Learning,Beginner,3.55,14
7744,Statistics for Data Science,Computer Vision,Intermediate,3.94,3
7745,Deep Learning Fundamentals,SQL,Intermediate,4.85,13
7746,Pandas for Data Analysis,Data Analysis,Intermediate,3.02,24
7747,Numpy Fundamentals,Data Analysis,Beginner,4.21,16
7748,Neural Networks,Numpy,Advanced,3.49,10
7749,Neural Networks,SQL,Beginner,4.18,39
7750,Machine Learning Intro,Pandas,Advanced,3.04,7
7751,Natural Language Processing,Linear Algebra,Intermediate,3.39,22
7752,Numpy Fundamentals,Data Analysis,Advanced,4.49,4
7753,SQL for Data Science,NLP,Beginner,4.28,10
7754,Advanced Python,Python,Intermediate,3.41,27
7755,Statistics for Data Science,Python,Advanced,4.84,24
7756,TensorFlow Crash Course,PyTorch,Intermediate,4.47,5
7757,Numpy Fundamentals,Computer Vision,Advanced,3.84,25
7758,Numpy Fundamentals,Computer Vision,Beginner,3.48,33
7759,Statistics for Data Science,Python,Beginner,4.84,3
7760,TensorFlow Crash Course,Deep Learning,Advanced,3.17,24
7761,Data Visualization with Python,Numpy,Intermediate,4.18,24
7762,Pandas for Data Analysis,Linear Algebra,Intermediate,3.21,25
7763,Data Visualization with Python,SQL,Advanced,4.79,32
7764,Advanced Python,Deep Learning,Advanced,3.41,5
7765,Advanced Python,Deep Learning,Advanced,3.89,27
7766,Natural Language Processing,Numpy,Advanced,4.24,24
7767,Python Basics,Numpy,Beginner,4.53,26
7768,Numpy Fundamentals,Machine Learning,Advanced,4.69,14
7769,Deep Learning Fundamentals,TensorFlow,Advanced,3.14,40
7770,Python Basics,Data Analysis,Beginner,4.41,11
7771,Data Visualization with Python,Linear Algebra,Intermediate,4.31,8
7772,PyTorch for Deep Learning,Numpy,Beginner,3.19,14
7773,Computer Vision Basics,PyTorch,Intermediate,3.64,26
7774,Natural Language Processing,NLP,Advanced,4.22,15
7775,Computer Vision Basics,Numpy,Beginner,3.7,19
7776,Deep Learning Fundamentals,Deep Learning,Advanced,3.7,15
7777,Computer Vision Basics,PyTorch,Beginner,4.15,9
7778,Advanced Python,Linear Algebra,Advanced,4.96,34
7779,Numpy Fundamentals,PyTorch,Beginner,3.42,25
7780,Data Visualization with Python,SQL,Intermediate,4.88,25
7781,TensorFlow Crash Course,Statistics,Advanced,4.18,30
7782,Advanced Python,Numpy,Advanced,3.64,25
7783,Machine Learning Intro,Computer Vision,Intermediate,3.98,36
7784,Machine Learning Intro,Pandas,Intermediate,3.02,5
7785,Statistics for Data Science,Data Visualization,Beginner,4.76,40
7786,Computer Vision Basics,TensorFlow,Intermediate,4.73,34
7787,Computer Vision Basics,SQL,Intermediate,4.46,5
7788,Advanced Python,TensorFlow,Beginner,3.83,8
7789,Numpy Fundamentals,Statistics,Intermediate,3.56,17
7790,Python Basics,Data Analysis,Beginner,4.16,15
7791,Numpy Fundamentals,PyTorch,Advanced,3.13,4
7792,TensorFlow Crash Course,Data Analysis,Intermediate,3.02,18
7793,Pandas for Data Analysis,Machine Learning,Advanced,3.62,20
7794,Machine Learning Intro,Machine Learning,Advanced,3.12,15
7795,PyTorch for Deep Learning,Machine Learning,Intermediate,3.38,38
7796,Statistics for Data Science,Python,Advanced,4.92,15
7797,SQL for Data Science,Python,Beginner,3.27,11
7798,Computer Vision Basics,Pandas,Beginner,3.96,39
7799,Deep Learning Fundamentals,Numpy,Beginner,4.07,28
7800,Data Visualization with Python,Computer Vision,Intermediate,4.27,35
7801,Python Basics,Data Visualization,Beginner,4.71,20
7802,Neural Networks,TensorFlow,Beginner,3.15,36
7803,Natural Language Processing,Pandas,Advanced,3.56,13
7804,Natural Language Processing,NLP,Intermediate,4.09,31
7805,TensorFlow Crash Course,Data Visualization,Beginner,4.95,14
7806,Pandas for Data Analysis,Computer Vision,Beginner,4.29,36
7807,Neural Networks,Computer Vision,Beginner,4.19,21
7808,Neural Networks,Data Analysis,Beginner,4.46,23
7809,Statistics for Data Science,Data Visualization,Beginner,4.02,14
7810,PyTorch for Deep Learning,Pandas,Intermediate,3.02,34
7811,Statistics for Data Science,Data Analysis,Advanced,4.36,25
7812,Statistics for Data Science,NLP,Beginner,4.53,6
7813,Python Basics,Deep Learning,Intermediate,4.86,17
7814,Numpy Fundamentals,TensorFlow,Advanced,3.04,22
7815,PyTorch for Deep Learning,Pandas,Advanced,4.89,2
7816,TensorFlow Crash Course,Statistics,Beginner,3.82,4
7817,Statistics for Data Science,PyTorch,Advanced,3.08,40
7818,Data Visualization with Python,Deep Learning,Beginner,3.23,7
7819,Pandas for Data Analysis,TensorFlow,Intermediate,4.33,26
7820,Numpy Fundamentals,PyTorch,Advanced,3.3,29
7821,Numpy Fundamentals,Python,Beginner,3.25,9
7822,Statistics for Data Science,Numpy,Beginner,3.07,30
7823,Data Visualization with Python,NLP,Advanced,4.62,8
7824,Python Basics,Data Visualization,Intermediate,4.71,29
7825,Pandas for Data Analysis,Statistics,Intermediate,4.31,5
7826,Advanced Python,Machine Learning,Beginner,4.26,24
7827,Advanced Python,Pandas,Beginner,3.21,23
7828,PyTorch for Deep Learning,Data Analysis,Advanced,3.35,16
7829,Machine Learning Intro,SQL,Beginner,4.88,18
7830,Neural Networks,Machine Learning,Advanced,4.06,31
7831,TensorFlow Crash Course,Deep Learning,Beginner,4.09,23
7832,Pandas for Data Analysis,Data Analysis,Beginner,4.34,34
7833,TensorFlow Crash Course,Linear Algebra,Intermediate,3.46,5
7834,Machine Learning Intro,NLP,Advanced,4.58,28
7835,Python Basics,Data Analysis,Advanced,3.5,15
7836,Deep Learning Fundamentals,NLP,Beginner,4.55,36
7837,Deep Learning Fundamentals,Python,Beginner,4.2,4
7838,SQL for Data Science,Statistics,Beginner,3.3,3
7839,Data Visualization with Python,SQL,Intermediate,3.5,25
7840,Numpy Fundamentals,Data Analysis,Advanced,3.71,25
7841,Numpy Fundamentals,Deep Learning,Beginner,3.4,30
7842,Pandas for Data Analysis,Data Analysis,Advanced,3.51,4
7843,Computer Vision Basics,PyTorch,Beginner,4.45,14
7844,Computer Vision Basics,Deep Learning,Beginner,3.85,18
7845,Natural Language Processing,PyTorch,Advanced,4.31,40
7846,Data Visualization with Python,Pandas,Intermediate,3.97,15
7847,SQL for Data Science,Data Visualization,Advanced,3.2,30
7848,Deep Learning Fundamentals,PyTorch,Beginner,3.58,40
7849,Advanced Python,SQL,Advanced,3.48,19
7850,Deep Learning Fundamentals,Numpy,Advanced,3.88,23
7851,Data Visualization with Python,NLP,Beginner,4.11,38
7852,PyTorch for Deep Learning,Pandas,Beginner,3.53,9
7853,Machine Learning Intro,NLP,Beginner,4.54,5
7854,Data Visualization with Python,Machine Learning,Intermediate,4.86,35
7855,Neural Networks,SQL,Intermediate,4.52,35
7856,Deep Learning Fundamentals,Python,Intermediate,4.1,23
7857,PyTorch for Deep Learning,PyTorch,Beginner,3.29,37
7858,Python Basics,Data Analysis,Beginner,3.56,36
7859,Natural Language Processing,TensorFlow,Advanced,3.01,28
7860,TensorFlow Crash Course,Python,Advanced,4.91,36
7861,SQL for Data Science,Numpy,Intermediate,4.76,33
7862,Computer Vision Basics,Data Visualization,Intermediate,3.97,22
7863,Natural Language Processing,Computer Vision,Advanced,3.55,16
7864,TensorFlow Crash Course,TensorFlow,Advanced,3.63,18
7865,Natural Language Processing,Data Visualization,Advanced,3.4,28
7866,Computer Vision Basics,SQL,Advanced,3.47,9
7867,Natural Language Processing,Linear Algebra,Advanced,4.52,39
7868,Neural Networks,Linear Algebra,Advanced,4.14,24
7869,Machine Learning Intro,Machine Learning,Intermediate,3.4,31
7870,PyTorch for Deep Learning,Python,Advanced,3.22,32
7871,Computer Vision Basics,NLP,Intermediate,3.85,34
7872,PyTorch for Deep Learning,Computer Vision,Advanced,3.35,31
7873,PyTorch for Deep Learning,Deep Learning,Beginner,3.37,17
7874,Advanced Python,PyTorch,Beginner,3.16,37
7875,Computer Vision Basics,TensorFlow,Beginner,3.87,16
7876,Pandas for Data Analysis,Numpy,Beginner,3.88,6
7877,Natural Language Processing,Numpy,Intermediate,4.0,15
7878,Natural Language Processing,Data Visualization,Intermediate,3.58,40
7879,SQL for Data Science,Data Visualization,Intermediate,3.88,22
7880,Pandas for Data Analysis,Statistics,Beginner,3.92,32
7881,Natural Language Processing,Numpy,Beginner,3.02,11
7882,Machine Learning Intro,Pandas,Intermediate,4.8,22
7883,Computer Vision Basics,Computer Vision,Beginner,4.96,11
7884,Data Visualization with Python,NLP,Beginner,4.3,11
7885,Statistics for Data Science,Computer Vision,Advanced,4.24,16
7886,SQL for Data Science,Pandas,Intermediate,4.16,18
7887,Neural Networks,NLP,Beginner,3.47,12
7888,TensorFlow Crash Course,PyTorch,Beginner,4.87,22
7889,PyTorch for Deep Learning,SQL,Advanced,3.0,30
7890,Statistics for Data Science,Python,Intermediate,3.86,5
7891,Computer Vision Basics,TensorFlow,Intermediate,4.07,39
7892,PyTorch for Deep Learning,Numpy,Beginner,4.43,13
7893,Neural Networks,Machine Learning,Beginner,4.44,32
7894,Python Basics,Data Visualization,Beginner,4.2,6
7895,Pandas for Data Analysis,PyTorch,Advanced,3.48,16
7896,Statistics for Data Science,Python,Beginner,4.44,31
7897,Numpy Fundamentals,Deep Learning,Beginner,4.4,31
7898,SQL for Data Science,Python,Advanced,3.59,18
7899,Statistics for Data Science,PyTorch,Beginner,4.56,22
7900,Statistics for Data Science,Statistics,Advanced,4.52,29
7901,Machine Learning Intro,SQL,Advanced,3.29,36
7902,SQL for Data Science,Linear Algebra,Beginner,4.58,17
7903,Natural Language Processing,Statistics,Beginner,4.37,31
7904,Neural Networks,Deep Learning,Intermediate,3.24,8
7905,Pandas for Data Analysis,Python,Intermediate,4.85,22
7906,PyTorch for Deep Learning,Linear Algebra,Intermediate,4.97,25
7907,TensorFlow Crash Course,Statistics,Intermediate,4.52,15
7908,Data Visualization with Python,Data Analysis,Intermediate,4.8,27
7909,PyTorch for Deep Learning,Computer Vision,Beginner,4.74,34
7910,Pandas for Data Analysis,Computer Vision,Intermediate,3.64,39
7911,Pandas for Data Analysis,PyTorch,Beginner,4.01,10
7912,Computer Vision Basics,Statistics,Advanced,4.72,34
7913,Computer Vision Basics,Linear Algebra,Beginner,4.93,3
7914,Natural Language Processing,Linear Algebra,Advanced,3.16,3
7915,Advanced Python,Pandas,Advanced,3.35,40
7916,Advanced Python,Deep Learning,Intermediate,3.95,17
7917,Pandas for Data Analysis,PyTorch,Intermediate,4.69,28
7918,SQL for Data Science,Data Visualization,Advanced,4.08,2
7919,SQL for Data Science,Data Visualization,Advanced,3.16,17
7920,Python Basics,Data Visualization,Advanced,3.78,36
7921,Neural Networks,Computer Vision,Beginner,4.59,16
7922,PyTorch for Deep Learning,Computer Vision,Advanced,3.62,29
7923,Natural Language Processing,TensorFlow,Advanced,4.92,9
7924,Advanced Python,TensorFlow,Intermediate,3.22,12
7925,Python Basics,NLP,Intermediate,3.74,5
7926,Machine Learning Intro,Data Visualization,Beginner,3.32,36
7927,PyTorch for Deep Learning,SQL,Beginner,3.53,17
7928,Statistics for Data Science,NLP,Intermediate,4.77,17
7929,SQL for Data Science,Python,Advanced,3.17,26
7930,Neural Networks,Computer Vision,Advanced,3.78,37
7931,Computer Vision Basics,Data Visualization,Advanced,3.12,28
7932,Machine Learning Intro,Data Visualization,Intermediate,4.25,19
7933,Python Basics,Python,Intermediate,3.16,35
7934,Neural Networks,Pandas,Beginner,3.83,16
7935,Pandas for Data Analysis,Linear Algebra,Beginner,4.32,3
7936,Natural Language Processing,Deep Learning,Beginner,4.4,2
7937,Statistics for Data Science,Deep Learning,Intermediate,3.23,38
7938,Numpy Fundamentals,Linear Algebra,Advanced,3.04,20
7939,Neural Networks,PyTorch,Advanced,4.83,23
7940,Pandas for Data Analysis,Computer Vision,Intermediate,3.9,9
7941,Advanced Python,Computer Vision,Intermediate,3.72,6
7942,Python Basics,NLP,Advanced,3.44,4
7943,Deep Learning Fundamentals,PyTorch,Advanced,4.65,10
7944,Natural Language Processing,Python,Advanced,4.22,13
7945,Natural Language Processing,Statistics,Intermediate,4.44,14
7946,Natural Language Processing,SQL,Advanced,4.23,35
7947,Natural Language Processing,Numpy,Advanced,3.03,25
7948,Advanced Python,NLP,Advanced,3.35,28
7949,SQL for Data Science,SQL,Intermediate,4.93,2
7950,Data Visualization with Python,Computer Vision,Beginner,4.4,33
7951,Natural Language Processing,TensorFlow,Advanced,4.7,19
7952,Data Visualization with Python,Numpy,Beginner,3.62,23
7953,Pandas for Data Analysis,Linear Algebra,Intermediate,4.07,37
7954,Machine Learning Intro,Deep Learning,Advanced,4.44,19
7955,Machine Learning Intro,Computer Vision,Beginner,4.71,14
7956,PyTorch for Deep Learning,Statistics,Beginner,3.29,17
7957,Natural Language Processing,Pandas,Intermediate,4.79,29
7958,Pandas for Data Analysis,Deep Learning,Advanced,3.82,18
7959,Machine Learning Intro,Numpy,Advanced,3.31,18
7960,Computer Vision Basics,SQL,Beginner,3.68,9
7961,TensorFlow Crash Course,Data Visualization,Intermediate,3.16,10
7962,Deep Learning Fundamentals,Data Visualization,Intermediate,4.51,37
7963,Computer Vision Basics,Computer Vision,Intermediate,4.95,17
7964,Numpy Fundamentals,Linear Algebra,Advanced,4.04,13
7965,Data Visualization with Python,Computer Vision,Intermediate,4.23,10
7966,Statistics for Data Science,Python,Intermediate,3.72,35
7967,Natural Language Processing,Computer Vision,Intermediate,4.1,19
7968,Deep Learning Fundamentals,TensorFlow,Intermediate,4.14,36
7969,Numpy Fundamentals,Data Analysis,Advanced,4.57,37
7970,TensorFlow Crash Course,Data Visualization,Advanced,3.19,39
7971,SQL for Data Science,Machine Learning,Intermediate,3.08,24
7972,Deep Learning Fundamentals,Machine Learning,Advanced,3.19,31
7973,Deep Learning Fundamentals,Data Visualization,Advanced,4.17,3
7974,PyTorch for Deep Learning,TensorFlow,Advanced,4.29,18
7975,Machine Learning Intro,Data Analysis,Advanced,3.82,23
7976,SQL for Data Science,PyTorch,Beginner,3.51,35
7977,SQL for Data Science,Machine Learning,Advanced,4.18,17
7978,Data Visualization with Python,PyTorch,Advanced,4.58,37
7979,SQL for Data Science,Computer Vision,Beginner,3.81,7
7980,Natural Language Processing,Deep Learning,Intermediate,4.29,28
7981,Numpy Fundamentals,Numpy,Advanced,4.63,14
7982,Python Basics,NLP,Advanced,4.97,21
7983,Deep Learning Fundamentals,Numpy,Advanced,3.52,11
7984,Machine Learning Intro,Pandas,Advanced,4.53,26
7985,SQL for Data Science,Machine Learning,Intermediate,3.13,20
7986,TensorFlow Crash Course,Machine Learning,Advanced,3.16,13
7987,SQL for Data Science,Data Visualization,Advanced,4.57,13
7988,TensorFlow Crash Course,Pandas,Intermediate,4.56,32
7989,TensorFlow Crash Course,Deep Learning,Advanced,4.58,34
7990,Pandas for Data Analysis,Data Analysis,Beginner,4.71,8
7991,SQL for Data Science,Data Visualization,Beginner,4.02,16
7992,Machine Learning Intro,Python,Advanced,4.04,28
7993,Machine Learning Intro,TensorFlow,Intermediate,3.06,31
7994,Data Visualization with Python,Machine Learning,Beginner,3.46,37
7995,Advanced Python,SQL,Intermediate,4.64,25
7996,Neural Networks,Python,Beginner,4.75,18
7997,Numpy Fundamentals,Statistics,Intermediate,4.56,38
7998,Computer Vision Basics,PyTorch,Intermediate,3.67,25
7999,SQL for Data Science,NLP,Beginner,4.7,38
8000,Numpy Fundamentals,Data Visualization,Intermediate,3.29,38
8001,SQL for Data Science,Computer Vision,Advanced,4.42,9
8002,Neural Networks,Deep Learning,Advanced,4.47,2
8003,PyTorch for Deep Learning,Machine Learning,Intermediate,4.43,17
8004,Statistics for Data Science,SQL,Beginner,4.65,19
8005,Neural Networks,Data Analysis,Beginner,4.09,25
8006,Data Visualization with Python,Data Analysis,Beginner,3.74,27
8007,Natural Language Processing,NLP,Advanced,4.36,9
8008,Python Basics,Statistics,Beginner,4.85,21
8009,Data Visualization with Python,Linear Algebra,Intermediate,3.75,6
8010,TensorFlow Crash Course,Data Analysis,Beginner,4.52,26
8011,Numpy Fundamentals,TensorFlow,Intermediate,4.72,12
8012,Deep Learning Fundamentals,Linear Algebra,Intermediate,4.61,37
8013,Data Visualization with Python,Data Visualization,Intermediate,3.62,27
8014,Natural Language Processing,Data Analysis,Intermediate,4.11,6
8015,Pandas for Data Analysis,Machine Learning,Advanced,4.43,14
8016,Natural Language Processing,Linear Algebra,Advanced,3.24,38
8017,Neural Networks,Statistics,Beginner,4.3,5
8018,Data Visualization with Python,NLP,Advanced,3.75,8
8019,Neural Networks,Computer Vision,Advanced,3.21,30
8020,Numpy Fundamentals,Data Visualization,Intermediate,3.22,10
8021,PyTorch for Deep Learning,Computer Vision,Advanced,3.16,5
8022,Deep Learning Fundamentals,NLP,Intermediate,4.11,32
8023,Python Basics,PyTorch,Intermediate,4.36,18
8024,Python Basics,Data Visualization,Beginner,3.67,2
8025,Machine Learning Intro,TensorFlow,Advanced,4.58,16
8026,Computer Vision Basics,Data Analysis,Advanced,3.44,3
8027,SQL for Data Science,Data Analysis,Beginner,3.52,22
8028,TensorFlow Crash Course,TensorFlow,Beginner,3.52,39
8029,PyTorch for Deep Learning,SQL,Beginner,3.08,17
8030,Statistics for Data Science,Numpy,Advanced,4.41,17
8031,Pandas for Data Analysis,Machine Learning,Intermediate,3.55,23
8032,Deep Learning Fundamentals,TensorFlow,Intermediate,4.3,8
8033,Natural Language Processing,Deep Learning,Advanced,4.44,11
8034,Natural Language Processing,NLP,Beginner,4.35,17
8035,Numpy Fundamentals,PyTorch,Beginner,3.29,27
8036,Advanced Python,PyTorch,Beginner,3.34,33
8037,Deep Learning Fundamentals,TensorFlow,Advanced,4.21,40
8038,Pandas for Data Analysis,Statistics,Beginner,3.18,15
8039,Python Basics,Numpy,Advanced,3.29,22
8040,Numpy Fundamentals,SQL,Advanced,3.81,34
8041,Data Visualization with Python,TensorFlow,Advanced,4.44,9
8042,SQL for Data Science,Pandas,Intermediate,4.95,21
8043,Numpy Fundamentals,Deep Learning,Intermediate,3.76,14
8044,SQL for Data Science,Data Analysis,Intermediate,4.21,9
8045,Pandas for Data Analysis,SQL,Intermediate,3.2,4
8046,Computer Vision Basics,Data Visualization,Intermediate,3.17,11
8047,Deep Learning Fundamentals,PyTorch,Intermediate,4.32,3
8048,Computer Vision Basics,TensorFlow,Intermediate,4.39,12
8049,PyTorch for Deep Learning,NLP,Intermediate,3.98,15
8050,Advanced Python,TensorFlow,Advanced,3.99,32
8051,Computer Vision Basics,NLP,Advanced,4.14,20
8052,TensorFlow Crash Course,PyTorch,Advanced,4.12,17
8053,SQL for Data Science,Machine Learning,Intermediate,3.28,3
8054,Data Visualization with Python,Computer Vision,Advanced,3.0,33
8055,Natural Language Processing,Data Analysis,Intermediate,4.34,30
8056,Statistics for Data Science,Machine Learning,Advanced,3.29,33
8057,Deep Learning Fundamentals,Computer Vision,Advanced,4.4,18
8058,Python Basics,Data Analysis,Beginner,5.0,27
8059,Advanced Python,Statistics,Advanced,3.85,36
8060,SQL for Data Science,Deep Learning,Beginner,3.1,2
8061,Machine Learning Intro,Numpy,Advanced,3.11,38
8062,SQL for Data Science,Linear Algebra,Intermediate,4.89,18
8063,Numpy Fundamentals,Statistics,Beginner,4.56,27
8064,Natural Language Processing,Data Analysis,Intermediate,4.54,18
8065,Computer Vision Basics,TensorFlow,Intermediate,4.08,34
8066,Python Basics,Data Visualization,Intermediate,3.12,6
8067,Statistics for Data Science,Statistics,Intermediate,4.69,31
8068,Pandas for Data Analysis,Linear Algebra,Beginner,4.03,31
8069,PyTorch for Deep Learning,Deep Learning,Beginner,4.53,29
8070,Natural Language Processing,SQL,Beginner,3.32,16
8071,Advanced Python,Statistics,Intermediate,4.64,32
8072,Natural Language Processing,Linear Algebra,Intermediate,4.56,26
8073,TensorFlow Crash Course,Data Analysis,Beginner,4.14,2
8074,Deep Learning Fundamentals,Pandas,Beginner,3.59,29
8075,Data Visualization with Python,PyTorch,Beginner,4.2,5
8076,SQL for Data Science,Numpy,Advanced,3.54,27
8077,Statistics for Data Science,Machine Learning,Advanced,4.55,2
8078,Numpy Fundamentals,Data Analysis,Intermediate,3.77,9
8079,Advanced Python,SQL,Intermediate,4.2,10
8080,Numpy Fundamentals,Data Analysis,Beginner,3.17,28
8081,Machine Learning Intro,Computer Vision,Beginner,4.12,38
8082,Machine Learning Intro,Deep Learning,Beginner,4.15,9
8083,Machine Learning Intro,Python,Intermediate,4.59,27
8084,Data Visualization with Python,Pandas,Intermediate,3.3,4
8085,Machine Learning Intro,Deep Learning,Beginner,3.06,20
8086,Deep Learning Fundamentals,Machine Learning,Beginner,4.63,11
8087,Deep Learning Fundamentals,SQL,Beginner,3.94,5
8088,Pandas for Data Analysis,Python,Advanced,3.2,33
8089,Data Visualization with Python,SQL,Beginner,3.66,36
8090,Statistics for Data Science,Pandas,Beginner,4.41,12
8091,Machine Learning Intro,Statistics,Intermediate,4.58,9
8092,Pandas for Data Analysis,NLP,Beginner,4.2,22
8093,SQL for Data Science,TensorFlow,Beginner,4.04,34
8094,Advanced Python,Deep Learning,Intermediate,4.29,10
8095,Neural Networks,Linear Algebra,Advanced,4.39,17
8096,Neural Networks,SQL,Beginner,4.2,21
8097,TensorFlow Crash Course,Linear Algebra,Advanced,4.28,27
8098,Numpy Fundamentals,Computer Vision,Advanced,4.55,2
8099,Statistics for Data Science,TensorFlow,Beginner,3.61,14
8100,TensorFlow Crash Course,Pandas,Intermediate,3.44,31
8101,Advanced Python,Pandas,Beginner,3.93,34
8102,Pandas for Data Analysis,Deep Learning,Beginner,4.48,38
8103,Data Visualization with Python,PyTorch,Intermediate,4.39,29
8104,Numpy Fundamentals,Pandas,Intermediate,4.4,22
8105,SQL for Data Science,PyTorch,Advanced,3.06,18
8106,TensorFlow Crash Course,Machine Learning,Intermediate,4.12,23
8107,Data Visualization with Python,TensorFlow,Beginner,3.47,11
8108,Machine Learning Intro,SQL,Advanced,3.14,3
8109,Machine Learning Intro,TensorFlow,Intermediate,3.12,3
8110,Pandas for Data Analysis,SQL,Intermediate,3.24,27
8111,Machine Learning Intro,Deep Learning,Beginner,3.25,36
8112,Numpy Fundamentals,PyTorch,Beginner,3.33,12
8113,Data Visualization with Python,Pandas,Beginner,3.62,17
8114,Deep Learning Fundamentals,SQL,Intermediate,3.21,7
8115,PyTorch for Deep Learning,Data Visualization,Beginner,3.89,40
8116,Numpy Fundamentals,Statistics,Intermediate,3.39,30
8117,PyTorch for Deep Learning,Linear Algebra,Intermediate,3.58,33
8118,Advanced Python,Pandas,Beginner,3.16,4
8119,Advanced Python,Numpy,Beginner,4.05,23
8120,SQL for Data Science,Data Analysis,Beginner,4.86,40
8121,Statistics for Data Science,Linear Algebra,Beginner,3.63,33
8122,Numpy Fundamentals,Deep Learning,Advanced,4.29,6
8123,Data Visualization with Python,SQL,Beginner,3.44,32
8124,Python Basics,SQL,Beginner,4.68,14
8125,Python Basics,Deep Learning,Intermediate,4.04,24
8126,Data Visualization with Python,PyTorch,Advanced,3.23,20
8127,Advanced Python,Pandas,Beginner,4.92,7
8128,Data Visualization with Python,TensorFlow,Intermediate,3.27,4
8129,Machine Learning Intro,SQL,Beginner,4.18,5
8130,PyTorch for Deep Learning,SQL,Beginner,3.41,33
8131,Data Visualization with Python,Machine Learning,Advanced,4.01,17
8132,Python Basics,Computer Vision,Advanced,4.77,11
8133,Numpy Fundamentals,Linear Algebra,Advanced,3.03,16
8134,Data Visualization with Python,Data Analysis,Beginner,4.3,22
8135,Natural Language Processing,Data Analysis,Intermediate,4.16,13
8136,Python Basics,Deep Learning,Advanced,4.68,39
8137,Neural Networks,Python,Intermediate,3.84,40
8138,Advanced Python,TensorFlow,Advanced,4.43,14
8139,Data Visualization with Python,Statistics,Beginner,3.94,39
8140,Machine Learning Intro,SQL,Advanced,4.16,11
8141,Neural Networks,Python,Advanced,4.71,7
8142,Python Basics,Statistics,Beginner,4.77,6
8143,TensorFlow Crash Course,Machine Learning,Intermediate,3.29,15
8144,Machine Learning Intro,TensorFlow,Advanced,3.31,33
8145,SQL for Data Science,TensorFlow,Intermediate,4.08,8
8146,Statistics for Data Science,Python,Advanced,4.03,33
8147,PyTorch for Deep Learning,TensorFlow,Advanced,4.64,22
8148,Advanced Python,Statistics,Beginner,3.24,19
8149,Computer Vision Basics,SQL,Intermediate,4.48,6
8150,Pandas for Data Analysis,Data Analysis,Beginner,3.65,34
8151,Computer Vision Basics,Python,Intermediate,4.71,27
8152,SQL for Data Science,Numpy,Advanced,4.13,3
8153,Computer Vision Basics,PyTorch,Intermediate,3.96,28
8154,Machine Learning Intro,Machine Learning,Intermediate,4.93,35
8155,Statistics for Data Science,TensorFlow,Advanced,3.66,12
8156,Natural Language Processing,SQL,Beginner,3.89,12
8157,Natural Language Processing,Data Visualization,Advanced,3.81,11
8158,TensorFlow Crash Course,SQL,Intermediate,4.58,21
8159,Deep Learning Fundamentals,Numpy,Beginner,4.31,13
8160,Data Visualization with Python,Statistics,Beginner,3.58,34
8161,Neural Networks,NLP,Advanced,3.51,31
8162,Machine Learning Intro,TensorFlow,Advanced,4.29,13
8163,Neural Networks,SQL,Beginner,3.03,29
8164,TensorFlow Crash Course,Statistics,Intermediate,3.57,12
8165,Advanced Python,Pandas,Intermediate,3.93,27
8166,SQL for Data Science,PyTorch,Beginner,3.03,23
8167,Data Visualization with Python,Machine Learning,Beginner,3.79,30
8168,Data Visualization with Python,Linear Algebra,Beginner,4.87,20
8169,Advanced Python,Statistics,Intermediate,3.19,23
8170,TensorFlow Crash Course,TensorFlow,Advanced,3.22,13
8171,Neural Networks,Data Visualization,Intermediate,4.29,27
8172,Data Visualization with Python,Python,Intermediate,3.69,40
8173,Pandas for Data Analysis,NLP,Beginner,3.3,5
8174,Natural Language Processing,Numpy,Beginner,4.18,11
8175,TensorFlow Crash Course,PyTorch,Intermediate,4.02,32
8176,Pandas for Data Analysis,NLP,Advanced,4.33,6
8177,Deep Learning Fundamentals,PyTorch,Beginner,3.85,25
8178,TensorFlow Crash Course,Data Analysis,Advanced,4.82,2
8179,Natural Language Processing,SQL,Beginner,4.88,12
8180,SQL for Data Science,Numpy,Advanced,4.12,16
8181,Machine Learning Intro,Linear Algebra,Intermediate,3.42,5
8182,Advanced Python,TensorFlow,Beginner,4.76,19
8183,Machine Learning Intro,Deep Learning,Advanced,3.78,25
8184,Statistics for Data Science,PyTorch,Advanced,4.18,15
8185,Pandas for Data Analysis,Linear Algebra,Advanced,3.72,21
8186,Neural Networks,Computer Vision,Advanced,3.74,38
8187,Neural Networks,Statistics,Intermediate,3.59,39
8188,PyTorch for Deep Learning,SQL,Advanced,3.93,8
8189,PyTorch for Deep Learning,Statistics,Intermediate,4.94,17
8190,Numpy Fundamentals,Data Visualization,Intermediate,4.95,7
8191,Data Visualization with Python,Pandas,Advanced,4.75,8
8192,Data Visualization with Python,SQL,Beginner,4.36,16
8193,SQL for Data Science,TensorFlow,Beginner,4.79,32
8194,SQL for Data Science,Data Visualization,Intermediate,4.86,17
8195,Pandas for Data Analysis,TensorFlow,Intermediate,3.04,19
8196,TensorFlow Crash Course,Numpy,Beginner,4.53,20
8197,Machine Learning Intro,TensorFlow,Beginner,4.84,11
8198,Machine Learning Intro,Linear Algebra,Intermediate,4.71,9
8199,Pandas for Data Analysis,Python,Intermediate,4.9,37
8200,Machine Learning Intro,TensorFlow,Beginner,3.41,29
8201,TensorFlow Crash Course,Data Analysis,Advanced,3.08,24
8202,Pandas for Data Analysis,Data Analysis,Beginner,3.54,4
8203,Advanced Python,Linear Algebra,Advanced,3.6,27
8204,Natural Language Processing,NLP,Beginner,3.36,15
8205,Neural Networks,NLP,Advanced,3.18,31
8206,Natural Language Processing,Pandas,Advanced,3.72,15
8207,Natural Language Processing,NLP,Beginner,4.12,6
8208,Python Basics,NLP,Beginner,4.77,32
8209,Neural Networks,PyTorch,Intermediate,3.12,36
8210,Numpy Fundamentals,Computer Vision,Beginner,4.41,13
8211,Deep Learning Fundamentals,Pandas,Intermediate,4.69,30
8212,Deep Learning Fundamentals,SQL,Beginner,4.78,18
8213,Numpy Fundamentals,Linear Algebra,Beginner,3.5,10
8214,Python Basics,NLP,Intermediate,3.24,34
8215,Computer Vision Basics,Numpy,Beginner,3.9,20
8216,Deep Learning Fundamentals,Machine Learning,Beginner,4.33,31
8217,Deep Learning Fundamentals,Deep Learning,Intermediate,3.43,33
8218,Deep Learning Fundamentals,Statistics,Beginner,4.66,3
8219,Statistics for Data Science,Data Analysis,Beginner,3.66,21
8220,Pandas for Data Analysis,Python,Beginner,4.0,17
8221,Natural Language Processing,Data Analysis,Advanced,3.22,9
8222,Pandas for Data Analysis,Linear Algebra,Intermediate,4.11,20
8223,Computer Vision Basics,Data Analysis,Beginner,4.48,23
8224,SQL for Data Science,Numpy,Beginner,3.69,9
8225,Pandas for Data Analysis,TensorFlow,Intermediate,3.75,19
8226,Deep Learning Fundamentals,Computer Vision,Beginner,4.18,27
8227,Advanced Python,Linear Algebra,Beginner,4.99,14
8228,SQL for Data Science,Numpy,Advanced,3.93,23
8229,Data Visualization with Python,Pandas,Beginner,4.18,12
8230,Deep Learning Fundamentals,Machine Learning,Intermediate,3.75,4
8231,SQL for Data Science,Linear Algebra,Advanced,3.17,37
8232,Python Basics,Data Visualization,Advanced,4.57,32
8233,Pandas for Data Analysis,Computer Vision,Intermediate,4.02,12
8234,Pandas for Data Analysis,Numpy,Advanced,4.25,6
8235,Machine Learning Intro,PyTorch,Beginner,3.88,7
8236,Deep Learning Fundamentals,Data Analysis,Advanced,4.79,18
8237,Pandas for Data Analysis,TensorFlow,Advanced,3.58,25
8238,Computer Vision Basics,Numpy,Intermediate,4.07,29
8239,Data Visualization with Python,Data Analysis,Intermediate,3.13,29
8240,Data Visualization with Python,PyTorch,Beginner,4.4,24
8241,Python Basics,Pandas,Beginner,4.17,17
8242,Deep Learning Fundamentals,Computer Vision,Beginner,3.04,31
8243,SQL for Data Science,Data Visualization,Advanced,3.38,36
8244,Python Basics,Statistics,Beginner,3.12,19
8245,Machine Learning Intro,Data Visualization,Advanced,4.99,27
8246,Data Visualization with Python,TensorFlow,Intermediate,4.28,21
8247,SQL for Data Science,PyTorch,Beginner,3.26,7
8248,Advanced Python,Pandas,Beginner,4.06,22
8249,SQL for Data Science,Computer Vision,Beginner,4.49,37
8250,Natural Language Processing,PyTorch,Intermediate,3.47,25
8251,Data Visualization with Python,Computer Vision,Intermediate,4.85,22
8252,PyTorch for Deep Learning,TensorFlow,Beginner,3.22,27
8253,Computer Vision Basics,Python,Beginner,3.1,39
8254,PyTorch for Deep Learning,Statistics,Beginner,4.25,18
8255,SQL for Data Science,Pandas,Beginner,3.0,31
8256,Deep Learning Fundamentals,Computer Vision,Intermediate,4.84,38
8257,Computer Vision Basics,NLP,Intermediate,3.43,2
8258,Data Visualization with Python,Machine Learning,Advanced,4.67,21
8259,TensorFlow Crash Course,TensorFlow,Advanced,3.18,28
8260,TensorFlow Crash Course,Data Visualization,Beginner,3.9,6
8261,TensorFlow Crash Course,Data Analysis,Beginner,4.41,10
8262,Pandas for Data Analysis,Pandas,Intermediate,4.31,40
8263,Numpy Fundamentals,SQL,Intermediate,4.0,16
8264,Python Basics,Python,Advanced,3.99,13
8265,TensorFlow Crash Course,Deep Learning,Beginner,3.85,40
8266,Python Basics,TensorFlow,Intermediate,3.36,17
8267,TensorFlow Crash Course,Numpy,Beginner,3.46,33
8268,PyTorch for Deep Learning,Numpy,Advanced,3.91,14
8269,TensorFlow Crash Course,Numpy,Beginner,4.1,28
8270,PyTorch for Deep Learning,Numpy,Advanced,3.34,6
8271,Statistics for Data Science,TensorFlow,Advanced,4.02,26
8272,Data Visualization with Python,Numpy,Intermediate,3.76,24
8273,TensorFlow Crash Course,Python,Advanced,4.35,19
8274,Data Visualization with Python,Deep Learning,Beginner,4.66,6
8275,Pandas for Data Analysis,Python,Beginner,3.79,35
8276,Numpy Fundamentals,Data Analysis,Advanced,3.63,10
8277,Machine Learning Intro,Computer Vision,Intermediate,3.62,37
8278,SQL for Data Science,NLP,Intermediate,4.15,9
8279,Statistics for Data Science,TensorFlow,Beginner,3.03,26
8280,SQL for Data Science,Numpy,Advanced,4.62,21
8281,Computer Vision Basics,Numpy,Intermediate,3.74,30
8282,Statistics for Data Science,Statistics,Intermediate,3.82,7
8283,Advanced Python,Data Analysis,Advanced,3.28,5
8284,TensorFlow Crash Course,Data Analysis,Advanced,4.28,17
8285,Computer Vision Basics,Machine Learning,Advanced,4.83,38
8286,Statistics for Data Science,Data Visualization,Advanced,4.63,2
8287,Python Basics,Computer Vision,Intermediate,3.07,28
8288,Deep Learning Fundamentals,SQL,Advanced,4.15,32
8289,Machine Learning Intro,Python,Advanced,3.8,4
8290,Data Visualization with Python,Machine Learning,Intermediate,4.36,27
8291,Computer Vision Basics,Deep Learning,Beginner,3.79,11
8292,Data Visualization with Python,Machine Learning,Beginner,4.05,17
8293,Data Visualization with Python,Statistics,Beginner,4.38,14
8294,Data Visualization with Python,Deep Learning,Intermediate,4.19,23
8295,PyTorch for Deep Learning,Pandas,Intermediate,4.99,7
8296,Statistics for Data Science,Python,Intermediate,4.8,28
8297,Numpy Fundamentals,TensorFlow,Beginner,4.79,16
8298,Neural Networks,Computer Vision,Advanced,3.75,40
8299,PyTorch for Deep Learning,Deep Learning,Beginner,4.97,8
8300,TensorFlow Crash Course,SQL,Intermediate,3.8,34
8301,Computer Vision Basics,Deep Learning,Advanced,3.03,16
8302,Pandas for Data Analysis,Computer Vision,Intermediate,3.92,7
8303,Statistics for Data Science,Data Analysis,Advanced,4.02,30
8304,Numpy Fundamentals,TensorFlow,Intermediate,4.01,28
8305,Statistics for Data Science,Pandas,Advanced,4.35,22
8306,PyTorch for Deep Learning,Python,Beginner,4.17,8
8307,Deep Learning Fundamentals,Computer Vision,Beginner,3.96,35
8308,Neural Networks,Computer Vision,Intermediate,4.08,11
8309,SQL for Data Science,Pandas,Beginner,3.76,30
8310,Statistics for Data Science,Data Analysis,Advanced,3.98,39
8311,Pandas for Data Analysis,Computer Vision,Intermediate,4.92,10
8312,Computer Vision Basics,Deep Learning,Advanced,4.48,19
8313,Natural Language Processing,NLP,Advanced,4.19,10
8314,Machine Learning Intro,NLP,Beginner,3.42,22
8315,Neural Networks,Statistics,Intermediate,4.89,24
8316,PyTorch for Deep Learning,NLP,Intermediate,4.56,39
8317,Advanced Python,TensorFlow,Advanced,3.09,15
8318,Natural Language Processing,Python,Advanced,3.21,20
8319,PyTorch for Deep Learning,Deep Learning,Advanced,3.28,36
8320,Computer Vision Basics,Statistics,Advanced,4.56,39
8321,Statistics for Data Science,Python,Beginner,4.85,8
8322,Data Visualization with Python,Python,Intermediate,4.82,22
8323,PyTorch for Deep Learning,TensorFlow,Intermediate,3.77,34
8324,Natural Language Processing,Statistics,Intermediate,4.57,33
8325,Computer Vision Basics,SQL,Beginner,3.58,40
8326,Pandas for Data Analysis,Computer Vision,Intermediate,4.38,15
8327,Pandas for Data Analysis,Deep Learning,Beginner,3.51,17
8328,SQL for Data Science,Pandas,Beginner,4.57,21
8329,Deep Learning Fundamentals,Data Visualization,Advanced,4.12,36
8330,Neural Networks,TensorFlow,Intermediate,4.38,36
8331,PyTorch for Deep Learning,Data Analysis,Beginner,4.45,34
8332,Natural Language Processing,Statistics,Intermediate,3.41,16
8333,Python Basics,Pandas,Beginner,4.88,36
8334,Natural Language Processing,Numpy,Intermediate,3.85,33
8335,SQL for Data Science,NLP,Advanced,3.35,40
8336,PyTorch for Deep Learning,PyTorch,Intermediate,3.28,22
8337,Machine Learning Intro,Linear Algebra,Intermediate,3.35,37
8338,Neural Networks,Computer Vision,Advanced,3.78,38
8339,Neural Networks,SQL,Advanced,3.6,8
8340,PyTorch for Deep Learning,Linear Algebra,Advanced,3.34,24
8341,Machine Learning Intro,Pandas,Intermediate,3.12,25
8342,Statistics for Data Science,Statistics,Intermediate,4.38,7
8343,Python Basics,Computer Vision,Intermediate,4.98,7
8344,Neural Networks,Linear Algebra,Intermediate,4.49,16
8345,Advanced Python,NLP,Intermediate,4.84,19
8346,Statistics for Data Science,Statistics,Beginner,3.95,32
8347,SQL for Data Science,Python,Beginner,4.41,30
8348,Numpy Fundamentals,PyTorch,Advanced,3.29,11
8349,Python Basics,Pandas,Beginner,4.06,40
8350,SQL for Data Science,Python,Beginner,3.37,24
8351,SQL for Data Science,Python,Intermediate,3.04,7
8352,Data Visualization with Python,Computer Vision,Advanced,3.67,22
8353,Numpy Fundamentals,Machine Learning,Advanced,4.2,35
8354,Machine Learning Intro,Python,Beginner,3.16,16
8355,Advanced Python,Deep Learning,Beginner,4.18,26
8356,Python Basics,Computer Vision,Beginner,3.73,11
8357,Neural Networks,NLP,Advanced,4.63,37
8358,Statistics for Data Science,PyTorch,Intermediate,4.67,11
8359,Advanced Python,TensorFlow,Advanced,3.02,21
8360,Numpy Fundamentals,PyTorch,Intermediate,4.43,20
8361,Machine Learning Intro,PyTorch,Advanced,3.48,7
8362,Numpy Fundamentals,Data Visualization,Advanced,4.02,35
8363,Neural Networks,TensorFlow,Intermediate,3.71,27
8364,Natural Language Processing,Computer Vision,Beginner,3.52,24
8365,Computer Vision Basics,Pandas,Beginner,4.4,34
8366,Numpy Fundamentals,NLP,Beginner,4.64,10
8367,Data Visualization with Python,Data Analysis,Beginner,3.85,28
8368,Statistics for Data Science,Deep Learning,Beginner,3.23,9
8369,Deep Learning Fundamentals,Numpy,Advanced,4.96,2
8370,Machine Learning Intro,Data Visualization,Beginner,3.3,15
8371,Pandas for Data Analysis,Python,Advanced,3.77,29
8372,Machine Learning Intro,Pandas,Beginner,4.1,24
8373,Statistics for Data Science,Data Analysis,Advanced,4.29,3
8374,Python Basics,NLP,Beginner,3.18,28
8375,Statistics for Data Science,Numpy,Advanced,4.43,9
8376,Statistics for Data Science,SQL,Intermediate,3.9,3
8377,Statistics for Data Science,NLP,Advanced,3.26,9
8378,PyTorch for Deep Learning,Computer Vision,Intermediate,3.62,13
8379,Natural Language Processing,Statistics,Intermediate,3.71,11
8380,Pandas for Data Analysis,Statistics,Advanced,3.33,10
8381,SQL for Data Science,Data Analysis,Advanced,4.27,28
8382,Advanced Python,Pandas,Advanced,4.33,14
8383,Python Basics,Data Analysis,Intermediate,3.72,26
8384,Advanced Python,Data Visualization,Advanced,3.22,22
8385,PyTorch for Deep Learning,Numpy,Beginner,4.05,35
8386,Python Basics,TensorFlow,Intermediate,3.43,25
8387,Deep Learning Fundamentals,Statistics,Intermediate,4.49,34
8388,Natural Language Processing,Linear Algebra,Beginner,4.25,21
8389,Machine Learning Intro,Python,Advanced,3.38,37
8390,TensorFlow Crash Course,Statistics,Intermediate,3.74,2
8391,Computer Vision Basics,Python,Advanced,3.4,35
8392,Python Basics,NLP,Advanced,4.62,6
8393,Computer Vision Basics,NLP,Beginner,4.15,2
8394,Natural Language Processing,Numpy,Advanced,4.28,25
8395,Pandas for Data Analysis,Python,Advanced,3.66,30
8396,Data Visualization with Python,Linear Algebra,Beginner,4.51,23
8397,TensorFlow Crash Course,Data Analysis,Advanced,4.04,25
8398,Numpy Fundamentals,Data Analysis,Advanced,3.65,17
8399,Computer Vision Basics,TensorFlow,Advanced,3.19,2
8400,Natural Language Processing,Data Analysis,Advanced,4.41,39
8401,Advanced Python,TensorFlow,Beginner,3.14,27
8402,Deep Learning Fundamentals,Data Analysis,Intermediate,4.26,19
8403,Data Visualization with Python,SQL,Beginner,4.95,31
8404,Numpy Fundamentals,Data Visualization,Intermediate,3.46,9
8405,Statistics for Data Science,Pandas,Intermediate,4.63,18
8406,Python Basics,Deep Learning,Beginner,4.9,9
8407,Neural Networks,Python,Beginner,3.63,4
8408,Deep Learning Fundamentals,Linear Algebra,Advanced,3.88,27
8409,TensorFlow Crash Course,PyTorch,Advanced,4.29,2
8410,Pandas for Data Analysis,Computer Vision,Advanced,4.89,30
8411,Deep Learning Fundamentals,Machine Learning,Advanced,3.19,9
8412,Advanced Python,Python,Intermediate,3.51,38
8413,Natural Language Processing,Computer Vision,Advanced,4.39,31
8414,Statistics for Data Science,Numpy,Beginner,3.89,39
8415,Natural Language Processing,PyTorch,Advanced,4.05,16
8416,Data Visualization with Python,SQL,Intermediate,4.06,4
8417,Python Basics,Python,Advanced,3.7,34
8418,Advanced Python,Data Analysis,Intermediate,4.6,7
8419,Neural Networks,Statistics,Beginner,4.23,19
8420,TensorFlow Crash Course,Deep Learning,Intermediate,4.21,11
8421,Natural Language Processing,Deep Learning,Intermediate,4.03,20
8422,Python Basics,Statistics,Beginner,3.9,9
8423,Advanced Python,Data Visualization,Intermediate,3.53,4
8424,Python Basics,Data Visualization,Intermediate,3.56,29
8425,Statistics for Data Science,Computer Vision,Intermediate,4.18,10
8426,SQL for Data Science,Pandas,Advanced,4.3,10
8427,TensorFlow Crash Course,Data Analysis,Advanced,3.16,29
8428,Data Visualization with Python,SQL,Advanced,4.53,16
8429,Numpy Fundamentals,Data Visualization,Advanced,4.78,17
8430,Advanced Python,PyTorch,Advanced,4.34,19
8431,Natural Language Processing,Statistics,Beginner,3.41,38
8432,Natural Language Processing,Deep Learning,Advanced,4.91,40
8433,SQL for Data Science,Deep Learning,Advanced,4.45,37
8434,SQL for Data Science,Deep Learning,Intermediate,4.63,4
8435,SQL for Data Science,TensorFlow,Intermediate,3.28,28
8436,Data Visualization with Python,Computer Vision,Advanced,3.77,12
8437,Statistics for Data Science,SQL,Intermediate,3.47,21
8438,TensorFlow Crash Course,SQL,Intermediate,4.53,26
8439,Neural Networks,Python,Advanced,4.11,10
8440,Natural Language Processing,Numpy,Advanced,4.47,21
8441,Computer Vision Basics,NLP,Beginner,4.58,30
8442,Machine Learning Intro,Machine Learning,Advanced,3.48,28
8443,Neural Networks,NLP,Beginner,4.86,37
8444,Computer Vision Basics,Data Visualization,Advanced,3.97,19
8445,Advanced Python,Numpy,Intermediate,4.33,39
8446,Computer Vision Basics,Deep Learning,Intermediate,4.16,20
8447,SQL for Data Science,TensorFlow,Intermediate,3.78,32
8448,Numpy Fundamentals,Data Visualization,Advanced,3.47,4
8449,PyTorch for Deep Learning,SQL,Advanced,3.9,31
8450,Advanced Python,Deep Learning,Beginner,4.14,29
8451,SQL for Data Science,Python,Beginner,4.59,18
8452,Python Basics,Linear Algebra,Beginner,4.68,6
8453,Python Basics,Data Visualization,Intermediate,3.47,13
8454,Machine Learning Intro,TensorFlow,Beginner,4.85,11
8455,Advanced Python,Numpy,Intermediate,3.37,34
8456,PyTorch for Deep Learning,Numpy,Beginner,4.11,28
8457,PyTorch for Deep Learning,Numpy,Advanced,4.47,26
8458,Statistics for Data Science,Numpy,Intermediate,3.63,23
8459,Python Basics,SQL,Beginner,3.47,26
8460,Neural Networks,Numpy,Intermediate,4.49,21
8461,Natural Language Processing,Data Visualization,Intermediate,4.16,13
8462,Neural Networks,Deep Learning,Beginner,3.48,15
8463,Data Visualization with Python,Numpy,Advanced,3.12,34
8464,TensorFlow Crash Course,NLP,Intermediate,4.38,17
8465,Pandas for Data Analysis,Numpy,Beginner,3.16,15
8466,Statistics for Data Science,Statistics,Beginner,4.28,27
8467,PyTorch for Deep Learning,PyTorch,Beginner,4.89,8
8468,Neural Networks,Statistics,Intermediate,3.8,8
8469,TensorFlow Crash Course,Linear Algebra,Advanced,3.38,37
8470,Deep Learning Fundamentals,Data Analysis,Intermediate,4.2,4
8471,TensorFlow Crash Course,Pandas,Advanced,4.38,25
8472,Statistics for Data Science,Data Visualization,Intermediate,3.06,15
8473,Numpy Fundamentals,Data Visualization,Beginner,4.71,20
8474,PyTorch for Deep Learning,PyTorch,Beginner,3.39,6
8475,Deep Learning Fundamentals,Linear Algebra,Intermediate,4.52,18
8476,Machine Learning Intro,TensorFlow,Advanced,3.96,23
8477,Machine Learning Intro,TensorFlow,Beginner,4.32,16
8478,SQL for Data Science,Deep Learning,Beginner,4.23,37
8479,PyTorch for Deep Learning,PyTorch,Intermediate,4.86,18
8480,Natural Language Processing,TensorFlow,Advanced,3.82,5
8481,Natural Language Processing,Numpy,Intermediate,3.11,32
8482,Statistics for Data Science,TensorFlow,Beginner,3.43,38
8483,Data Visualization with Python,Statistics,Advanced,3.77,12
8484,Advanced Python,Machine Learning,Intermediate,4.02,37
8485,TensorFlow Crash Course,Computer Vision,Beginner,4.94,12
8486,Data Visualization with Python,Deep Learning,Beginner,3.74,9
8487,Deep Learning Fundamentals,NLP,Intermediate,3.38,21
8488,Numpy Fundamentals,Python,Intermediate,4.54,31
8489,PyTorch for Deep Learning,Computer Vision,Beginner,4.65,27
8490,Natural Language Processing,Computer Vision,Beginner,3.16,34
8491,Python Basics,Python,Advanced,4.34,24
8492,TensorFlow Crash Course,Data Analysis,Intermediate,4.99,36
8493,Python Basics,SQL,Advanced,3.68,30
8494,Machine Learning Intro,Pandas,Intermediate,4.28,40
8495,Deep Learning Fundamentals,Computer Vision,Intermediate,4.69,6
8496,Machine Learning Intro,Python,Intermediate,3.62,8
8497,Neural Networks,Data Analysis,Advanced,3.6,13
8498,Computer Vision Basics,Numpy,Beginner,4.72,21
8499,Deep Learning Fundamentals,SQL,Intermediate,3.78,5
8500,Advanced Python,Machine Learning,Intermediate,3.93,23
8501,Advanced Python,Python,Beginner,4.48,3
8502,PyTorch for Deep Learning,Linear Algebra,Beginner,4.19,23
8503,Advanced Python,PyTorch,Advanced,3.45,5
8504,Computer Vision Basics,NLP,Advanced,3.34,21
8505,Machine Learning Intro,PyTorch,Beginner,3.69,13
8506,Machine Learning Intro,Statistics,Advanced,3.83,35
8507,TensorFlow Crash Course,Python,Advanced,4.92,30
8508,Neural Networks,Numpy,Intermediate,4.5,17
8509,Deep Learning Fundamentals,TensorFlow,Beginner,4.54,8
8510,Deep Learning Fundamentals,SQL,Intermediate,3.81,5
8511,Pandas for Data Analysis,Numpy,Advanced,3.19,27
8512,Advanced Python,Statistics,Advanced,3.41,5
8513,Computer Vision Basics,Computer Vision,Beginner,4.38,11
8514,Python Basics,Linear Algebra,Advanced,3.11,7
8515,Machine Learning Intro,NLP,Beginner,3.09,35
8516,Statistics for Data Science,TensorFlow,Advanced,4.78,2
8517,Pandas for Data Analysis,Python,Beginner,3.35,17
8518,Statistics for Data Science,Numpy,Advanced,3.05,8
8519,SQL for Data Science,Data Analysis,Beginner,3.52,3
8520,Advanced Python,Statistics,Intermediate,3.04,19
8521,Pandas for Data Analysis,Machine Learning,Beginner,3.9,37
8522,Machine Learning Intro,Deep Learning,Intermediate,3.39,21
8523,Advanced Python,Statistics,Intermediate,3.91,12
8524,Advanced Python,Numpy,Beginner,4.24,40
8525,Neural Networks,Computer Vision,Advanced,4.24,31
8526,Numpy Fundamentals,Data Visualization,Advanced,3.77,13
8527,Numpy Fundamentals,Linear Algebra,Intermediate,3.86,20
8528,Natural Language Processing,Pandas,Beginner,4.3,13
8529,SQL for Data Science,PyTorch,Intermediate,3.8,34
8530,Advanced Python,Computer Vision,Beginner,3.91,11
8531,Natural Language Processing,Data Analysis,Intermediate,3.54,39
8532,Computer Vision Basics,Computer Vision,Advanced,4.55,15
8533,Natural Language Processing,Statistics,Beginner,3.28,6
8534,Computer Vision Basics,Data Visualization,Advanced,4.32,32
8535,TensorFlow Crash Course,Pandas,Intermediate,4.52,4
8536,Neural Networks,Pandas,Intermediate,4.07,22
8537,Statistics for Data Science,Pandas,Beginner,3.4,40
8538,Statistics for Data Science,Pandas,Advanced,4.0,29
8539,TensorFlow Crash Course,PyTorch,Advanced,3.38,33
8540,Computer Vision Basics,Statistics,Intermediate,3.98,26
8541,Numpy Fundamentals,Machine Learning,Intermediate,3.65,23
8542,Statistics for Data Science,Computer Vision,Advanced,4.02,29
8543,Data Visualization with Python,Linear Algebra,Intermediate,4.74,34
8544,Neural Networks,Numpy,Intermediate,3.61,19
8545,Natural Language Processing,Machine Learning,Advanced,3.56,36
8546,TensorFlow Crash Course,TensorFlow,Beginner,3.31,4
8547,Neural Networks,Data Analysis,Beginner,4.71,28
8548,Neural Networks,Computer Vision,Advanced,4.47,33
8549,Advanced Python,Computer Vision,Advanced,4.84,15
8550,Numpy Fundamentals,PyTorch,Advanced,4.39,7
8551,Numpy Fundamentals,Computer Vision,Advanced,3.18,4
8552,Python Basics,Linear Algebra,Intermediate,4.17,4
8553,Statistics for Data Science,Computer Vision,Advanced,4.57,17
8554,Pandas for Data Analysis,TensorFlow,Beginner,4.47,31
8555,Statistics for Data Science,Python,Intermediate,4.38,19
8556,Natural Language Processing,PyTorch,Intermediate,4.03,30
8557,Statistics for Data Science,Deep Learning,Advanced,3.72,18
8558,Pandas for Data Analysis,Computer Vision,Beginner,3.39,6
8559,Deep Learning Fundamentals,TensorFlow,Advanced,4.44,30
8560,PyTorch for Deep Learning,PyTorch,Intermediate,4.27,40
8561,Machine Learning Intro,Data Analysis,Beginner,3.46,21
8562,PyTorch for Deep Learning,Pandas,Beginner,4.65,19
8563,Deep Learning Fundamentals,TensorFlow,Advanced,3.22,14
8564,Statistics for Data Science,Pandas,Advanced,4.75,27
8565,PyTorch for Deep Learning,PyTorch,Intermediate,4.25,3
8566,Pandas for Data Analysis,NLP,Beginner,3.67,18
8567,Python Basics,Deep Learning,Advanced,4.4,2
8568,PyTorch for Deep Learning,NLP,Advanced,3.66,31
8569,PyTorch for Deep Learning,Statistics,Intermediate,3.94,31
8570,PyTorch for Deep Learning,Machine Learning,Advanced,3.13,7
8571,SQL for Data Science,SQL,Beginner,4.93,18
8572,Deep Learning Fundamentals,PyTorch,Intermediate,3.49,39
8573,Python Basics,Data Visualization,Advanced,3.91,35
8574,Pandas for Data Analysis,Computer Vision,Intermediate,4.15,39
8575,Statistics for Data Science,Data Visualization,Advanced,4.42,33
8576,Advanced Python,Data Visualization,Advanced,4.77,28
8577,TensorFlow Crash Course,Machine Learning,Beginner,4.71,8
8578,Data Visualization with Python,Pandas,Advanced,3.46,6
8579,Data Visualization with Python,NLP,Advanced,4.52,17
8580,Numpy Fundamentals,PyTorch,Beginner,4.58,17
8581,TensorFlow Crash Course,Python,Beginner,3.49,38
8582,Machine Learning Intro,TensorFlow,Intermediate,4.33,5
8583,Natural Language Processing,NLP,Intermediate,4.96,15
8584,Natural Language Processing,Linear Algebra,Intermediate,3.47,11
8585,Numpy Fundamentals,Machine Learning,Beginner,4.94,17
8586,SQL for Data Science,Deep Learning,Intermediate,4.03,25
8587,Deep Learning Fundamentals,SQL,Beginner,4.42,12
8588,Pandas for Data Analysis,Data Analysis,Intermediate,3.24,20
8589,Computer Vision Basics,Linear Algebra,Beginner,3.56,14
8590,Computer Vision Basics,SQL,Beginner,4.3,25
8591,Deep Learning Fundamentals,Numpy,Beginner,4.04,10
8592,Pandas for Data Analysis,Data Visualization,Advanced,4.25,4
8593,Pandas for Data Analysis,Data Analysis,Beginner,4.5,34
8594,TensorFlow Crash Course,Python,Intermediate,4.38,12
8595,Numpy Fundamentals,Statistics,Intermediate,4.89,16
8596,Data Visualization with Python,Data Analysis,Beginner,3.84,15
8597,Pandas for Data Analysis,Numpy,Intermediate,4.3,31
8598,Computer Vision Basics,Data Analysis,Intermediate,4.64,19
8599,Computer Vision Basics,Deep Learning,Intermediate,4.4,36
8600,Advanced Python,Numpy,Beginner,4.67,39
8601,Machine Learning Intro,TensorFlow,Intermediate,4.55,2
8602,Computer Vision Basics,SQL,Intermediate,3.84,18
8603,Advanced Python,Machine Learning,Intermediate,3.47,3
8604,Python Basics,Statistics,Intermediate,4.76,39
8605,Neural Networks,NLP,Advanced,4.0,12
8606,PyTorch for Deep Learning,Pandas,Beginner,4.86,37
8607,PyTorch for Deep Learning,Data Visualization,Advanced,3.07,39
8608,Advanced Python,Statistics,Intermediate,3.29,8
8609,Pandas for Data Analysis,Deep Learning,Intermediate,3.63,17
8610,Data Visualization with Python,Python,Intermediate,4.08,33
8611,SQL for Data Science,SQL,Intermediate,3.75,8
8612,PyTorch for Deep Learning,Data Analysis,Intermediate,3.69,24
8613,Pandas for Data Analysis,Machine Learning,Advanced,4.58,3
8614,Computer Vision Basics,Numpy,Advanced,3.2,19
8615,Python Basics,Deep Learning,Intermediate,4.72,25
8616,Machine Learning Intro,Linear Algebra,Beginner,4.6,38
8617,Numpy Fundamentals,Data Analysis,Intermediate,4.76,33
8618,PyTorch for Deep Learning,Data Analysis,Beginner,4.09,19
8619,Computer Vision Basics,SQL,Beginner,3.52,37
8620,Pandas for Data Analysis,Pandas,Beginner,3.27,24
8621,Deep Learning Fundamentals,Data Analysis,Beginner,3.69,32
8622,PyTorch for Deep Learning,Statistics,Intermediate,4.24,9
8623,Python Basics,Python,Beginner,3.42,22
8624,Deep Learning Fundamentals,Python,Intermediate,3.56,23
8625,Python Basics,Machine Learning,Intermediate,4.03,11
8626,Numpy Fundamentals,Data Analysis,Intermediate,4.01,29
8627,Numpy Fundamentals,NLP,Advanced,3.05,11
8628,Machine Learning Intro,Numpy,Advanced,3.64,11
8629,Natural Language Processing,Pandas,Advanced,4.74,16
8630,Pandas for Data Analysis,PyTorch,Advanced,3.02,23
8631,Pandas for Data Analysis,Pandas,Intermediate,3.96,27
8632,SQL for Data Science,Deep Learning,Intermediate,3.55,38
8633,PyTorch for Deep Learning,Statistics,Intermediate,4.61,32
8634,Statistics for Data Science,Machine Learning,Advanced,3.35,6
8635,PyTorch for Deep Learning,Data Visualization,Intermediate,3.37,30
8636,Python Basics,SQL,Beginner,4.56,6
8637,Computer Vision Basics,Numpy,Advanced,4.1,19
8638,Python Basics,Machine Learning,Intermediate,4.59,21
8639,Data Visualization with Python,Computer Vision,Advanced,4.07,29
8640,Neural Networks,NLP,Beginner,4.73,18
8641,Natural Language Processing,Linear Algebra,Beginner,3.57,5
8642,TensorFlow Crash Course,Machine Learning,Advanced,3.46,6
8643,Neural Networks,Pandas,Intermediate,3.18,2
8644,Numpy Fundamentals,Pandas,Advanced,3.09,24
8645,SQL for Data Science,Deep Learning,Advanced,3.47,18
8646,Computer Vision Basics,NLP,Beginner,3.09,3
8647,Pandas for Data Analysis,Pandas,Intermediate,4.19,7
8648,Statistics for Data Science,Machine Learning,Intermediate,4.24,17
8649,PyTorch for Deep Learning,PyTorch,Beginner,3.67,31
8650,TensorFlow Crash Course,Numpy,Advanced,4.33,8
8651,Machine Learning Intro,SQL,Intermediate,4.78,5
8652,Natural Language Processing,SQL,Advanced,4.55,33
8653,SQL for Data Science,Numpy,Intermediate,4.16,4
8654,PyTorch for Deep Learning,Pandas,Beginner,3.74,35
8655,Pandas for Data Analysis,SQL,Beginner,3.24,6
8656,Pandas for Data Analysis,Statistics,Beginner,4.27,38
8657,TensorFlow Crash Course,Python,Beginner,4.82,17
8658,Advanced Python,Numpy,Beginner,4.33,13
8659,PyTorch for Deep Learning,TensorFlow,Intermediate,4.94,14
8660,Computer Vision Basics,Data Visualization,Beginner,3.09,11
8661,Advanced Python,Pandas,Advanced,3.84,32
8662,PyTorch for Deep Learning,Numpy,Intermediate,4.13,15
8663,Computer Vision Basics,Deep Learning,Intermediate,4.25,22
8664,PyTorch for Deep Learning,Computer Vision,Advanced,3.8,37
8665,TensorFlow Crash Course,Deep Learning,Beginner,4.65,14
8666,Machine Learning Intro,SQL,Intermediate,4.88,29
8667,Numpy Fundamentals,TensorFlow,Beginner,4.75,39
8668,Python Basics,Machine Learning,Intermediate,4.24,16
8669,PyTorch for Deep Learning,Numpy,Intermediate,4.14,9
8670,Neural Networks,NLP,Beginner,4.85,39
8671,SQL for Data Science,Computer Vision,Intermediate,3.61,24
8672,Numpy Fundamentals,Statistics,Beginner,3.19,20
8673,Advanced Python,Numpy,Advanced,4.98,28
8674,Natural Language Processing,Machine Learning,Advanced,4.94,6
8675,Machine Learning Intro,Computer Vision,Intermediate,3.92,17
8676,Neural Networks,TensorFlow,Beginner,4.54,33
8677,Numpy Fundamentals,Python,Beginner,4.79,40
8678,Data Visualization with Python,Computer Vision,Intermediate,3.47,20
8679,Pandas for Data Analysis,Pandas,Beginner,4.25,19
8680,Pandas for Data Analysis,Python,Intermediate,4.49,29
8681,Numpy Fundamentals,PyTorch,Advanced,3.52,26
8682,Deep Learning Fundamentals,Deep Learning,Beginner,3.06,4
8683,Machine Learning Intro,NLP,Advanced,4.98,6
8684,SQL for Data Science,Numpy,Beginner,3.98,17
8685,PyTorch for Deep Learning,PyTorch,Intermediate,4.96,26
8686,Python Basics,Data Visualization,Intermediate,5.0,7
8687,Advanced Python,SQL,Beginner,3.58,38
8688,Deep Learning Fundamentals,Python,Intermediate,4.61,16
8689,Pandas for Data Analysis,Pandas,Advanced,4.25,14
8690,Data Visualization with Python,Data Visualization,Beginner,4.57,24
8691,Computer Vision Basics,Pandas,Beginner,3.53,13
8692,PyTorch for Deep Learning,Pandas,Beginner,4.95,17
8693,Deep Learning Fundamentals,Numpy,Beginner,4.47,9
8694,Statistics for Data Science,Data Visualization,Advanced,3.3,40
8695,Advanced Python,SQL,Advanced,4.72,30
8696,PyTorch for Deep Learning,TensorFlow,Advanced,4.88,20
8697,TensorFlow Crash Course,Statistics,Intermediate,4.19,21
8698,Natural Language Processing,Deep Learning,Intermediate,4.3,26
8699,Deep Learning Fundamentals,SQL,Beginner,4.31,40
8700,Data Visualization with Python,Data Visualization,Intermediate,3.62,22
8701,Advanced Python,PyTorch,Intermediate,4.23,9
8702,Statistics for Data Science,PyTorch,Beginner,4.48,5
8703,SQL for Data Science,Pandas,Beginner,3.51,29
8704,Pandas for Data Analysis,PyTorch,Advanced,3.03,22
8705,Deep Learning Fundamentals,Statistics,Beginner,3.14,21
8706,Data Visualization with Python,Data Analysis,Beginner,4.28,39
8707,Machine Learning Intro,TensorFlow,Advanced,4.95,32
8708,Numpy Fundamentals,TensorFlow,Beginner,3.13,26
8709,SQL for Data Science,Pandas,Advanced,3.96,26
8710,Machine Learning Intro,PyTorch,Advanced,3.72,40
8711,Pandas for Data Analysis,Data Visualization,Advanced,3.34,24
8712,PyTorch for Deep Learning,PyTorch,Beginner,4.95,21
8713,Natural Language Processing,Deep Learning,Intermediate,3.06,22
8714,Machine Learning Intro,Statistics,Intermediate,3.66,21
8715,PyTorch for Deep Learning,Computer Vision,Advanced,4.89,37
8716,Advanced Python,Linear Algebra,Advanced,3.34,3
8717,Machine Learning Intro,Statistics,Beginner,4.95,18
8718,Neural Networks,TensorFlow,Beginner,3.36,18
8719,Neural Networks,Machine Learning,Advanced,4.11,29
8720,Neural Networks,Statistics,Intermediate,3.74,26
8721,Deep Learning Fundamentals,Computer Vision,Advanced,3.73,35
8722,Neural Networks,NLP,Advanced,3.91,29
8723,Data Visualization with Python,Data Analysis,Advanced,3.79,27
8724,PyTorch for Deep Learning,Computer Vision,Beginner,3.35,25
8725,Neural Networks,Linear Algebra,Intermediate,3.74,3
8726,Numpy Fundamentals,PyTorch,Beginner,4.02,23
8727,Statistics for Data Science,Statistics,Intermediate,4.82,23
8728,TensorFlow Crash Course,Machine Learning,Intermediate,3.5,30
8729,Machine Learning Intro,Pandas,Beginner,3.5,15
8730,Advanced Python,TensorFlow,Advanced,3.33,40
8731,Advanced Python,Computer Vision,Advanced,3.66,2
8732,PyTorch for Deep Learning,SQL,Beginner,3.66,8
8733,Computer Vision Basics,SQL,Advanced,4.85,22
8734,Neural Networks,Numpy,Beginner,3.39,7
8735,Neural Networks,NLP,Beginner,4.09,4
8736,Neural Networks,Statistics,Advanced,4.65,35
8737,Neural Networks,TensorFlow,Advanced,4.53,35
8738,Deep Learning Fundamentals,Python,Advanced,3.38,40
8739,Natural Language Processing,Deep Learning,Beginner,5.0,32
8740,Computer Vision Basics,Deep Learning,Beginner,4.38,29
8741,SQL for Data Science,Computer Vision,Intermediate,4.91,30
8742,Python Basics,Deep Learning,Beginner,4.47,33
8743,Pandas for Data Analysis,Statistics,Intermediate,3.53,29
8744,Deep Learning Fundamentals,Machine Learning,Intermediate,3.2,24
8745,Python Basics,NLP,Advanced,3.31,29
8746,TensorFlow Crash Course,NLP,Intermediate,3.06,13
8747,Neural Networks,SQL,Intermediate,3.29,20
8748,Computer Vision Basics,Statistics,Intermediate,4.58,30
8749,Deep Learning Fundamentals,Computer Vision,Intermediate,3.36,28
8750,SQL for Data Science,Data Analysis,Intermediate,3.43,25
8751,Python Basics,Machine Learning,Beginner,4.19,3
8752,Computer Vision Basics,Data Visualization,Advanced,4.09,18
8753,Advanced Python,Deep Learning,Intermediate,4.26,29
8754,Machine Learning Intro,Statistics,Intermediate,4.48,11
8755,Machine Learning Intro,TensorFlow,Intermediate,3.84,3
8756,Natural Language Processing,Deep Learning,Beginner,4.21,27
8757,Neural Networks,SQL,Intermediate,3.93,31
8758,Natural Language Processing,Data Visualization,Advanced,4.14,21
8759,Deep Learning Fundamentals,Machine Learning,Intermediate,4.28,2
8760,SQL for Data Science,Machine Learning,Advanced,3.16,27
8761,SQL for Data Science,NLP,Intermediate,4.51,20
8762,Deep Learning Fundamentals,Statistics,Intermediate,3.76,36
8763,PyTorch for Deep Learning,Data Visualization,Advanced,4.16,30
8764,Neural Networks,Data Analysis,Advanced,5.0,12
8765,SQL for Data Science,Python,Advanced,3.2,12
8766,Computer Vision Basics,Linear Algebra,Advanced,3.56,14
8767,Machine Learning Intro,SQL,Intermediate,4.24,13
8768,PyTorch for Deep Learning,Numpy,Beginner,4.13,12
8769,Statistics for Data Science,Data Analysis,Advanced,4.36,18
8770,TensorFlow Crash Course,TensorFlow,Intermediate,3.88,21
8771,Neural Networks,NLP,Beginner,3.33,20
8772,Deep Learning Fundamentals,Statistics,Intermediate,3.31,14
8773,Deep Learning Fundamentals,Data Visualization,Intermediate,3.69,27
8774,TensorFlow Crash Course,SQL,Advanced,4.8,40
8775,Advanced Python,Numpy,Beginner,4.95,2
8776,Pandas for Data Analysis,TensorFlow,Intermediate,4.19,23
8777,Advanced Python,Pandas,Advanced,3.38,25
8778,Deep Learning Fundamentals,Data Visualization,Advanced,4.22,16
8779,Neural Networks,SQL,Intermediate,3.45,31
8780,Machine Learning Intro,Computer Vision,Advanced,3.33,38
8781,Machine Learning Intro,Statistics,Beginner,4.05,38
8782,Machine Learning Intro,Computer Vision,Beginner,3.72,2
8783,TensorFlow Crash Course,Data Analysis,Intermediate,3.12,14
8784,Deep Learning Fundamentals,Deep Learning,Beginner,4.7,2
8785,SQL for Data Science,Pandas,Advanced,4.34,19
8786,TensorFlow Crash Course,Machine Learning,Advanced,3.11,9
8787,Pandas for Data Analysis,PyTorch,Beginner,4.37,6
8788,Python Basics,NLP,Beginner,3.01,35
8789,Deep Learning Fundamentals,Computer Vision,Advanced,4.73,15
8790,Python Basics,Statistics,Beginner,4.52,6
8791,TensorFlow Crash Course,Pandas,Advanced,4.85,9
8792,SQL for Data Science,Machine Learning,Advanced,4.63,28
8793,Neural Networks,Numpy,Intermediate,3.23,36
8794,Statistics for Data Science,NLP,Beginner,3.09,39
8795,Machine Learning Intro,Machine Learning,Intermediate,3.87,15
8796,Advanced Python,Machine Learning,Beginner,4.49,35
8797,Numpy Fundamentals,Data Visualization,Beginner,3.43,36
8798,TensorFlow Crash Course,Machine Learning,Intermediate,4.31,9
8799,Data Visualization with Python,Numpy,Advanced,4.16,31
8800,Python Basics,SQL,Advanced,3.21,30
8801,SQL for Data Science,SQL,Beginner,3.76,14
8802,Statistics for Data Science,Pandas,Intermediate,3.4,3
8803,Neural Networks,Pandas,Beginner,3.88,31
8804,Computer Vision Basics,Computer Vision,Advanced,3.02,22
8805,Pandas for Data Analysis,Numpy,Advanced,4.69,39
8806,Machine Learning Intro,Deep Learning,Intermediate,4.82,37
8807,Computer Vision Basics,Pandas,Beginner,4.4,31
8808,Advanced Python,Numpy,Beginner,4.36,28
8809,Advanced Python,PyTorch,Intermediate,3.59,2
8810,Advanced Python,TensorFlow,Intermediate,4.01,3
8811,Deep Learning Fundamentals,SQL,Intermediate,4.35,5
8812,Advanced Python,SQL,Intermediate,4.6,37
8813,Python Basics,Statistics,Advanced,4.9,32
8814,Data Visualization with Python,Python,Beginner,4.63,6
8815,Python Basics,PyTorch,Intermediate,3.05,30
8816,Statistics for Data Science,Statistics,Beginner,3.6,12
8817,Pandas for Data Analysis,Computer Vision,Advanced,3.88,18
8818,Numpy Fundamentals,Computer Vision,Intermediate,4.78,20
8819,SQL for Data Science,Deep Learning,Advanced,4.74,6
8820,Advanced Python,Computer Vision,Intermediate,3.38,29
8821,Python Basics,Python,Beginner,3.54,35
8822,Python Basics,PyTorch,Intermediate,4.26,27
8823,SQL for Data Science,Python,Intermediate,3.83,38
8824,TensorFlow Crash Course,Numpy,Intermediate,4.57,36
8825,Python Basics,Deep Learning,Intermediate,4.33,30
8826,Neural Networks,SQL,Intermediate,3.01,19
8827,SQL for Data Science,Data Analysis,Advanced,4.47,3
8828,Machine Learning Intro,TensorFlow,Beginner,3.11,9
8829,Natural Language Processing,Machine Learning,Intermediate,4.44,32
8830,TensorFlow Crash Course,Python,Beginner,4.7,21
8831,SQL for Data Science,Machine Learning,Beginner,3.85,32
8832,Advanced Python,Python,Intermediate,3.23,35
8833,Python Basics,NLP,Beginner,4.86,40
8834,PyTorch for Deep Learning,Computer Vision,Intermediate,4.18,13
8835,Numpy Fundamentals,Statistics,Intermediate,4.76,3
8836,Computer Vision Basics,Linear Algebra,Advanced,4.66,28
8837,Natural Language Processing,Machine Learning,Beginner,4.33,34
8838,SQL for Data Science,Pandas,Advanced,4.24,38
8839,Neural Networks,Python,Beginner,4.73,11
8840,TensorFlow Crash Course,Computer Vision,Beginner,3.24,2
8841,Numpy Fundamentals,Computer Vision,Advanced,3.14,34
8842,TensorFlow Crash Course,Python,Advanced,4.74,5
8843,Statistics for Data Science,Linear Algebra,Advanced,3.11,15
8844,Python Basics,Computer Vision,Intermediate,3.83,24
8845,Python Basics,Python,Beginner,3.04,13
8846,Pandas for Data Analysis,TensorFlow,Advanced,4.68,20
8847,Deep Learning Fundamentals,Statistics,Advanced,3.94,29
8848,PyTorch for Deep Learning,Computer Vision,Intermediate,4.3,39
8849,Machine Learning Intro,Data Visualization,Intermediate,4.11,14
8850,Machine Learning Intro,NLP,Beginner,3.25,30
8851,TensorFlow Crash Course,PyTorch,Beginner,4.02,9
8852,Neural Networks,Data Visualization,Beginner,4.36,30
8853,Natural Language Processing,Computer Vision,Beginner,4.56,22
8854,Pandas for Data Analysis,Pandas,Advanced,3.05,14
8855,Python Basics,Data Visualization,Intermediate,3.24,5
8856,Pandas for Data Analysis,TensorFlow,Beginner,4.45,2
8857,Statistics for Data Science,NLP,Intermediate,3.55,13
8858,PyTorch for Deep Learning,Deep Learning,Beginner,4.95,11
8859,Pandas for Data Analysis,Deep Learning,Advanced,4.96,25
8860,PyTorch for Deep Learning,Data Visualization,Beginner,3.85,25
8861,Neural Networks,PyTorch,Intermediate,4.75,40
8862,Data Visualization with Python,TensorFlow,Intermediate,4.33,40
8863,Natural Language Processing,NLP,Advanced,3.91,38
8864,Machine Learning Intro,Numpy,Beginner,3.62,34
8865,Statistics for Data Science,Computer Vision,Intermediate,3.91,10
8866,Natural Language Processing,PyTorch,Beginner,3.73,4
8867,PyTorch for Deep Learning,SQL,Beginner,3.8,5
8868,Numpy Fundamentals,Data Analysis,Beginner,4.3,23
8869,Statistics for Data Science,TensorFlow,Beginner,4.92,17
8870,Deep Learning Fundamentals,Computer Vision,Beginner,3.35,27
8871,Data Visualization with Python,Python,Beginner,4.06,16
8872,Python Basics,Python,Intermediate,3.97,4
8873,Statistics for Data Science,Data Visualization,Beginner,3.03,15
8874,TensorFlow Crash Course,Data Visualization,Intermediate,4.44,12
8875,SQL for Data Science,Machine Learning,Beginner,3.93,8
8876,PyTorch for Deep Learning,Data Analysis,Advanced,3.39,13
8877,Numpy Fundamentals,Numpy,Intermediate,3.85,37
8878,Numpy Fundamentals,Machine Learning,Advanced,3.56,24
8879,Pandas for Data Analysis,Computer Vision,Beginner,3.07,40
8880,Natural Language Processing,Linear Algebra,Beginner,4.99,6
8881,Python Basics,Computer Vision,Advanced,4.64,38
8882,PyTorch for Deep Learning,Numpy,Advanced,3.23,14
8883,PyTorch for Deep Learning,NLP,Intermediate,4.3,34
8884,Deep Learning Fundamentals,Statistics,Beginner,3.11,31
8885,Computer Vision Basics,Data Analysis,Advanced,3.28,29
8886,Python Basics,Statistics,Advanced,3.28,19
8887,Computer Vision Basics,Linear Algebra,Intermediate,3.44,26
8888,Pandas for Data Analysis,Numpy,Beginner,4.25,38
8889,Pandas for Data Analysis,Linear Algebra,Intermediate,3.29,10
8890,Deep Learning Fundamentals,Python,Beginner,3.14,18
8891,Advanced Python,Deep Learning,Advanced,3.13,14
8892,Natural Language Processing,Pandas,Intermediate,3.18,22
8893,Data Visualization with Python,SQL,Intermediate,3.48,31
8894,Data Visualization with Python,Machine Learning,Beginner,4.86,35
8895,Statistics for Data Science,NLP,Beginner,3.67,25
8896,Pandas for Data Analysis,SQL,Intermediate,4.68,13
8897,Neural Networks,SQL,Beginner,3.78,30
8898,Machine Learning Intro,Statistics,Intermediate,4.38,36
8899,Pandas for Data Analysis,Python,Intermediate,3.05,26
8900,Deep Learning Fundamentals,Statistics,Advanced,4.04,32
8901,Pandas for Data Analysis,Computer Vision,Advanced,4.16,22
8902,Neural Networks,PyTorch,Beginner,4.07,8
8903,Data Visualization with Python,Statistics,Beginner,4.06,9
8904,SQL for Data Science,Deep Learning,Advanced,3.83,20
8905,Data Visualization with Python,Python,Advanced,4.56,18
8906,Pandas for Data Analysis,Numpy,Advanced,4.78,32
8907,PyTorch for Deep Learning,Computer Vision,Advanced,3.77,33
8908,PyTorch for Deep Learning,NLP,Advanced,4.13,31
8909,Neural Networks,SQL,Intermediate,4.12,25
8910,SQL for Data Science,NLP,Advanced,3.15,13
8911,TensorFlow Crash Course,Data Visualization,Beginner,4.34,39
8912,Neural Networks,Computer Vision,Advanced,3.35,36
8913,Deep Learning Fundamentals,PyTorch,Intermediate,3.43,28
8914,Neural Networks,PyTorch,Advanced,3.53,15
8915,Statistics for Data Science,Data Visualization,Advanced,3.57,23
8916,Numpy Fundamentals,PyTorch,Beginner,3.92,11
8917,Advanced Python,SQL,Beginner,4.4,4
8918,Advanced Python,TensorFlow,Intermediate,3.82,14
8919,Advanced Python,Numpy,Advanced,3.69,34
8920,Deep Learning Fundamentals,Numpy,Advanced,3.17,17
8921,Natural Language Processing,Computer Vision,Beginner,3.05,35
8922,Numpy Fundamentals,Python,Beginner,3.36,29
8923,Natural Language Processing,PyTorch,Intermediate,4.79,27
8924,Machine Learning Intro,Data Analysis,Intermediate,3.03,22
8925,Natural Language Processing,SQL,Beginner,3.81,6
8926,Neural Networks,Deep Learning,Advanced,4.12,15
8927,Computer Vision Basics,Deep Learning,Intermediate,3.1,7
8928,Advanced Python,Numpy,Beginner,3.38,2
8929,Computer Vision Basics,Data Visualization,Advanced,4.0,36
8930,Computer Vision Basics,SQL,Intermediate,4.32,16
8931,Natural Language Processing,Data Analysis,Advanced,3.45,38
8932,PyTorch for Deep Learning,PyTorch,Advanced,3.83,3
8933,Pandas for Data Analysis,Python,Intermediate,4.62,14
8934,Deep Learning Fundamentals,Deep Learning,Intermediate,4.41,23
8935,Neural Networks,Statistics,Beginner,4.34,4
8936,SQL for Data Science,Deep Learning,Intermediate,3.39,5
8937,Deep Learning Fundamentals,Computer Vision,Advanced,3.36,5
8938,SQL for Data Science,Computer Vision,Beginner,4.71,37
8939,Pandas for Data Analysis,SQL,Advanced,4.11,23
8940,Neural Networks,Machine Learning,Beginner,3.57,36
8941,Neural Networks,Statistics,Beginner,3.75,3
8942,Natural Language Processing,Statistics,Intermediate,4.57,20
8943,Data Visualization with Python,Deep Learning,Intermediate,3.46,28
8944,Deep Learning Fundamentals,Deep Learning,Intermediate,4.48,11
8945,Pandas for Data Analysis,Machine Learning,Intermediate,4.64,16
8946,Natural Language Processing,Linear Algebra,Advanced,4.76,32
8947,Neural Networks,PyTorch,Intermediate,3.57,9
8948,Statistics for Data Science,Deep Learning,Intermediate,3.11,17
8949,Deep Learning Fundamentals,Computer Vision,Advanced,3.24,8
8950,Advanced Python,Pandas,Beginner,3.52,17
8951,SQL for Data Science,Numpy,Advanced,3.87,40
8952,Natural Language Processing,Machine Learning,Beginner,4.3,38
8953,Advanced Python,Data Visualization,Beginner,4.27,11
8954,Neural Networks,Data Visualization,Advanced,3.0,12
8955,Advanced Python,Numpy,Intermediate,3.65,12
8956,Computer Vision Basics,Data Analysis,Intermediate,3.6,15
8957,Neural Networks,Deep Learning,Advanced,4.46,39
8958,Pandas for Data Analysis,TensorFlow,Intermediate,3.64,7
8959,Pandas for Data Analysis,Python,Advanced,3.57,34
8960,Python Basics,Deep Learning,Advanced,4.59,29
8961,Python Basics,Numpy,Beginner,4.12,12
8962,Statistics for Data Science,Data Analysis,Beginner,3.83,25
8963,Statistics for Data Science,Data Visualization,Intermediate,3.93,11
8964,Machine Learning Intro,Python,Beginner,4.72,5
8965,Computer Vision Basics,Pandas,Intermediate,3.37,31
8966,Computer Vision Basics,Numpy,Intermediate,4.72,11
8967,Data Visualization with Python,TensorFlow,Beginner,3.41,2
8968,Python Basics,Computer Vision,Intermediate,3.04,20
8969,Deep Learning Fundamentals,Python,Intermediate,4.5,33
8970,Neural Networks,TensorFlow,Beginner,3.96,32
8971,Pandas for Data Analysis,TensorFlow,Advanced,3.71,21
8972,Computer Vision Basics,Python,Intermediate,4.06,34
8973,Advanced Python,Data Visualization,Intermediate,3.7,25
8974,Machine Learning Intro,SQL,Intermediate,3.31,32
8975,Natural Language Processing,Deep Learning,Beginner,4.92,40
8976,PyTorch for Deep Learning,Statistics,Advanced,4.11,33
8977,PyTorch for Deep Learning,Machine Learning,Intermediate,3.04,14
8978,PyTorch for Deep Learning,PyTorch,Advanced,3.43,39
8979,Natural Language Processing,Deep Learning,Advanced,3.64,12
8980,PyTorch for Deep Learning,Python,Intermediate,4.62,15
8981,TensorFlow Crash Course,NLP,Advanced,4.91,13
8982,Natural Language Processing,Statistics,Beginner,4.86,31
8983,SQL for Data Science,Computer Vision,Intermediate,4.07,12
8984,Statistics for Data Science,Computer Vision,Intermediate,3.21,6
8985,Machine Learning Intro,Linear Algebra,Intermediate,4.64,11
8986,Statistics for Data Science,Linear Algebra,Beginner,4.66,31
8987,SQL for Data Science,Numpy,Intermediate,3.59,13
8988,Python Basics,PyTorch,Advanced,4.67,8
8989,Deep Learning Fundamentals,Numpy,Beginner,3.72,37
8990,Advanced Python,Linear Algebra,Advanced,3.19,29
8991,Statistics for Data Science,Linear Algebra,Beginner,3.25,12
8992,Python Basics,TensorFlow,Beginner,3.68,17
8993,Neural Networks,Numpy,Intermediate,3.03,2
8994,SQL for Data Science,Data Visualization,Beginner,3.58,3
8995,Natural Language Processing,Statistics,Advanced,4.49,13
8996,Pandas for Data Analysis,Numpy,Intermediate,3.66,24
8997,Data Visualization with Python,Computer Vision,Intermediate,4.9,9
8998,Python Basics,Linear Algebra,Advanced,3.75,6
8999,Advanced Python,Data Analysis,Advanced,3.71,27
9000,PyTorch for Deep Learning,PyTorch,Intermediate,4.06,4
9001,Numpy Fundamentals,Numpy,Beginner,3.59,35
9002,Neural Networks,Data Visualization,Advanced,4.22,6
9003,Natural Language Processing,Pandas,Intermediate,3.78,40
9004,SQL for Data Science,NLP,Intermediate,3.4,36
9005,Statistics for Data Science,Deep Learning,Advanced,4.38,39
9006,Pandas for Data Analysis,PyTorch,Intermediate,3.03,16
9007,Deep Learning Fundamentals,Deep Learning,Beginner,4.81,26
9008,PyTorch for Deep Learning,Pandas,Beginner,3.07,25
9009,TensorFlow Crash Course,TensorFlow,Beginner,4.24,23
9010,Data Visualization with Python,Machine Learning,Intermediate,4.4,13
9011,SQL for Data Science,Python,Intermediate,3.48,6
9012,Deep Learning Fundamentals,Statistics,Intermediate,3.85,20
9013,Computer Vision Basics,Deep Learning,Intermediate,3.73,16
9014,Python Basics,Numpy,Advanced,4.63,27
9015,Deep Learning Fundamentals,NLP,Intermediate,3.08,24
9016,Natural Language Processing,TensorFlow,Advanced,3.02,2
9017,Natural Language Processing,Machine Learning,Advanced,4.37,9
9018,Python Basics,SQL,Beginner,4.31,7
9019,Python Basics,SQL,Advanced,3.27,15
9020,Computer Vision Basics,NLP,Intermediate,4.43,14
9021,Numpy Fundamentals,TensorFlow,Beginner,4.07,8
9022,Machine Learning Intro,TensorFlow,Advanced,4.41,3
9023,Deep Learning Fundamentals,Statistics,Intermediate,4.02,26
9024,Advanced Python,Data Visualization,Advanced,3.98,26
9025,Neural Networks,NLP,Beginner,4.24,27
9026,Pandas for Data Analysis,Statistics,Intermediate,4.01,24
9027,Pandas for Data Analysis,TensorFlow,Intermediate,4.82,33
9028,Neural Networks,Computer Vision,Intermediate,3.32,32
9029,TensorFlow Crash Course,Data Visualization,Beginner,3.39,27
9030,SQL for Data Science,Deep Learning,Intermediate,4.87,31
9031,SQL for Data Science,Computer Vision,Beginner,4.26,34
9032,TensorFlow Crash Course,TensorFlow,Beginner,4.89,27
9033,PyTorch for Deep Learning,Data Analysis,Intermediate,3.92,18
9034,Natural Language Processing,SQL,Beginner,3.79,10
9035,Pandas for Data Analysis,Data Analysis,Beginner,3.97,17
9036,Machine Learning Intro,Statistics,Beginner,4.48,32
9037,Machine Learning Intro,SQL,Intermediate,4.75,22
9038,SQL for Data Science,Pandas,Beginner,3.82,20
9039,Computer Vision Basics,SQL,Advanced,3.58,36
9040,Machine Learning Intro,Linear Algebra,Advanced,3.63,16
9041,Neural Networks,Pandas,Advanced,4.89,26
9042,Pandas for Data Analysis,Linear Algebra,Advanced,4.44,37
9043,Statistics for Data Science,Machine Learning,Advanced,3.92,37
9044,Pandas for Data Analysis,Statistics,Intermediate,3.64,17
9045,Machine Learning Intro,Deep Learning,Intermediate,3.54,16
9046,Computer Vision Basics,Deep Learning,Beginner,4.78,21
9047,Python Basics,Linear Algebra,Intermediate,3.96,31
9048,SQL for Data Science,PyTorch,Intermediate,3.11,25
9049,Data Visualization with Python,TensorFlow,Beginner,3.01,19
9050,Natural Language Processing,NLP,Intermediate,4.1,38
9051,Deep Learning Fundamentals,Linear Algebra,Intermediate,4.55,15
9052,Computer Vision Basics,TensorFlow,Intermediate,4.52,2
9053,Pandas for Data Analysis,TensorFlow,Beginner,4.58,24
9054,Machine Learning Intro,Computer Vision,Beginner,3.23,37
9055,TensorFlow Crash Course,Statistics,Intermediate,3.82,22
9056,Natural Language Processing,Linear Algebra,Beginner,3.29,15
9057,Computer Vision Basics,Deep Learning,Intermediate,3.51,21
9058,Computer Vision Basics,Machine Learning,Advanced,3.58,23
9059,Python Basics,NLP,Intermediate,4.96,25
9060,Numpy Fundamentals,Deep Learning,Intermediate,4.76,12
9061,Natural Language Processing,SQL,Advanced,4.09,18
9062,Machine Learning Intro,Data Visualization,Advanced,4.96,29
9063,Python Basics,Deep Learning,Beginner,3.91,27
9064,Advanced Python,SQL,Intermediate,4.23,20
9065,PyTorch for Deep Learning,Data Visualization,Advanced,4.28,36
9066,Data Visualization with Python,Data Visualization,Advanced,3.66,37
9067,Natural Language Processing,TensorFlow,Advanced,4.92,15
9068,Python Basics,Statistics,Intermediate,4.34,17
9069,Numpy Fundamentals,NLP,Advanced,3.72,24
9070,Natural Language Processing,SQL,Intermediate,3.26,21
9071,Statistics for Data Science,Machine Learning,Advanced,3.46,25
9072,Neural Networks,SQL,Beginner,3.19,18
9073,Data Visualization with Python,Numpy,Advanced,4.36,34
9074,Numpy Fundamentals,Data Analysis,Advanced,3.57,39
9075,Computer Vision Basics,NLP,Advanced,4.5,29
9076,Advanced Python,Data Analysis,Beginner,3.63,5
9077,Python Basics,SQL,Advanced,3.03,6
9078,PyTorch for Deep Learning,Pandas,Intermediate,3.61,12
9079,Neural Networks,SQL,Advanced,4.08,4
9080,Computer Vision Basics,NLP,Beginner,4.23,36
9081,TensorFlow Crash Course,Linear Algebra,Advanced,3.05,7
9082,Deep Learning Fundamentals,PyTorch,Advanced,4.6,12
9083,Advanced Python,Statistics,Intermediate,4.57,3
9084,Deep Learning Fundamentals,NLP,Intermediate,4.34,33
9085,Computer Vision Basics,Deep Learning,Beginner,3.95,8
9086,Natural Language Processing,TensorFlow,Advanced,3.47,10
9087,Natural Language Processing,Numpy,Beginner,4.08,22
9088,Neural Networks,Machine Learning,Beginner,3.06,23
9089,Computer Vision Basics,Numpy,Intermediate,3.49,11
9090,Deep Learning Fundamentals,Machine Learning,Beginner,4.57,39
9091,PyTorch for Deep Learning,Deep Learning,Beginner,3.99,24
9092,Neural Networks,NLP,Beginner,4.34,23
9093,Machine Learning Intro,Data Analysis,Beginner,3.04,30
9094,Advanced Python,SQL,Intermediate,3.23,39
9095,TensorFlow Crash Course,PyTorch,Advanced,3.82,21
9096,Computer Vision Basics,SQL,Intermediate,3.69,4
9097,Machine Learning Intro,Pandas,Beginner,3.87,22
9098,TensorFlow Crash Course,Data Visualization,Intermediate,3.82,3
9099,Computer Vision Basics,Linear Algebra,Advanced,3.46,7
9100,Deep Learning Fundamentals,Data Visualization,Advanced,4.73,34
9101,Natural Language Processing,Deep Learning,Beginner,3.17,27
9102,Pandas for Data Analysis,TensorFlow,Intermediate,3.39,16
9103,Advanced Python,Numpy,Advanced,3.44,25
9104,Advanced Python,TensorFlow,Advanced,4.72,38
9105,Statistics for Data Science,Machine Learning,Advanced,3.5,31
9106,Python Basics,Deep Learning,Advanced,4.93,17
9107,Data Visualization with Python,Deep Learning,Intermediate,3.29,16
9108,Neural Networks,Linear Algebra,Intermediate,3.89,33
9109,Python Basics,Linear Algebra,Advanced,4.2,34
9110,Machine Learning Intro,Data Analysis,Advanced,3.1,33
9111,SQL for Data Science,Pandas,Advanced,3.92,40
9112,Deep Learning Fundamentals,Statistics,Advanced,3.49,18
9113,Machine Learning Intro,Statistics,Advanced,4.19,21
9114,Deep Learning Fundamentals,Pandas,Intermediate,3.67,38
9115,Advanced Python,PyTorch,Intermediate,4.14,14
9116,Data Visualization with Python,SQL,Beginner,3.43,14
9117,Natural Language Processing,Python,Advanced,5.0,31
9118,TensorFlow Crash Course,Computer Vision,Intermediate,3.6,17
9119,SQL for Data Science,Pandas,Intermediate,4.06,8
9120,Computer Vision Basics,TensorFlow,Intermediate,3.92,7
9121,Pandas for Data Analysis,PyTorch,Beginner,4.52,25
9122,Pandas for Data Analysis,Linear Algebra,Advanced,3.37,2
9123,Data Visualization with Python,Machine Learning,Beginner,4.69,5
9124,Deep Learning Fundamentals,PyTorch,Beginner,4.98,8
9125,Python Basics,Computer Vision,Intermediate,3.63,22
9126,Machine Learning Intro,Statistics,Advanced,3.1,24
9127,TensorFlow Crash Course,Data Visualization,Advanced,4.95,20
9128,Advanced Python,Machine Learning,Beginner,3.24,2
9129,Data Visualization with Python,Pandas,Intermediate,4.44,32
9130,TensorFlow Crash Course,Data Visualization,Advanced,3.64,38
9131,Machine Learning Intro,Data Visualization,Intermediate,3.71,16
9132,Python Basics,TensorFlow,Intermediate,3.21,15
9133,Computer Vision Basics,Deep Learning,Intermediate,4.34,40
9134,Data Visualization with Python,Numpy,Advanced,3.63,39
9135,Statistics for Data Science,Machine Learning,Advanced,4.85,3
9136,Advanced Python,Deep Learning,Advanced,4.77,6
9137,Natural Language Processing,Statistics,Intermediate,3.68,30
9138,Data Visualization with Python,Linear Algebra,Beginner,3.02,36
9139,Pandas for Data Analysis,Data Visualization,Advanced,3.54,19
9140,Pandas for Data Analysis,Data Visualization,Intermediate,4.44,26
9141,Advanced Python,Deep Learning,Intermediate,4.33,8
9142,Computer Vision Basics,Data Visualization,Intermediate,4.81,16
9143,Natural Language Processing,SQL,Beginner,4.05,29
9144,SQL for Data Science,Python,Intermediate,4.14,9
9145,Statistics for Data Science,SQL,Beginner,3.82,12
9146,Deep Learning Fundamentals,Linear Algebra,Advanced,4.55,33
9147,Data Visualization with Python,Machine Learning,Intermediate,4.37,13
9148,SQL for Data Science,Computer Vision,Beginner,3.04,25
9149,Natural Language Processing,PyTorch,Advanced,4.57,25
9150,Statistics for Data Science,Numpy,Beginner,4.0,25
9151,TensorFlow Crash Course,SQL,Advanced,3.86,21
9152,Deep Learning Fundamentals,Statistics,Intermediate,4.22,38
9153,Neural Networks,Pandas,Advanced,4.84,30
9154,Machine Learning Intro,Data Analysis,Intermediate,3.94,19
9155,Natural Language Processing,TensorFlow,Advanced,3.42,38
9156,Numpy Fundamentals,Pandas,Intermediate,3.37,9
9157,Advanced Python,NLP,Beginner,4.9,39
9158,Neural Networks,PyTorch,Intermediate,3.55,6
9159,Numpy Fundamentals,SQL,Advanced,3.1,39
9160,Computer Vision Basics,Python,Intermediate,4.4,6
9161,Pandas for Data Analysis,Numpy,Intermediate,4.56,19
9162,Python Basics,Linear Algebra,Intermediate,4.69,4
9163,Statistics for Data Science,PyTorch,Beginner,4.53,33
9164,Natural Language Processing,Statistics,Advanced,3.51,30
9165,Machine Learning Intro,Computer Vision,Beginner,4.03,25
9166,Numpy Fundamentals,Python,Intermediate,3.12,36
9167,PyTorch for Deep Learning,Data Analysis,Intermediate,3.97,30
9168,Computer Vision Basics,Data Analysis,Intermediate,4.84,10
9169,Data Visualization with Python,TensorFlow,Beginner,3.75,19
9170,Python Basics,Machine Learning,Intermediate,3.89,13
9171,Advanced Python,Linear Algebra,Intermediate,4.9,22
9172,Data Visualization with Python,NLP,Advanced,3.94,29
9173,TensorFlow Crash Course,Deep Learning,Intermediate,3.53,20
9174,SQL for Data Science,NLP,Beginner,4.53,31
9175,SQL for Data Science,TensorFlow,Intermediate,3.65,25
9176,Numpy Fundamentals,NLP,Intermediate,3.12,35
9177,Statistics for Data Science,Machine Learning,Beginner,3.25,2
9178,Statistics for Data Science,Data Visualization,Advanced,3.97,10
9179,Pandas for Data Analysis,SQL,Beginner,3.71,2
9180,Computer Vision Basics,TensorFlow,Intermediate,4.08,17
9181,Deep Learning Fundamentals,Data Analysis,Beginner,3.9,4
9182,Statistics for Data Science,Computer Vision,Intermediate,4.99,14
9183,Python Basics,Data Analysis,Advanced,3.9,21
9184,Python Basics,Data Analysis,Advanced,3.27,18
9185,Advanced Python,Statistics,Intermediate,3.71,17
9186,Python Basics,Statistics,Advanced,3.17,33
9187,Advanced Python,Linear Algebra,Advanced,4.15,31
9188,Computer Vision Basics,Data Analysis,Intermediate,4.86,2
9189,Pandas for Data Analysis,Data Visualization,Beginner,3.79,36
9190,Advanced Python,Linear Algebra,Intermediate,4.28,35
9191,Statistics for Data Science,NLP,Intermediate,3.16,36
9192,Deep Learning Fundamentals,PyTorch,Intermediate,3.81,8
9193,Advanced Python,NLP,Beginner,3.46,37
9194,Machine Learning Intro,NLP,Intermediate,4.8,36
9195,Machine Learning Intro,Python,Beginner,3.87,16
9196,Statistics for Data Science,Machine Learning,Intermediate,4.58,26
9197,Advanced Python,Numpy,Advanced,4.28,18
9198,Python Basics,Deep Learning,Advanced,4.41,16
9199,TensorFlow Crash Course,Python,Intermediate,4.6,22
9200,PyTorch for Deep Learning,Computer Vision,Advanced,4.33,36
9201,SQL for Data Science,PyTorch,Beginner,3.28,11
9202,Data Visualization with Python,NLP,Advanced,3.41,12
9203,Computer Vision Basics,PyTorch,Intermediate,4.04,40
9204,TensorFlow Crash Course,PyTorch,Beginner,4.35,34
9205,Numpy Fundamentals,Computer Vision,Advanced,3.54,36
9206,Deep Learning Fundamentals,Numpy,Beginner,3.09,9
9207,Data Visualization with Python,NLP,Intermediate,3.51,15
9208,Pandas for Data Analysis,Deep Learning,Beginner,3.59,7
9209,Neural Networks,Numpy,Beginner,3.39,39
9210,Natural Language Processing,Computer Vision,Beginner,3.71,40
9211,Deep Learning Fundamentals,Linear Algebra,Intermediate,3.46,24
9212,Data Visualization with Python,Data Visualization,Beginner,3.31,7
9213,Natural Language Processing,PyTorch,Beginner,3.55,37
9214,Computer Vision Basics,Pandas,Intermediate,3.61,22
9215,Python Basics,Data Analysis,Intermediate,4.78,35
9216,PyTorch for Deep Learning,SQL,Beginner,4.64,36
9217,SQL for Data Science,PyTorch,Intermediate,3.24,20
9218,PyTorch for Deep Learning,Machine Learning,Advanced,4.41,2
9219,Neural Networks,Statistics,Beginner,4.93,6
9220,Computer Vision Basics,Computer Vision,Intermediate,3.45,38
9221,Deep Learning Fundamentals,Linear Algebra,Advanced,4.34,28
9222,Deep Learning Fundamentals,Data Analysis,Advanced,3.52,17
9223,Pandas for Data Analysis,Python,Advanced,4.89,40
9224,Numpy Fundamentals,Linear Algebra,Advanced,4.16,23
9225,Natural Language Processing,Pandas,Intermediate,3.66,21
9226,Natural Language Processing,Statistics,Beginner,4.87,14
9227,Statistics for Data Science,SQL,Advanced,4.32,26
9228,Statistics for Data Science,Machine Learning,Advanced,3.37,14
9229,Advanced Python,Machine Learning,Intermediate,4.78,2
9230,Data Visualization with Python,Pandas,Beginner,4.47,35
9231,Neural Networks,Statistics,Intermediate,4.21,35
9232,Natural Language Processing,NLP,Beginner,3.79,17
9233,Python Basics,Numpy,Intermediate,4.1,31
9234,Natural Language Processing,TensorFlow,Intermediate,3.53,33
9235,Natural Language Processing,Linear Algebra,Advanced,4.5,18
9236,PyTorch for Deep Learning,Pandas,Beginner,4.3,39
9237,SQL for Data Science,Linear Algebra,Advanced,3.76,9
9238,TensorFlow Crash Course,TensorFlow,Beginner,4.9,35
9239,TensorFlow Crash Course,Python,Intermediate,4.14,18
9240,Numpy Fundamentals,Data Visualization,Advanced,3.82,7
9241,PyTorch for Deep Learning,Linear Algebra,Advanced,3.57,6
9242,Machine Learning Intro,Computer Vision,Beginner,3.62,2
9243,Deep Learning Fundamentals,Machine Learning,Beginner,4.22,3
9244,Computer Vision Basics,Data Analysis,Beginner,3.14,37
9245,TensorFlow Crash Course,Statistics,Advanced,4.86,40
9246,Numpy Fundamentals,Pandas,Beginner,4.44,31
9247,Machine Learning Intro,Statistics,Beginner,4.43,14
9248,Advanced Python,Computer Vision,Beginner,3.28,39
9249,TensorFlow Crash Course,Data Analysis,Intermediate,4.16,3
9250,Advanced Python,NLP,Beginner,3.37,10
9251,Neural Networks,PyTorch,Advanced,4.3,18
9252,Numpy Fundamentals,SQL,Advanced,3.62,16
9253,Deep Learning Fundamentals,PyTorch,Beginner,3.87,10
9254,SQL for Data Science,Numpy,Advanced,3.65,14
9255,Deep Learning Fundamentals,PyTorch,Intermediate,4.55,16
9256,Advanced Python,Deep Learning,Advanced,4.5,10
9257,SQL for Data Science,Python,Intermediate,3.51,33
9258,PyTorch for Deep Learning,NLP,Advanced,3.14,20
9259,Machine Learning Intro,Numpy,Intermediate,3.92,31
9260,Numpy Fundamentals,Linear Algebra,Intermediate,4.04,38
9261,Pandas for Data Analysis,Computer Vision,Intermediate,4.37,17
9262,SQL for Data Science,NLP,Beginner,3.36,31
9263,Statistics for Data Science,PyTorch,Advanced,4.47,38
9264,Numpy Fundamentals,Pandas,Beginner,4.47,6
9265,Data Visualization with Python,Pandas,Advanced,3.02,18
9266,Python Basics,Computer Vision,Beginner,4.43,13
9267,Python Basics,Statistics,Intermediate,3.7,27
9268,Numpy Fundamentals,Linear Algebra,Beginner,3.07,37
9269,TensorFlow Crash Course,Linear Algebra,Beginner,4.99,3
9270,Numpy Fundamentals,SQL,Advanced,3.93,10
9271,Computer Vision Basics,Pandas,Advanced,3.3,6
9272,PyTorch for Deep Learning,Numpy,Beginner,4.58,40
9273,Neural Networks,TensorFlow,Beginner,3.26,25
9274,SQL for Data Science,NLP,Intermediate,3.79,9
9275,Computer Vision Basics,SQL,Advanced,3.11,10
9276,Computer Vision Basics,Deep Learning,Intermediate,3.92,3
9277,TensorFlow Crash Course,Linear Algebra,Intermediate,3.75,35
9278,Natural Language Processing,TensorFlow,Advanced,3.88,10
9279,Statistics for Data Science,Numpy,Advanced,3.83,7
9280,Natural Language Processing,Statistics,Advanced,4.14,39
9281,Numpy Fundamentals,TensorFlow,Advanced,3.47,27
9282,Python Basics,Numpy,Intermediate,3.78,36
9283,Data Visualization with Python,Python,Beginner,3.88,18
9284,Statistics for Data Science,Data Visualization,Advanced,4.15,36
9285,Deep Learning Fundamentals,Pandas,Beginner,3.62,5
9286,PyTorch for Deep Learning,Deep Learning,Beginner,3.66,31
9287,Deep Learning Fundamentals,TensorFlow,Intermediate,3.78,24
9288,Advanced Python,Machine Learning,Intermediate,4.05,4
9289,TensorFlow Crash Course,Linear Algebra,Advanced,3.38,39
9290,Numpy Fundamentals,Linear Algebra,Beginner,3.58,4
9291,Natural Language Processing,Statistics,Advanced,4.45,29
9292,TensorFlow Crash Course,Statistics,Intermediate,3.05,18
9293,SQL for Data Science,PyTorch,Advanced,3.2,24
9294,Statistics for Data Science,Machine Learning,Intermediate,4.63,9
9295,Python Basics,Python,Intermediate,4.82,18
9296,Python Basics,TensorFlow,Intermediate,3.57,10
9297,TensorFlow Crash Course,Pandas,Advanced,3.11,40
9298,Statistics for Data Science,Deep Learning,Beginner,3.36,22
9299,PyTorch for Deep Learning,Numpy,Advanced,4.67,19
9300,Data Visualization with Python,TensorFlow,Intermediate,3.13,24
9301,Data Visualization with Python,SQL,Advanced,4.6,17
9302,Advanced Python,Statistics,Beginner,4.32,10
9303,Python Basics,TensorFlow,Beginner,4.0,34
9304,Natural Language Processing,NLP,Advanced,3.49,14
9305,SQL for Data Science,Data Analysis,Intermediate,3.89,11
9306,PyTorch for Deep Learning,PyTorch,Advanced,4.97,7
9307,Data Visualization with Python,NLP,Advanced,4.49,17
9308,Machine Learning Intro,NLP,Advanced,3.76,8
9309,Python Basics,Data Visualization,Beginner,3.43,24
9310,Numpy Fundamentals,Deep Learning,Intermediate,3.64,36
9311,Deep Learning Fundamentals,Computer Vision,Advanced,4.55,14
9312,TensorFlow Crash Course,Statistics,Beginner,4.44,39
9313,Deep Learning Fundamentals,NLP,Advanced,3.73,19
9314,SQL for Data Science,PyTorch,Advanced,4.92,32
9315,Pandas for Data Analysis,Data Analysis,Advanced,3.06,24
9316,Statistics for Data Science,Data Analysis,Beginner,4.97,16
9317,Deep Learning Fundamentals,Pandas,Beginner,4.93,28
9318,TensorFlow Crash Course,Python,Intermediate,3.29,31
9319,Data Visualization with Python,Numpy,Intermediate,3.89,6
9320,Natural Language Processing,Deep Learning,Advanced,3.59,10
9321,Computer Vision Basics,TensorFlow,Intermediate,3.06,17
9322,Machine Learning Intro,Data Visualization,Intermediate,4.62,34
9323,Neural Networks,Deep Learning,Beginner,4.4,11
9324,Machine Learning Intro,Data Visualization,Advanced,3.45,17
9325,Statistics for Data Science,SQL,Intermediate,4.41,11
9326,Deep Learning Fundamentals,NLP,Intermediate,3.64,29
9327,Statistics for Data Science,Python,Beginner,3.44,26
9328,TensorFlow Crash Course,NLP,Beginner,4.41,36
9329,PyTorch for Deep Learning,TensorFlow,Advanced,4.6,9
9330,Advanced Python,Numpy,Beginner,4.29,7
9331,Numpy Fundamentals,Computer Vision,Intermediate,3.96,13
9332,SQL for Data Science,PyTorch,Beginner,4.51,5
9333,Neural Networks,Data Visualization,Beginner,3.55,8
9334,Machine Learning Intro,Data Analysis,Intermediate,3.11,9
9335,PyTorch for Deep Learning,Computer Vision,Advanced,4.25,36
9336,Pandas for Data Analysis,SQL,Intermediate,4.95,2
9337,Natural Language Processing,Data Visualization,Intermediate,3.57,12
9338,Natural Language Processing,TensorFlow,Beginner,4.47,15
9339,Data Visualization with Python,Deep Learning,Advanced,4.83,4
9340,PyTorch for Deep Learning,Machine Learning,Intermediate,4.42,12
9341,Neural Networks,Pandas,Advanced,4.2,29
9342,SQL for Data Science,Data Analysis,Intermediate,4.95,35
9343,Advanced Python,Computer Vision,Beginner,3.9,22
9344,Statistics for Data Science,PyTorch,Intermediate,3.73,23
9345,Advanced Python,Statistics,Advanced,4.49,37
9346,Neural Networks,TensorFlow,Intermediate,3.85,24
9347,Statistics for Data Science,NLP,Advanced,3.22,26
9348,Neural Networks,PyTorch,Beginner,3.39,17
9349,Deep Learning Fundamentals,SQL,Beginner,3.31,28
9350,Data Visualization with Python,Computer Vision,Beginner,4.69,28
9351,PyTorch for Deep Learning,TensorFlow,Intermediate,3.23,14
9352,Machine Learning Intro,Numpy,Intermediate,3.4,40
9353,Pandas for Data Analysis,Deep Learning,Advanced,4.91,32
9354,TensorFlow Crash Course,Deep Learning,Beginner,3.72,2
9355,Advanced Python,Python,Advanced,4.2,8
9356,Pandas for Data Analysis,Machine Learning,Advanced,4.62,36
9357,Deep Learning Fundamentals,Statistics,Beginner,4.92,27
9358,Statistics for Data Science,SQL,Beginner,4.57,25
9359,PyTorch for Deep Learning,Computer Vision,Advanced,3.13,26
9360,Statistics for Data Science,Data Visualization,Intermediate,4.06,27
9361,Natural Language Processing,Data Visualization,Intermediate,3.9,9
9362,Data Visualization with Python,Deep Learning,Advanced,3.58,10
9363,Statistics for Data Science,Data Analysis,Advanced,4.79,3
9364,Deep Learning Fundamentals,Data Analysis,Advanced,4.72,40
9365,SQL for Data Science,Data Analysis,Advanced,4.9,5
9366,Data Visualization with Python,Deep Learning,Advanced,3.8,27
9367,Deep Learning Fundamentals,Pandas,Beginner,4.35,23
9368,Natural Language Processing,Data Visualization,Advanced,3.7,37
9369,Statistics for Data Science,PyTorch,Advanced,3.7,12
9370,TensorFlow Crash Course,Linear Algebra,Advanced,4.54,22
9371,Natural Language Processing,NLP,Intermediate,3.88,12
9372,Numpy Fundamentals,Numpy,Advanced,3.75,26
9373,Data Visualization with Python,Pandas,Beginner,3.84,3
9374,Computer Vision Basics,Python,Advanced,4.91,37
9375,SQL for Data Science,Data Visualization,Advanced,4.65,40
9376,Numpy Fundamentals,Pandas,Beginner,4.22,23
9377,Deep Learning Fundamentals,SQL,Advanced,3.38,19
9378,Neural Networks,Data Analysis,Advanced,3.72,19
9379,Numpy Fundamentals,PyTorch,Advanced,4.88,37
9380,TensorFlow Crash Course,Data Visualization,Advanced,3.46,17
9381,Advanced Python,Statistics,Beginner,3.24,32
9382,TensorFlow Crash Course,Machine Learning,Intermediate,4.7,38
9383,Deep Learning Fundamentals,NLP,Intermediate,3.41,25
9384,PyTorch for Deep Learning,Numpy,Advanced,4.67,5
9385,Data Visualization with Python,Statistics,Advanced,3.37,12
9386,Computer Vision Basics,Linear Algebra,Advanced,3.26,9
9387,Numpy Fundamentals,Python,Intermediate,4.51,9
9388,Computer Vision Basics,NLP,Advanced,3.74,9
9389,Computer Vision Basics,NLP,Beginner,4.42,3
9390,PyTorch for Deep Learning,NLP,Advanced,4.19,33
9391,Python Basics,Machine Learning,Beginner,4.25,27
9392,Python Basics,SQL,Advanced,3.31,2
9393,TensorFlow Crash Course,SQL,Beginner,4.94,4
9394,SQL for Data Science,Linear Algebra,Advanced,3.13,24
9395,Advanced Python,Computer Vision,Advanced,3.61,36
9396,Data Visualization with Python,Data Analysis,Advanced,3.32,38
9397,Advanced Python,Numpy,Intermediate,3.02,23
9398,Machine Learning Intro,TensorFlow,Beginner,3.54,22
9399,Pandas for Data Analysis,Data Visualization,Beginner,3.28,15
9400,TensorFlow Crash Course,Data Analysis,Beginner,4.75,17
9401,Neural Networks,Python,Intermediate,3.71,20
9402,PyTorch for Deep Learning,NLP,Intermediate,4.17,28
9403,Neural Networks,Computer Vision,Intermediate,3.23,18
9404,PyTorch for Deep Learning,Data Visualization,Beginner,4.45,29
9405,Machine Learning Intro,Statistics,Advanced,3.86,16
9406,Advanced Python,Data Visualization,Intermediate,3.18,14
9407,Natural Language Processing,Python,Advanced,3.1,2
9408,Machine Learning Intro,Computer Vision,Advanced,4.45,11
9409,Advanced Python,SQL,Beginner,3.73,4
9410,Machine Learning Intro,Data Analysis,Intermediate,3.82,18
9411,Neural Networks,TensorFlow,Advanced,3.31,30
9412,PyTorch for Deep Learning,SQL,Intermediate,4.08,22
9413,Numpy Fundamentals,Computer Vision,Advanced,3.47,14
9414,Numpy Fundamentals,Computer Vision,Beginner,4.45,30
9415,Machine Learning Intro,Linear Algebra,Beginner,4.32,38
9416,Statistics for Data Science,SQL,Advanced,4.89,34
9417,Numpy Fundamentals,Statistics,Advanced,4.41,14
9418,SQL for Data Science,SQL,Advanced,4.32,25
9419,Statistics for Data Science,TensorFlow,Beginner,4.87,32
9420,Advanced Python,Numpy,Advanced,3.57,30
9421,Neural Networks,NLP,Beginner,4.77,27
9422,PyTorch for Deep Learning,Data Visualization,Beginner,3.28,6
9423,Advanced Python,TensorFlow,Intermediate,3.84,36
9424,Natural Language Processing,Computer Vision,Intermediate,4.99,17
9425,Python Basics,Statistics,Advanced,4.33,30
9426,SQL for Data Science,Data Analysis,Intermediate,3.8,39
9427,SQL for Data Science,PyTorch,Advanced,3.72,22
9428,SQL for Data Science,Deep Learning,Beginner,4.45,8
9429,TensorFlow Crash Course,PyTorch,Intermediate,4.88,25
9430,Pandas for Data Analysis,Data Visualization,Intermediate,3.32,38
9431,Statistics for Data Science,Linear Algebra,Intermediate,3.28,4
9432,Natural Language Processing,Statistics,Advanced,3.35,4
9433,Advanced Python,Data Analysis,Intermediate,3.09,32
9434,Deep Learning Fundamentals,TensorFlow,Advanced,4.37,34
9435,SQL for Data Science,Data Visualization,Advanced,4.62,27
9436,Natural Language Processing,Data Visualization,Beginner,4.88,29
9437,Pandas for Data Analysis,Machine Learning,Advanced,3.14,17
9438,Pandas for Data Analysis,Computer Vision,Beginner,3.22,40
9439,Numpy Fundamentals,Deep Learning,Beginner,4.41,27
9440,Python Basics,Machine Learning,Advanced,4.52,14
9441,Statistics for Data Science,PyTorch,Beginner,4.89,24
9442,TensorFlow Crash Course,Machine Learning,Advanced,4.37,27
9443,Statistics for Data Science,TensorFlow,Advanced,3.37,29
9444,SQL for Data Science,Python,Beginner,4.82,18
9445,Neural Networks,Python,Intermediate,3.55,21
9446,Machine Learning Intro,Pandas,Beginner,3.25,35
9447,Natural Language Processing,Statistics,Advanced,4.77,10
9448,Machine Learning Intro,Linear Algebra,Intermediate,4.1,16
9449,Advanced Python,Deep Learning,Beginner,3.4,2
9450,Neural Networks,Python,Beginner,3.32,33
9451,PyTorch for Deep Learning,Machine Learning,Intermediate,4.83,36
9452,TensorFlow Crash Course,Statistics,Advanced,4.02,26
9453,Python Basics,Data Visualization,Advanced,3.07,18
9454,Neural Networks,Linear Algebra,Intermediate,4.4,21
9455,Neural Networks,Data Visualization,Intermediate,4.88,3
9456,TensorFlow Crash Course,Numpy,Advanced,3.56,18
9457,Data Visualization with Python,Pandas,Intermediate,4.74,18
9458,Natural Language Processing,PyTorch,Advanced,3.78,31
9459,Advanced Python,Linear Algebra,Intermediate,3.84,19
9460,Data Visualization with Python,Deep Learning,Intermediate,4.99,24
9461,SQL for Data Science,Python,Beginner,4.73,9
9462,Machine Learning Intro,Deep Learning,Advanced,3.16,24
9463,Deep Learning Fundamentals,Statistics,Intermediate,4.84,5
9464,Machine Learning Intro,Machine Learning,Advanced,4.17,21
9465,Machine Learning Intro,TensorFlow,Advanced,3.41,22
9466,TensorFlow Crash Course,Linear Algebra,Intermediate,3.12,33
9467,PyTorch for Deep Learning,Data Visualization,Beginner,3.14,9
9468,Numpy Fundamentals,SQL,Intermediate,3.16,2
9469,Data Visualization with Python,Linear Algebra,Intermediate,3.85,7
9470,Computer Vision Basics,Python,Intermediate,3.81,38
9471,Computer Vision Basics,PyTorch,Intermediate,4.21,24
9472,Pandas for Data Analysis,NLP,Intermediate,3.21,36
9473,Advanced Python,TensorFlow,Intermediate,4.56,23
9474,Machine Learning Intro,Computer Vision,Advanced,3.98,3
9475,Neural Networks,Data Analysis,Intermediate,3.37,10
9476,SQL for Data Science,Linear Algebra,Advanced,3.07,17
9477,Pandas for Data Analysis,TensorFlow,Beginner,3.76,21
9478,Pandas for Data Analysis,PyTorch,Beginner,3.3,35
9479,Natural Language Processing,Numpy,Advanced,4.08,12
9480,Statistics for Data Science,Pandas,Beginner,4.49,38
9481,Machine Learning Intro,TensorFlow,Intermediate,4.07,34
9482,PyTorch for Deep Learning,Pandas,Beginner,4.17,40
9483,Machine Learning Intro,Linear Algebra,Advanced,4.82,35
9484,Computer Vision Basics,NLP,Beginner,4.31,25
9485,PyTorch for Deep Learning,NLP,Intermediate,4.82,19
9486,Natural Language Processing,PyTorch,Beginner,4.88,23
9487,SQL for Data Science,Python,Advanced,3.35,2
9488,Data Visualization with Python,PyTorch,Beginner,4.86,11
9489,SQL for Data Science,Computer Vision,Beginner,4.75,37
9490,Deep Learning Fundamentals,Statistics,Advanced,4.37,23
9491,Neural Networks,Numpy,Intermediate,3.84,22
9492,Neural Networks,Deep Learning,Intermediate,3.57,35
9493,Python Basics,Data Visualization,Advanced,4.38,22
9494,Advanced Python,Pandas,Advanced,4.45,28
9495,Pandas for Data Analysis,Linear Algebra,Intermediate,3.41,20
9496,SQL for Data Science,TensorFlow,Advanced,3.76,6
9497,SQL for Data Science,Data Analysis,Beginner,4.45,16
9498,Machine Learning Intro,Python,Intermediate,3.36,17
9499,SQL for Data Science,Numpy,Beginner,4.92,25
9500,SQL for Data Science,Python,Advanced,4.34,28
9501,Numpy Fundamentals,Machine Learning,Intermediate,3.97,27
9502,Neural Networks,NLP,Advanced,4.13,32
9503,Natural Language Processing,Python,Intermediate,3.77,39
9504,SQL for Data Science,PyTorch,Advanced,4.38,25
9505,Python Basics,Data Analysis,Intermediate,4.41,9
9506,TensorFlow Crash Course,Numpy,Advanced,4.24,40
9507,Computer Vision Basics,Data Visualization,Intermediate,3.42,22
9508,Pandas for Data Analysis,Python,Intermediate,4.6,33
9509,Machine Learning Intro,Statistics,Advanced,3.25,18
9510,SQL for Data Science,Computer Vision,Beginner,3.71,5
9511,Machine Learning Intro,Data Visualization,Advanced,3.98,29
9512,Neural Networks,Data Analysis,Beginner,4.14,35
9513,PyTorch for Deep Learning,NLP,Intermediate,4.02,21
9514,TensorFlow Crash Course,Machine Learning,Advanced,4.02,21
9515,Statistics for Data Science,NLP,Advanced,3.5,34
9516,Deep Learning Fundamentals,Pandas,Intermediate,3.48,21
9517,Numpy Fundamentals,NLP,Beginner,4.42,25
9518,Neural Networks,Numpy,Advanced,4.86,39
9519,Data Visualization with Python,PyTorch,Beginner,4.59,15
9520,Statistics for Data Science,Deep Learning,Advanced,4.85,6
9521,Data Visualization with Python,Pandas,Beginner,4.4,31
9522,Deep Learning Fundamentals,Machine Learning,Advanced,3.12,11
9523,Advanced Python,Pandas,Beginner,4.78,14
9524,Advanced Python,Numpy,Beginner,3.65,2
9525,Data Visualization with Python,Machine Learning,Intermediate,3.02,28
9526,Python Basics,Numpy,Beginner,3.08,35
9527,Statistics for Data Science,Statistics,Intermediate,3.04,10
9528,Advanced Python,Machine Learning,Advanced,3.99,10
9529,Numpy Fundamentals,Pandas,Advanced,4.16,23
9530,Data Visualization with Python,Computer Vision,Advanced,3.12,7
9531,Python Basics,Pandas,Advanced,4.69,39
9532,Natural Language Processing,NLP,Advanced,4.44,31
9533,Advanced Python,Machine Learning,Intermediate,4.65,33
9534,PyTorch for Deep Learning,NLP,Intermediate,3.89,34
9535,Numpy Fundamentals,Statistics,Intermediate,3.54,25
9536,Statistics for Data Science,PyTorch,Advanced,4.85,21
9537,Pandas for Data Analysis,TensorFlow,Intermediate,4.41,16
9538,PyTorch for Deep Learning,Data Analysis,Advanced,4.26,12
9539,TensorFlow Crash Course,Computer Vision,Intermediate,4.41,36
9540,Neural Networks,Machine Learning,Advanced,4.12,18
9541,Data Visualization with Python,Data Visualization,Advanced,4.72,5
9542,Natural Language Processing,Machine Learning,Advanced,3.29,5
9543,Numpy Fundamentals,Pandas,Advanced,3.13,22
9544,Advanced Python,Statistics,Intermediate,3.29,34
9545,Natural Language Processing,Data Analysis,Intermediate,4.0,36
9546,Neural Networks,Deep Learning,Advanced,4.33,7
9547,Machine Learning Intro,Pandas,Beginner,4.48,26
9548,TensorFlow Crash Course,PyTorch,Beginner,4.83,9
9549,Statistics for Data Science,Python,Intermediate,3.01,26
9550,Pandas for Data Analysis,Computer Vision,Intermediate,3.57,39
9551,Advanced Python,SQL,Beginner,4.43,21
9552,Data Visualization with Python,PyTorch,Intermediate,3.71,4
9553,SQL for Data Science,Machine Learning,Intermediate,3.59,31
9554,Statistics for Data Science,Python,Advanced,4.46,2
9555,Neural Networks,NLP,Advanced,4.0,11
9556,Computer Vision Basics,TensorFlow,Beginner,3.12,6
9557,Deep Learning Fundamentals,Data Analysis,Advanced,4.17,34
9558,TensorFlow Crash Course,Computer Vision,Advanced,3.16,31
9559,Natural Language Processing,Numpy,Advanced,4.92,26
9560,Deep Learning Fundamentals,Python,Beginner,4.24,25
9561,PyTorch for Deep Learning,Linear Algebra,Advanced,4.08,25
9562,Pandas for Data Analysis,PyTorch,Beginner,4.41,16
9563,Computer Vision Basics,Data Visualization,Advanced,4.33,26
9564,Deep Learning Fundamentals,TensorFlow,Advanced,3.02,28
9565,Statistics for Data Science,TensorFlow,Intermediate,3.77,16
9566,Computer Vision Basics,Statistics,Intermediate,4.89,4
9567,PyTorch for Deep Learning,PyTorch,Advanced,4.37,4
9568,Computer Vision Basics,NLP,Intermediate,4.21,17
9569,Deep Learning Fundamentals,TensorFlow,Advanced,4.41,12
9570,Advanced Python,Deep Learning,Advanced,3.26,40
9571,Natural Language Processing,Statistics,Intermediate,3.77,28
9572,Statistics for Data Science,Computer Vision,Beginner,4.46,29
9573,Statistics for Data Science,Machine Learning,Intermediate,3.94,39
9574,Advanced Python,Deep Learning,Intermediate,3.26,30
9575,SQL for Data Science,TensorFlow,Intermediate,3.76,28
9576,Data Visualization with Python,SQL,Intermediate,3.43,11
9577,SQL for Data Science,Pandas,Beginner,3.53,7
9578,Statistics for Data Science,Statistics,Advanced,3.47,3
9579,Neural Networks,Data Visualization,Beginner,3.61,21
9580,Natural Language Processing,TensorFlow,Intermediate,4.97,16
9581,Deep Learning Fundamentals,Statistics,Intermediate,3.59,11
9582,SQL for Data Science,Data Visualization,Beginner,4.98,6
9583,TensorFlow Crash Course,Computer Vision,Advanced,3.69,34
9584,Natural Language Processing,PyTorch,Beginner,4.74,39
9585,Statistics for Data Science,PyTorch,Advanced,3.5,7
9586,Deep Learning Fundamentals,Deep Learning,Intermediate,4.25,28
9587,Natural Language Processing,PyTorch,Intermediate,3.16,9
9588,TensorFlow Crash Course,Deep Learning,Intermediate,4.81,10
9589,Statistics for Data Science,Computer Vision,Advanced,4.25,32
9590,Advanced Python,Pandas,Beginner,3.02,35
9591,Pandas for Data Analysis,PyTorch,Beginner,3.44,31
9592,Python Basics,Data Visualization,Advanced,4.99,18
9593,Computer Vision Basics,Linear Algebra,Beginner,4.79,29
9594,Pandas for Data Analysis,Data Visualization,Beginner,4.86,24
9595,Natural Language Processing,Python,Advanced,3.52,26
9596,Numpy Fundamentals,Data Analysis,Advanced,4.29,29
9597,Machine Learning Intro,PyTorch,Advanced,4.73,37
9598,Pandas for Data Analysis,Data Analysis,Advanced,4.82,36
9599,Natural Language Processing,TensorFlow,Advanced,3.1,29
9600,Statistics for Data Science,SQL,Advanced,4.24,30
9601,Neural Networks,Pandas,Beginner,4.38,36
9602,Advanced Python,Numpy,Intermediate,3.04,39
9603,Natural Language Processing,TensorFlow,Intermediate,4.94,5
9604,TensorFlow Crash Course,Pandas,Beginner,3.91,22
9605,Deep Learning Fundamentals,Machine Learning,Advanced,4.44,11
9606,Deep Learning Fundamentals,Data Visualization,Beginner,4.04,32
9607,Natural Language Processing,Statistics,Intermediate,4.25,18
9608,Pandas for Data Analysis,NLP,Beginner,3.56,35
9609,Advanced Python,NLP,Intermediate,4.57,20
9610,PyTorch for Deep Learning,Data Analysis,Intermediate,3.4,9
9611,Neural Networks,Data Visualization,Intermediate,3.64,33
9612,Python Basics,Statistics,Beginner,3.17,38
9613,Neural Networks,PyTorch,Beginner,3.17,23
9614,SQL for Data Science,Linear Algebra,Advanced,3.47,37
9615,TensorFlow Crash Course,SQL,Intermediate,3.93,30
9616,Computer Vision Basics,Statistics,Beginner,4.0,3
9617,SQL for Data Science,Machine Learning,Advanced,4.0,22
9618,Python Basics,Pandas,Intermediate,3.35,8
9619,Pandas for Data Analysis,Linear Algebra,Advanced,3.87,23
9620,TensorFlow Crash Course,TensorFlow,Advanced,4.43,23
9621,Advanced Python,NLP,Intermediate,4.44,33
9622,Advanced Python,Python,Beginner,4.04,19
9623,Computer Vision Basics,Numpy,Intermediate,4.46,2
9624,Statistics for Data Science,NLP,Advanced,3.95,8
9625,Pandas for Data Analysis,Numpy,Intermediate,3.14,23
9626,TensorFlow Crash Course,Pandas,Intermediate,3.35,21
9627,Pandas for Data Analysis,Pandas,Advanced,3.34,24
9628,SQL for Data Science,Statistics,Advanced,4.89,35
9629,Pandas for Data Analysis,Pandas,Intermediate,3.95,10
9630,Python Basics,Python,Advanced,4.17,21
9631,TensorFlow Crash Course,PyTorch,Advanced,3.79,13
9632,Statistics for Data Science,Machine Learning,Beginner,3.24,21
9633,Deep Learning Fundamentals,Machine Learning,Intermediate,4.74,31
9634,Numpy Fundamentals,Numpy,Beginner,3.95,10
9635,Python Basics,Pandas,Advanced,3.37,28
9636,Numpy Fundamentals,Computer Vision,Intermediate,3.12,21
9637,SQL for Data Science,SQL,Beginner,3.23,20
9638,Data Visualization with Python,Data Analysis,Intermediate,4.96,18
9639,Pandas for Data Analysis,Pandas,Beginner,4.86,27
9640,Data Visualization with Python,Data Analysis,Intermediate,4.52,24
9641,Advanced Python,Data Visualization,Advanced,3.81,37
9642,PyTorch for Deep Learning,Data Analysis,Intermediate,3.92,25
9643,Natural Language Processing,Pandas,Advanced,4.71,21
9644,Deep Learning Fundamentals,Linear Algebra,Beginner,3.52,29
9645,TensorFlow Crash Course,Data Analysis,Beginner,3.79,23
9646,Natural Language Processing,TensorFlow,Advanced,4.63,14
9647,Neural Networks,Machine Learning,Advanced,3.57,12
9648,Computer Vision Basics,Computer Vision,Advanced,3.95,17
9649,Statistics for Data Science,Data Visualization,Beginner,3.76,17
9650,Machine Learning Intro,Numpy,Intermediate,4.63,31
9651,Neural Networks,NLP,Intermediate,4.94,16
9652,SQL for Data Science,Pandas,Intermediate,3.87,37
9653,SQL for Data Science,NLP,Advanced,4.78,3
9654,Advanced Python,TensorFlow,Intermediate,3.24,6
9655,Computer Vision Basics,Linear Algebra,Intermediate,4.85,11
9656,Neural Networks,Data Analysis,Beginner,4.01,12
9657,Advanced Python,TensorFlow,Beginner,4.06,23
9658,Statistics for Data Science,Linear Algebra,Advanced,4.25,30
9659,Statistics for Data Science,TensorFlow,Intermediate,4.53,26
9660,PyTorch for Deep Learning,Linear Algebra,Intermediate,3.78,12
9661,Python Basics,SQL,Intermediate,4.84,5
9662,PyTorch for Deep Learning,PyTorch,Intermediate,3.88,35
9663,Statistics for Data Science,Pandas,Beginner,4.4,11
9664,Computer Vision Basics,NLP,Intermediate,3.53,2
9665,Deep Learning Fundamentals,Machine Learning,Beginner,4.38,21
9666,PyTorch for Deep Learning,PyTorch,Advanced,4.25,37
9667,Pandas for Data Analysis,Linear Algebra,Intermediate,4.45,11
9668,Python Basics,SQL,Advanced,4.0,35
9669,Deep Learning Fundamentals,PyTorch,Advanced,3.35,2
9670,TensorFlow Crash Course,Linear Algebra,Beginner,4.36,35
9671,Pandas for Data Analysis,Statistics,Intermediate,3.17,19
9672,Data Visualization with Python,Data Visualization,Beginner,3.45,17
9673,Neural Networks,Python,Beginner,3.23,38
9674,Computer Vision Basics,SQL,Beginner,3.97,17
9675,Machine Learning Intro,NLP,Beginner,3.76,35
9676,Pandas for Data Analysis,Data Analysis,Intermediate,3.57,12
9677,Deep Learning Fundamentals,Pandas,Beginner,4.64,19
9678,Pandas for Data Analysis,Linear Algebra,Advanced,3.99,24
9679,Deep Learning Fundamentals,Linear Algebra,Intermediate,4.39,7
9680,Deep Learning Fundamentals,Pandas,Advanced,4.76,9
9681,Deep Learning Fundamentals,Deep Learning,Beginner,3.89,24
9682,Machine Learning Intro,TensorFlow,Beginner,4.3,19
9683,PyTorch for Deep Learning,Pandas,Advanced,3.43,34
9684,Computer Vision Basics,TensorFlow,Intermediate,3.86,34
9685,TensorFlow Crash Course,Data Visualization,Intermediate,3.65,25
9686,Deep Learning Fundamentals,SQL,Advanced,3.53,4
9687,Advanced Python,TensorFlow,Beginner,4.43,13
9688,TensorFlow Crash Course,Statistics,Beginner,3.53,20
9689,Pandas for Data Analysis,Data Visualization,Beginner,3.98,34
9690,Advanced Python,Machine Learning,Intermediate,4.7,12
9691,Advanced Python,Data Analysis,Advanced,4.46,33
9692,Natural Language Processing,Python,Advanced,4.45,30
9693,Pandas for Data Analysis,Numpy,Intermediate,3.8,34
9694,PyTorch for Deep Learning,Machine Learning,Beginner,4.17,28
9695,Machine Learning Intro,NLP,Beginner,3.87,4
9696,Deep Learning Fundamentals,Machine Learning,Advanced,3.22,15
9697,TensorFlow Crash Course,Statistics,Intermediate,3.77,18
9698,PyTorch for Deep Learning,Data Analysis,Advanced,3.86,35
9699,Advanced Python,Linear Algebra,Intermediate,3.02,27
9700,Advanced Python,Pandas,Beginner,3.48,25
9701,Computer Vision Basics,Deep Learning,Advanced,3.15,10
9702,Natural Language Processing,Python,Advanced,3.07,32
9703,Python Basics,SQL,Advanced,3.57,7
9704,Computer Vision Basics,Pandas,Advanced,3.18,17
9705,Pandas for Data Analysis,Data Visualization,Beginner,3.03,25
9706,Neural Networks,Data Analysis,Advanced,3.29,22
9707,Statistics for Data Science,Statistics,Advanced,4.09,29
9708,Numpy Fundamentals,TensorFlow,Intermediate,4.7,37
9709,TensorFlow Crash Course,Data Visualization,Beginner,4.96,27
9710,Natural Language Processing,TensorFlow,Beginner,4.35,7
9711,Machine Learning Intro,Data Analysis,Advanced,4.32,7
9712,Machine Learning Intro,NLP,Beginner,4.57,30
9713,Python Basics,Numpy,Intermediate,3.75,24
9714,Pandas for Data Analysis,Data Visualization,Intermediate,3.02,38
9715,Machine Learning Intro,TensorFlow,Intermediate,4.44,26
9716,Neural Networks,Numpy,Beginner,3.82,40
9717,Data Visualization with Python,Machine Learning,Intermediate,3.55,11
9718,Advanced Python,PyTorch,Intermediate,4.45,35
9719,Machine Learning Intro,Numpy,Advanced,4.01,37
9720,Data Visualization with Python,TensorFlow,Advanced,3.05,14
9721,SQL for Data Science,SQL,Intermediate,3.12,36
9722,Neural Networks,Statistics,Intermediate,3.96,24
9723,Computer Vision Basics,Statistics,Advanced,3.9,33
9724,Python Basics,Deep Learning,Intermediate,4.72,38
9725,SQL for Data Science,Computer Vision,Intermediate,4.56,36
9726,Statistics for Data Science,SQL,Intermediate,3.13,19
9727,Computer Vision Basics,SQL,Beginner,3.01,14
9728,SQL for Data Science,Python,Beginner,3.44,13
9729,Computer Vision Basics,Statistics,Advanced,4.08,4
9730,Pandas for Data Analysis,PyTorch,Beginner,4.68,17
9731,Deep Learning Fundamentals,SQL,Beginner,4.03,6
9732,Python Basics,Data Visualization,Intermediate,3.99,13
9733,Pandas for Data Analysis,Data Visualization,Advanced,4.85,37
9734,Deep Learning Fundamentals,Deep Learning,Advanced,4.79,40
9735,Advanced Python,Computer Vision,Intermediate,3.39,17
9736,Numpy Fundamentals,Pandas,Intermediate,4.46,19
9737,Numpy Fundamentals,Python,Beginner,3.45,30
9738,Python Basics,Computer Vision,Beginner,3.65,38
9739,TensorFlow Crash Course,Deep Learning,Beginner,3.77,20
9740,Computer Vision Basics,TensorFlow,Beginner,3.4,21
9741,Machine Learning Intro,Pandas,Advanced,4.7,15
9742,SQL for Data Science,Computer Vision,Beginner,3.57,21
9743,Python Basics,Computer Vision,Intermediate,4.6,2
9744,Advanced Python,Computer Vision,Beginner,3.99,27
9745,Computer Vision Basics,Data Visualization,Advanced,4.78,2
9746,Statistics for Data Science,Deep Learning,Beginner,4.85,12
9747,TensorFlow Crash Course,Python,Intermediate,4.15,6
9748,Machine Learning Intro,SQL,Advanced,3.36,31
9749,Pandas for Data Analysis,PyTorch,Advanced,3.93,24
9750,Neural Networks,Linear Algebra,Intermediate,4.23,34
9751,Computer Vision Basics,Linear Algebra,Intermediate,3.27,11
9752,Natural Language Processing,Pandas,Advanced,3.97,32
9753,Advanced Python,Python,Advanced,3.75,29
9754,Computer Vision Basics,Machine Learning,Intermediate,4.82,20
9755,Natural Language Processing,PyTorch,Intermediate,3.35,2
9756,Numpy Fundamentals,Statistics,Beginner,3.3,35
9757,Data Visualization with Python,Numpy,Advanced,3.94,14
9758,Advanced Python,Data Visualization,Beginner,4.6,10
9759,Pandas for Data Analysis,SQL,Advanced,4.7,6
9760,PyTorch for Deep Learning,NLP,Advanced,3.31,20
9761,Neural Networks,Data Visualization,Intermediate,4.73,21
9762,Neural Networks,Statistics,Intermediate,4.91,39
9763,Computer Vision Basics,TensorFlow,Beginner,3.7,3
9764,Natural Language Processing,Python,Intermediate,3.47,16
9765,Deep Learning Fundamentals,Numpy,Advanced,4.46,36
9766,Statistics for Data Science,NLP,Beginner,3.43,4
9767,Natural Language Processing,Pandas,Advanced,3.5,23
9768,Deep Learning Fundamentals,Deep Learning,Beginner,4.72,31
9769,Natural Language Processing,Python,Advanced,4.02,24
9770,Natural Language Processing,TensorFlow,Advanced,5.0,32
9771,Machine Learning Intro,NLP,Intermediate,4.39,30
9772,Computer Vision Basics,TensorFlow,Intermediate,4.12,13
9773,Deep Learning Fundamentals,Python,Advanced,3.81,12
9774,Machine Learning Intro,Pandas,Beginner,4.34,7
9775,Deep Learning Fundamentals,Deep Learning,Beginner,3.2,15
9776,Machine Learning Intro,Data Analysis,Beginner,4.01,9
9777,SQL for Data Science,SQL,Advanced,3.41,19
9778,Data Visualization with Python,PyTorch,Advanced,3.21,5
9779,Machine Learning Intro,Pandas,Beginner,3.42,4
9780,Numpy Fundamentals,Pandas,Advanced,4.21,26
9781,Advanced Python,Pandas,Beginner,4.33,12
9782,TensorFlow Crash Course,Deep Learning,Advanced,4.34,27
9783,PyTorch for Deep Learning,NLP,Advanced,4.51,36
9784,PyTorch for Deep Learning,SQL,Beginner,3.15,13
9785,Neural Networks,TensorFlow,Advanced,3.11,14
9786,PyTorch for Deep Learning,NLP,Intermediate,3.99,40
9787,Neural Networks,Linear Algebra,Beginner,3.22,26
9788,Numpy Fundamentals,Statistics,Beginner,3.74,33
9789,Data Visualization with Python,Pandas,Beginner,3.32,24
9790,Data Visualization with Python,TensorFlow,Intermediate,3.4,32
9791,Machine Learning Intro,TensorFlow,Beginner,3.44,2
9792,Advanced Python,Data Visualization,Advanced,4.7,16
9793,SQL for Data Science,Statistics,Intermediate,3.85,11
9794,Natural Language Processing,Statistics,Beginner,4.45,5
9795,Statistics for Data Science,SQL,Intermediate,3.01,12
9796,Pandas for Data Analysis,TensorFlow,Intermediate,3.8,15
9797,Numpy Fundamentals,SQL,Intermediate,5.0,6
9798,SQL for Data Science,PyTorch,Intermediate,3.05,20
9799,Deep Learning Fundamentals,Numpy,Intermediate,3.22,40
9800,Advanced Python,Data Analysis,Beginner,4.34,20
9801,Machine Learning Intro,TensorFlow,Beginner,4.31,12
9802,Data Visualization with Python,Data Analysis,Advanced,3.93,28
9803,Python Basics,Deep Learning,Advanced,3.78,33
9804,Pandas for Data Analysis,Computer Vision,Beginner,3.16,13
9805,TensorFlow Crash Course,Linear Algebra,Beginner,4.88,33
9806,Neural Networks,Machine Learning,Beginner,3.59,36
9807,Numpy Fundamentals,Python,Intermediate,3.26,18
9808,Computer Vision Basics,Linear Algebra,Beginner,3.99,25
9809,Numpy Fundamentals,Statistics,Intermediate,4.4,10
9810,Statistics for Data Science,Data Analysis,Advanced,4.79,15
9811,TensorFlow Crash Course,Python,Advanced,4.31,4
9812,Numpy Fundamentals,Data Analysis,Advanced,3.74,38
9813,Computer Vision Basics,Machine Learning,Advanced,3.24,9
9814,Python Basics,Deep Learning,Intermediate,4.22,13
9815,Natural Language Processing,NLP,Intermediate,3.78,12
9816,Deep Learning Fundamentals,Python,Intermediate,3.16,13
9817,PyTorch for Deep Learning,TensorFlow,Intermediate,4.27,2
9818,Deep Learning Fundamentals,NLP,Intermediate,3.93,7
9819,Deep Learning Fundamentals,Linear Algebra,Intermediate,3.15,17
9820,Neural Networks,Computer Vision,Advanced,3.42,5
9821,Deep Learning Fundamentals,Linear Algebra,Beginner,3.93,11
9822,Statistics for Data Science,Pandas,Intermediate,4.33,9
9823,Statistics for Data Science,Machine Learning,Beginner,3.48,18
9824,Statistics for Data Science,PyTorch,Intermediate,3.61,33
9825,Neural Networks,SQL,Advanced,3.54,33
9826,Neural Networks,PyTorch,Intermediate,4.26,40
9827,PyTorch for Deep Learning,Python,Beginner,3.89,9
9828,Pandas for Data Analysis,SQL,Intermediate,3.17,12
9829,Statistics for Data Science,SQL,Advanced,4.68,6
9830,Pandas for Data Analysis,TensorFlow,Beginner,3.11,24
9831,TensorFlow Crash Course,Python,Intermediate,3.88,3
9832,TensorFlow Crash Course,Python,Beginner,4.91,36
9833,Neural Networks,PyTorch,Intermediate,4.1,7
9834,Python Basics,SQL,Advanced,3.25,10
9835,Neural Networks,Linear Algebra,Intermediate,4.89,5
9836,Numpy Fundamentals,NLP,Beginner,3.42,11
9837,Numpy Fundamentals,Numpy,Advanced,3.07,35
9838,PyTorch for Deep Learning,Data Analysis,Intermediate,4.01,4
9839,Statistics for Data Science,Linear Algebra,Beginner,4.88,35
9840,Natural Language Processing,Machine Learning,Beginner,3.04,25
9841,Python Basics,NLP,Intermediate,3.36,20
9842,SQL for Data Science,Python,Beginner,4.41,25
9843,Data Visualization with Python,TensorFlow,Beginner,4.01,11
9844,Natural Language Processing,NLP,Advanced,4.84,29
9845,SQL for Data Science,Machine Learning,Advanced,4.62,7
9846,Numpy Fundamentals,NLP,Beginner,3.21,3
9847,Python Basics,Data Analysis,Advanced,4.79,29
9848,Neural Networks,Pandas,Beginner,3.21,26
9849,Machine Learning Intro,TensorFlow,Advanced,4.02,24
9850,Data Visualization with Python,Data Analysis,Beginner,4.07,4
9851,Machine Learning Intro,Numpy,Beginner,4.95,21
9852,Natural Language Processing,Statistics,Beginner,4.45,31
9853,Machine Learning Intro,PyTorch,Intermediate,4.09,11
9854,Data Visualization with Python,TensorFlow,Intermediate,4.57,18
9855,Data Visualization with Python,PyTorch,Advanced,3.76,25
9856,Machine Learning Intro,SQL,Beginner,3.78,11
9857,Data Visualization with Python,Numpy,Intermediate,4.49,25
9858,PyTorch for Deep Learning,Numpy,Advanced,4.53,26
9859,Python Basics,Data Visualization,Advanced,4.29,8
9860,Data Visualization with Python,Machine Learning,Intermediate,4.03,38
9861,Pandas for Data Analysis,Numpy,Advanced,3.06,24
9862,Advanced Python,SQL,Advanced,4.01,35
9863,Machine Learning Intro,Pandas,Intermediate,3.64,15
9864,TensorFlow Crash Course,Data Analysis,Beginner,3.93,20
9865,Data Visualization with Python,Numpy,Beginner,3.67,14
9866,SQL for Data Science,Deep Learning,Advanced,3.39,13
9867,SQL for Data Science,Pandas,Intermediate,4.45,37
9868,Computer Vision Basics,Data Analysis,Beginner,3.53,11
9869,Machine Learning Intro,Statistics,Advanced,3.59,35
9870,Data Visualization with Python,Data Analysis,Advanced,3.05,30
9871,Neural Networks,Data Analysis,Beginner,3.29,38
9872,Statistics for Data Science,Data Analysis,Intermediate,3.14,8
9873,Python Basics,NLP,Advanced,3.84,23
9874,PyTorch for Deep Learning,Machine Learning,Intermediate,4.44,16
9875,Numpy Fundamentals,Deep Learning,Advanced,4.25,5
9876,PyTorch for Deep Learning,PyTorch,Beginner,3.35,3
9877,Statistics for Data Science,NLP,Intermediate,3.32,15
9878,Advanced Python,Data Analysis,Advanced,3.16,40
9879,Numpy Fundamentals,Deep Learning,Advanced,3.86,27
9880,PyTorch for Deep Learning,Numpy,Intermediate,4.66,37
9881,PyTorch for Deep Learning,Data Visualization,Intermediate,4.29,17
9882,TensorFlow Crash Course,Statistics,Beginner,4.81,12
9883,Pandas for Data Analysis,Machine Learning,Advanced,3.48,7
9884,SQL for Data Science,Machine Learning,Beginner,4.99,40
9885,PyTorch for Deep Learning,SQL,Beginner,3.8,40
9886,Data Visualization with Python,PyTorch,Advanced,4.72,26
9887,SQL for Data Science,Linear Algebra,Beginner,3.39,6
9888,Pandas for Data Analysis,Data Visualization,Advanced,4.15,29
9889,Statistics for Data Science,Statistics,Advanced,3.1,10
9890,Advanced Python,Python,Beginner,4.98,8
9891,PyTorch for Deep Learning,Deep Learning,Intermediate,3.53,35
9892,Python Basics,Linear Algebra,Advanced,3.55,27
9893,Statistics for Data Science,Statistics,Intermediate,4.86,34
9894,Pandas for Data Analysis,Linear Algebra,Advanced,3.15,22
9895,Advanced Python,NLP,Advanced,3.23,12
9896,Neural Networks,NLP,Advanced,4.45,2
9897,Natural Language Processing,Python,Advanced,3.51,2
9898,Data Visualization with Python,Statistics,Beginner,4.55,40
9899,Pandas for Data Analysis,Statistics,Advanced,4.24,14
9900,Deep Learning Fundamentals,Deep Learning,Advanced,3.26,28
9901,Data Visualization with Python,Data Analysis,Beginner,4.49,9
9902,Advanced Python,Deep Learning,Advanced,3.21,18
9903,Advanced Python,Data Analysis,Advanced,3.71,40
9904,Computer Vision Basics,Linear Algebra,Beginner,3.41,10
9905,Deep Learning Fundamentals,Data Visualization,Intermediate,4.55,38
9906,PyTorch for Deep Learning,Pandas,Beginner,4.01,12
9907,TensorFlow Crash Course,Linear Algebra,Beginner,4.64,40
9908,Pandas for Data Analysis,Python,Intermediate,3.89,28
9909,Advanced Python,Pandas,Advanced,4.97,18
9910,Statistics for Data Science,NLP,Beginner,4.39,38
9911,Neural Networks,Numpy,Intermediate,3.33,9
9912,Computer Vision Basics,Computer Vision,Advanced,3.04,7
9913,Numpy Fundamentals,Data Analysis,Beginner,4.87,30
9914,PyTorch for Deep Learning,Statistics,Intermediate,3.15,18
9915,Computer Vision Basics,Data Analysis,Beginner,3.56,31
9916,Advanced Python,Statistics,Advanced,3.19,9
9917,Python Basics,Linear Algebra,Beginner,3.6,12
9918,Data Visualization with Python,Computer Vision,Advanced,3.37,18
9919,Neural Networks,Numpy,Intermediate,4.86,22
9920,Natural Language Processing,PyTorch,Intermediate,3.99,32
9921,TensorFlow Crash Course,Python,Intermediate,3.49,17
9922,Advanced Python,Data Visualization,Advanced,4.25,9
9923,Advanced Python,PyTorch,Beginner,4.16,33
9924,PyTorch for Deep Learning,Linear Algebra,Advanced,3.95,40
9925,Neural Networks,Computer Vision,Beginner,4.96,32
9926,PyTorch for Deep Learning,PyTorch,Intermediate,4.37,2
9927,Pandas for Data Analysis,Python,Beginner,3.62,33
9928,Neural Networks,Machine Learning,Advanced,3.96,16
9929,SQL for Data Science,Machine Learning,Advanced,4.56,7
9930,Neural Networks,NLP,Intermediate,3.27,26
9931,Computer Vision Basics,Numpy,Intermediate,4.15,20
9932,Python Basics,Numpy,Advanced,4.2,9
9933,Statistics for Data Science,Data Visualization,Beginner,4.49,26
9934,PyTorch for Deep Learning,Machine Learning,Intermediate,4.17,16
9935,Statistics for Data Science,Deep Learning,Advanced,4.55,33
9936,Deep Learning Fundamentals,Statistics,Beginner,4.06,13
9937,Machine Learning Intro,Linear Algebra,Advanced,4.54,6
9938,Neural Networks,Data Visualization,Beginner,4.29,36
9939,Data Visualization with Python,Computer Vision,Beginner,4.43,30
9940,Numpy Fundamentals,Data Visualization,Beginner,3.44,5
9941,Data Visualization with Python,Data Analysis,Intermediate,4.04,36
9942,Machine Learning Intro,SQL,Advanced,3.46,25
9943,Advanced Python,Numpy,Intermediate,4.96,38
9944,Python Basics,Numpy,Advanced,4.67,4
9945,Deep Learning Fundamentals,TensorFlow,Advanced,3.65,14
9946,Numpy Fundamentals,Statistics,Advanced,4.51,9
9947,Data Visualization with Python,Data Analysis,Advanced,4.18,15
9948,Advanced Python,Deep Learning,Intermediate,3.29,18
9949,Advanced Python,Data Analysis,Advanced,3.33,12
9950,Pandas for Data Analysis,Linear Algebra,Advanced,4.14,28
9951,Data Visualization with Python,Numpy,Beginner,4.06,26
9952,Python Basics,Statistics,Beginner,4.09,40
9953,Natural Language Processing,Statistics,Beginner,4.32,12
9954,Natural Language Processing,Python,Beginner,3.78,37
9955,PyTorch for Deep Learning,Data Analysis,Beginner,3.04,33
9956,Python Basics,Data Analysis,Advanced,3.09,40
9957,Computer Vision Basics,Deep Learning,Beginner,4.71,30
9958,Numpy Fundamentals,TensorFlow,Advanced,3.56,29
9959,TensorFlow Crash Course,Deep Learning,Beginner,3.04,9
9960,TensorFlow Crash Course,Machine Learning,Intermediate,3.29,7
9961,Python Basics,PyTorch,Intermediate,3.57,19
9962,Numpy Fundamentals,Data Analysis,Advanced,3.26,21
9963,Python Basics,Python,Advanced,3.64,2
9964,Pandas for Data Analysis,NLP,Intermediate,3.33,4
9965,Machine Learning Intro,Computer Vision,Advanced,3.71,28
9966,TensorFlow Crash Course,Computer Vision,Advanced,4.03,3
9967,PyTorch for Deep Learning,Data Visualization,Beginner,4.84,39
9968,Neural Networks,NLP,Beginner,4.84,28
9969,Pandas for Data Analysis,TensorFlow,Advanced,4.07,13
9970,Statistics for Data Science,Statistics,Advanced,3.4,36
9971,Numpy Fundamentals,Data Visualization,Beginner,4.48,34
9972,Deep Learning Fundamentals,NLP,Beginner,3.34,34
9973,Machine Learning Intro,Numpy,Beginner,3.23,17
9974,Computer Vision Basics,Deep Learning,Beginner,4.51,29
9975,Statistics for Data Science,Machine Learning,Advanced,3.9,29
9976,TensorFlow Crash Course,Data Visualization,Intermediate,4.21,25
9977,Advanced Python,SQL,Advanced,4.64,11
9978,Advanced Python,SQL,Advanced,3.97,39
9979,Statistics for Data Science,Data Analysis,Advanced,3.73,34
9980,Data Visualization with Python,Deep Learning,Beginner,4.43,26
9981,Natural Language Processing,PyTorch,Beginner,4.53,37
9982,Natural Language Processing,Numpy,Advanced,4.77,21
9983,Natural Language Processing,Pandas,Beginner,3.95,12
9984,PyTorch for Deep Learning,NLP,Beginner,4.45,19
9985,TensorFlow Crash Course,PyTorch,Advanced,4.89,15
9986,Python Basics,Python,Beginner,4.94,35
9987,Statistics for Data Science,Data Analysis,Beginner,3.77,11
9988,PyTorch for Deep Learning,Computer Vision,Intermediate,3.01,14
9989,Advanced Python,Pandas,Intermediate,4.19,23
9990,Statistics for Data Science,Data Analysis,Intermediate,3.72,22
9991,PyTorch for Deep Learning,Data Analysis,Intermediate,4.37,31
9992,Data Visualization with Python,Deep Learning,Intermediate,3.11,25
9993,TensorFlow Crash Course,Data Visualization,Intermediate,4.85,33
9994,PyTorch for Deep Learning,TensorFlow,Beginner,4.56,29
9995,Computer Vision Basics,Numpy,Advanced,3.99,7
9996,Data Visualization with Python,Python,Intermediate,3.1,37
9997,Data Visualization with Python,Data Analysis,Intermediate,3.54,28
9998,Deep Learning Fundamentals,PyTorch,Beginner,4.2,31
9999,Computer Vision Basics,Pandas,Beginner,3.07,24
